id_review,caption,relative_date,retrieval_date,rating,username,n_review_user,n_photo_user,url_user
ChZDSUhNMG9nS0VJQ0FnSUNCcHBIemNREAE,,a month ago,2023-02-02 22:00:02.910104,5.0,AAdi Kharade,0,0,https://www.google.com/maps/contrib/100941603991893136805/reviews?hl=en-US
ChdDSUhNMG9nS0VJQ0FnSUNCc3VXN3NnRRAB,,a month ago,2023-02-02 22:00:02.911670,5.0,Sushil Solanke,0,0,https://www.google.com/maps/contrib/105631096794779575193/reviews?hl=en-US
ChdDSUhNMG9nS0VJQ0FnSUNnb05MQl9nRRAB,Good service,a month ago,2023-02-02 22:00:02.913145,4.0,Parmeet chhabda,0,0,https://www.google.com/maps/contrib/104436305742965565713/reviews?hl=en-US
ChdDSUhNMG9nS0VJQ0FnSUQtX0lidXZ3RRAB,,2 months ago,2023-02-02 22:00:02.914610,1.0,Sanjay Sharma,0,0,https://www.google.com/maps/contrib/109769602226545560990/reviews?hl=en-US
ChdDSUhNMG9nS0VJQ0FnSUQtOEsyWTFRRRAB,This is a Historical please lot of time visit this please,2 months ago,2023-02-02 22:00:02.916220,5.0,PRASHANT Daud,0,0,https://www.google.com/maps/contrib/116046951760806714100/reviews?hl=en-US
ChZDSUhNMG9nS0VJQ0FnSUMtaC1ta0hnEAE,,2 months ago,2023-02-02 22:00:02.917582,4.0,Avinash Nishad,0,0,https://www.google.com/maps/contrib/114479443172097629212/reviews?hl=en-US
ChdDSUhNMG9nS0VJQ0FnSURlemV2aTN3RRAB,,3 months ago,2023-02-02 22:00:02.918923,5.0,neeraj punjabi,0,0,https://www.google.com/maps/contrib/116468604070802337644/reviews?hl=en-US
ChdDSUhNMG9nS0VJQ0FnSURlNGJyYmdRRRAB,,3 months ago,2023-02-02 22:00:02.920316,4.0,Rahul Katare,0,0,https://www.google.com/maps/contrib/116698233465515704936/reviews?hl=en-US
ChdDSUhNMG9nS0VJQ0FnSURlNUpyQy1BRRAB,,3 months ago,2023-02-02 22:00:02.921639,5.0,Bhavesh Mankani,0,0,https://www.google.com/maps/contrib/102792238934932322869/reviews?hl=en-US
ChdDSUhNMG9nS0VJQ0FnSUNlbnEyR2xnRRAB,,4 months ago,2023-02-02 22:00:02.923014,4.0,Paras Amrutlal Patni,0,0,https://www.google.com/maps/contrib/112052172365898592178/reviews?hl=en-US
ChZDSUhNMG9nS0VJQ0FnSUNlcXFySlZBEAE,Good,4 months ago,2023-02-02 22:00:09.493474,4.0,Om Singh,0,0,https://www.google.com/maps/contrib/104774956793067146420/reviews?hl=en-US
ChZDSUhNMG9nS0VJQ0FnSUNnc1BmSUFREAE,,4 months ago,2023-02-02 22:00:09.494896,2.0,ashutosh ahuja,0,0,https://www.google.com/maps/contrib/104854248270390013243/reviews?hl=en-US
ChZDSUhNMG9nS0VJQ0FnSUNlZ3VQRkxnEAE,,4 months ago,2023-02-02 22:00:09.496210,1.0,किशोर दौगे,0,0,https://www.google.com/maps/contrib/117702852955914035342/reviews?hl=en-US
ChdDSUhNMG9nS0VJQ0FnSUR1XzVxWXdBRRAB,,4 months ago,2023-02-02 22:00:09.497473,5.0,K.K PATIL official,0,0,https://www.google.com/maps/contrib/118217577687126519506/reviews?hl=en-US
ChZDSUhNMG9nS0VJQ0FnSUR1d18tT1RnEAE,,5 months ago,2023-02-02 22:00:09.498832,5.0,Mahesh Salunke,0,0,https://www.google.com/maps/contrib/118439099441293368413/reviews?hl=en-US
ChZDSUhNMG9nS0VJQ0FnSUN1dTRMOFR3EAE,,5 months ago,2023-02-02 22:00:09.500134,5.0,Charan Rajput,0,0,https://www.google.com/maps/contrib/102495309620597264271/reviews?hl=en-US
ChdDSUhNMG9nS0VJQ0FnSUN1MDV2TF9RRRAB,,5 months ago,2023-02-02 22:00:09.501404,4.0,Sanjay Rathod,0,0,https://www.google.com/maps/contrib/103231863106298355538/reviews?hl=en-US
ChdDSUhNMG9nS0VJQ0FnSUN1amNQbzJ3RRAB,It's amazing,5 months ago,2023-02-02 22:00:09.502723,5.0,deepak nagar,0,0,https://www.google.com/maps/contrib/110210755517402306378/reviews?hl=en-US
ChRDSUhNMG9nS0VJQ0FnSUN1bFpFZxAB,,6 months ago,2023-02-02 22:00:09.504041,4.0,Balu Lokhande,0,0,https://www.google.com/maps/contrib/112102126459914829545/reviews?hl=en-US
ChZDSUhNMG9nS0VJQ0FnSUN1MHNmaGNBEAE,,6 months ago,2023-02-02 22:00:09.505313,5.0,Nishant Sharma (Michael),0,0,https://www.google.com/maps/contrib/116186239680325758381/reviews?hl=en-US
ChZDSUhNMG9nS0VJQ0FnSUN1elBpclpBEAE,श्री छत्रपती संभाजीनगर  (Translated by Google) Shri Chhatrapati Sambhajinagar,6 months ago,2023-02-02 22:00:16.560606,5.0,Sachin karpe patil,0,0,https://www.google.com/maps/contrib/112071362485371810866/reviews?hl=en-US
ChdDSUhNMG9nS0VJQ0FnSUN1dU15SHZBRRAB,Best to visit in rainy season.the it is amazing place to visit,6 months ago,2023-02-02 22:00:16.562828,4.0,Omkar Kadam,0,0,https://www.google.com/maps/contrib/105542569704382404526/reviews?hl=en-US
ChdDSUhNMG9nS0VJQ0FnSURPdThPTm5nRRAB,Ajanta and Ellora caves are considered to be one of the most important tourist destinations in the world owing to the magnificent paintings of Ajanta and well-carved sculptures of Ellora. The rock-cut caves containing carvings are the …,6 months ago,2023-02-02 22:00:16.565074,5.0,Himangshu,0,0,https://www.google.com/maps/contrib/103928406316461411171/reviews?hl=en-US
ChdDSUhNMG9nS0VJQ0FnSURPeU56WXFnRRAB,,7 months ago,2023-02-02 22:00:16.567409,1.0,Jayant Sahu,0,0,https://www.google.com/maps/contrib/111779474317945481420/reviews?hl=en-US
ChdDSUhNMG9nS0VJQ0FnSUNPbDhuVHNBRRAB,,7 months ago,2023-02-02 22:00:16.569646,5.0,JAGDEEP NARANG,0,0,https://www.google.com/maps/contrib/107693788240590042011/reviews?hl=en-US
ChdDSUhNMG9nS0VJQ0FnSUQyMzc2Wi1nRRAB,,8 months ago,2023-02-02 22:00:16.571898,5.0,Mahavir Parakh,0,0,https://www.google.com/maps/contrib/111292522748869254770/reviews?hl=en-US
ChdDSUhNMG9nS0VJQ0FnSUQyeXBpVG5BRRAB,Its amazing by the Hindu ancient architecture .🙏🙏 …,8 months ago,2023-02-02 22:00:16.574209,5.0,Shyama Prasad Kanu,0,0,https://www.google.com/maps/contrib/112046098418196493026/reviews?hl=en-US
ChdDSUhNMG9nS0VJQ0FnSUQyM091TnJ3RRAB,,8 months ago,2023-02-02 22:00:16.576399,5.0,Ashok Nimbore,0,0,https://www.google.com/maps/contrib/105120254170268208578/reviews?hl=en-US
ChZDSUhNMG9nS0VJQ0FnSUQybUp5NGNBEAE,Nice place,8 months ago,2023-02-02 22:00:16.578659,5.0,Lokesh Soohinda,0,0,https://www.google.com/maps/contrib/106410432576762231403/reviews?hl=en-US
ChZDSUhNMG9nS0VJQ0FnSUMyMXQ3QllBEAE,It's nice place,9 months ago,2023-02-02 22:00:16.581353,5.0,SANDEEP GUPTA,0,0,https://www.google.com/maps/contrib/113339194171352480821/reviews?hl=en-US
ChdDSUhNMG9nS0VJQ0FnSUMycU4yc193RRAB,The best thing,9 months ago,2023-02-02 22:00:23.997405,2.0,Chirag Padvi,0,0,https://www.google.com/maps/contrib/110307921616587388084/reviews?hl=en-US
ChZDSUhNMG9nS0VJQ0FnSURXaTdxSVF3EAE,,9 months ago,2023-02-02 22:00:23.998937,4.0,RAHUL AMBHORE,0,0,https://www.google.com/maps/contrib/111692112686670331384/reviews?hl=en-US
ChZDSUhNMG9nS0VJQ0FnSURXb1pqLUx3EAE,,10 months ago,2023-02-02 22:00:24.000349,3.0,Siddheshwar Patil,0,0,https://www.google.com/maps/contrib/111111091883765978892/reviews?hl=en-US
ChZDSUhNMG9nS0VJQ0FnSURXMXBha0NnEAE,हमारे देश की प्राचीन काल की बहुत ही बेजोड कला से निर्मित मंदिर  (Translated by Google) …,10 months ago,2023-02-02 22:00:24.001737,3.0,kamlesh sharma,0,0,https://www.google.com/maps/contrib/103132176467893517192/reviews?hl=en-US
ChZDSUhNMG9nS0VJQ0FnSURXOFBMekt3EAE,,10 months ago,2023-02-02 22:00:24.003101,5.0,Nilesh Jadhav,0,0,https://www.google.com/maps/contrib/109866428163267785049/reviews?hl=en-US
ChZDSUhNMG9nS0VJQ0FnSUNXaU9DLWR3EAE,Nice service,11 months ago,2023-02-02 22:00:24.004491,5.0,Arfat Kadvekar,0,0,https://www.google.com/maps/contrib/103073634753619112088/reviews?hl=en-US
ChdDSUhNMG9nS0VJQ0FnSURtdl9lQXVRRRAB,"Prompt , Safe and professional",11 months ago,2023-02-02 22:00:24.005889,5.0,Rohan Desai,0,0,https://www.google.com/maps/contrib/110712990375831783666/reviews?hl=en-US
ChZDSUhNMG9nS0VJQ0FnSURtbWR5b0tBEAE,,a year ago,2023-02-02 22:00:24.007239,5.0,Sarita kanwar,0,0,https://www.google.com/maps/contrib/110606668839549037573/reviews?hl=en-US
ChZDSUhNMG9nS0VJQ0FnSURtOGR1Y2RBEAE,,a year ago,2023-02-02 22:00:24.008595,2.0,Amarpreet Muchal,0,0,https://www.google.com/maps/contrib/114322151053945519908/reviews?hl=en-US
ChdDSUhNMG9nS0VJQ0FnSURtMkpLd3Z3RRAB,"Best in Marathwada region , Highly reliable and Timely Service with Clean sanitized cabs n well mannered professional Chaufers",a year ago,2023-02-02 22:00:24.011065,5.0,Rohan Desai,0,0,https://www.google.com/maps/contrib/103518234907302197071/reviews?hl=en-US
ChdDSUhNMG9nS0VJQ0FnSURtNEltRV9RRRAB,Excellent painting and management of caves,a year ago,2023-02-02 22:00:31.471283,5.0,Kshitij Choudhari,0,0,https://www.google.com/maps/contrib/117813839409219798005/reviews?hl=en-US
ChZDSUhNMG9nS0VJQ0FnSUNteG9tamVnEAE,,a year ago,2023-02-02 22:00:31.472718,5.0,Deepak More,0,0,https://www.google.com/maps/contrib/112886365013442292681/reviews?hl=en-US
ChZDSUhNMG9nS0VJQ0FnSUNtcUx1T1NnEAE,,a year ago,2023-02-02 22:00:31.473974,5.0,chand Patil,0,0,https://www.google.com/maps/contrib/104444421322929869606/reviews?hl=en-US
ChdDSUhNMG9nS0VJQ0FnSURHcGRqYm93RRAB,,a year ago,2023-02-02 22:00:31.475120,1.0,Deepak Kumar,0,0,https://www.google.com/maps/contrib/100266730829028104156/reviews?hl=en-US
ChZDSUhNMG9nS0VJQ0FnSURHMmZHZVhnEAE,Nice place Must visit in winters,a year ago,2023-02-02 22:00:31.476371,5.0,Yogendar Singh,0,0,https://www.google.com/maps/contrib/106135682504055397070/reviews?hl=en-US
ChZDSUhNMG9nS0VJQ0FnSURHMGM3ekZnEAE,ajayAjayBhil 749843045720019,a year ago,2023-02-02 22:00:31.477567,5.0,ajay AjayBhil,0,0,https://www.google.com/maps/contrib/106340074412961646191/reviews?hl=en-US
ChZDSUhNMG9nS0VJQ0FnSURHekphaUdnEAE,,a year ago,2023-02-02 22:00:31.478796,3.0,Sohil_ Gvt,0,0,https://www.google.com/maps/contrib/100457860669953136053/reviews?hl=en-US
ChdDSUhNMG9nS0VJQ0FnSURHeFB1ZHBnRRAB,That is my uncle's dog,a year ago,2023-02-02 22:00:31.480060,2.0,Kumara Dharmapriya,0,0,https://www.google.com/maps/contrib/110181484212707943303/reviews?hl=en-US
ChZDSUhNMG9nS0VJQ0FnSUNHel9hX0NnEAE,,a year ago,2023-02-02 22:00:31.481328,4.0,Siddhant Golechha,0,0,https://www.google.com/maps/contrib/114604885225505580954/reviews?hl=en-US
ChdDSUhNMG9nS0VJQ0FnSUNHMjh2c3VBRRAB,,a year ago,2023-02-02 22:00:31.482705,5.0,Feroz Khan,0,0,https://www.google.com/maps/contrib/103802831405380928888/reviews?hl=en-US
ChZDSUhNMG9nS0VJQ0FnSUNHaU9xOFNREAE,Excellent history of baudh Dharm India  (Translated by Google) Excellent history of Baudh Dharm India,a year ago,2023-02-02 22:00:39.547237,5.0,rajender manglaw,0,0,https://www.google.com/maps/contrib/108876481649518259101/reviews?hl=en-US
ChZDSUhNMG9nS0VJQ0FnSUNHZ09TakN3EAE,,a year ago,2023-02-02 22:00:39.549923,2.0,Anuraj Saste,0,0,https://www.google.com/maps/contrib/110511294809254568023/reviews?hl=en-US
ChZDSUhNMG9nS0VJQ0FnSUQ2bWRUMkZBEAE,,a year ago,2023-02-02 22:00:39.552409,5.0,Anjali karda,0,0,https://www.google.com/maps/contrib/100292438453280444296/reviews?hl=en-US
ChdDSUhNMG9nS0VJQ0FnSUQ2anRPbTNRRRAB,,a year ago,2023-02-02 22:00:39.556378,5.0,free fire lover lover,0,0,https://www.google.com/maps/contrib/100836521102437794128/reviews?hl=en-US
ChZDSUhNMG9nS0VJQ0FnSUQ2cHRhX05REAE,,a year ago,2023-02-02 22:00:39.564521,5.0,Akshay Shirsat,0,0,https://www.google.com/maps/contrib/104734722853031039838/reviews?hl=en-US
ChZDSUhNMG9nS0VJQ0FnSUQ2MHRHTmF3EAE,,a year ago,2023-02-02 22:00:39.568108,5.0,Bharat Rajput,0,0,https://www.google.com/maps/contrib/100523187728403992747/reviews?hl=en-US
ChdDSUhNMG9nS0VJQ0FnSUM2MDcyZTZnRRAB,,a year ago,2023-02-02 22:00:39.571002,5.0,Mohammad Vohra,0,0,https://www.google.com/maps/contrib/101376651273818916742/reviews?hl=en-US
ChZDSUhNMG9nS0VJQ0FnSUM2LXR5SWZREAE,,a year ago,2023-02-02 22:00:39.576726,5.0,Badal Jadhav,0,0,https://www.google.com/maps/contrib/117583655445798877500/reviews?hl=en-US
ChZDSUhNMG9nS0VJQ0FnSURheC1IdElREAE,,a year ago,2023-02-02 22:00:39.580304,5.0,Suresh Ganta,0,0,https://www.google.com/maps/contrib/108037244243775065313/reviews?hl=en-US
ChZDSUhNMG9nS0VJQ0FnSUNhdVlxbFlnEAE,,a year ago,2023-02-02 22:00:39.582489,5.0,Jyot Singh Khanna,0,0,https://www.google.com/maps/contrib/110843034063840761194/reviews?hl=en-US
ChZDSUhNMG9nS0VJQ0FnSUNhZ1ltYmRREAE,,a year ago,2023-02-02 22:00:46.679041,5.0,Namdev Kharabe,0,0,https://www.google.com/maps/contrib/103875421213334851450/reviews?hl=en-US
ChZDSUhNMG9nS0VJQ0FnSUNhMk5pS2JBEAE,I love the service it was quit good and help full,a year ago,2023-02-02 22:00:46.681369,5.0,DHIRAJ JAGTAP,0,0,https://www.google.com/maps/contrib/109448510657236906101/reviews?hl=en-US
ChdDSUhNMG9nS0VJQ0FnSUNhaUlTSjdRRRAB,,a year ago,2023-02-02 22:00:46.682924,5.0,A-57-Swapnil_Tayde,0,0,https://www.google.com/maps/contrib/115827553240030217930/reviews?hl=en-US
ChdDSUhNMG9nS0VJQ0FnSUNhOExmVzRnRRAB,,a year ago,2023-02-02 22:00:46.684437,4.0,Sandhya ramchandani,0,0,https://www.google.com/maps/contrib/104181349179275820148/reviews?hl=en-US
ChZDSUhNMG9nS0VJQ0FnSURxX3YzaElnEAE,,a year ago,2023-02-02 22:00:46.685838,5.0,OMKAR MORE,0,0,https://www.google.com/maps/contrib/113587505823620566327/reviews?hl=en-US
ChZDSUhNMG9nS0VJQ0FnSURxNHJESU93EAE,,a year ago,2023-02-02 22:00:46.687279,1.0,Vilas Jadhav,0,0,https://www.google.com/maps/contrib/103849308233684959374/reviews?hl=en-US
ChZDSUhNMG9nS0VJQ0FnSUN5cE1QX2FnEAE,,a year ago,2023-02-02 22:00:46.688737,1.0,Yash Choudhary,0,0,https://www.google.com/maps/contrib/106729260963004269386/reviews?hl=en-US
ChZDSUhNMG9nS0VJQ0FnSURLNS1fSWNnEAE,,a year ago,2023-02-02 22:00:46.690172,5.0,SAGAR PATIL,0,0,https://www.google.com/maps/contrib/109092691675343764698/reviews?hl=en-US
ChZDSUhNMG9nS0VJQ0FnSUNBMnVxNkZ3EAE,Well services,a year ago,2023-02-02 22:00:46.691687,2.0,Boby Ghode The Explorer,0,0,https://www.google.com/maps/contrib/115181556926790958224/reviews?hl=en-US
ChdDSUhNMG9nS0VJQ0FnSUNLai12ajRBRRAB,,a year ago,2023-02-02 22:00:46.693275,3.0,quraishi shoeb,0,0,https://www.google.com/maps/contrib/115006376833100011023/reviews?hl=en-US
ChdDSUhNMG9nS0VJQ0FnSUNLc2RqNDlRRRAB,,a year ago,2023-02-02 22:00:53.602821,4.0,sandhya agarwal,0,0,https://www.google.com/maps/contrib/107300650164612403145/reviews?hl=en-US
ChdDSUhNMG9nS0VJQ0FnSUNLcUxxVnN3RRAB,,a year ago,2023-02-02 22:00:53.604304,1.0,Raj Kuptekar,0,0,https://www.google.com/maps/contrib/106842457241521337327/reviews?hl=en-US
ChZDSUhNMG9nS0VJQ0FnSUR5ak5TaENREAE,(Translated by Google) Launch  (Original) Nise,a year ago,2023-02-02 22:00:53.605816,4.0,Omkar Sharma,0,0,https://www.google.com/maps/contrib/116986855792317027811/reviews?hl=en-US
ChdDSUhNMG9nS0VJQ0FnSUR5MU1hRGdRRRAB,"Its Historical place, And Art in Rocks will impress you. Privilege to know more details,  please visit once.",a year ago,2023-02-02 22:00:53.607329,5.0,Kalyani Gavali,0,0,https://www.google.com/maps/contrib/117993753696061719871/reviews?hl=en-US
ChZDSUhNMG9nS0VJQ0FnSUR5d1BUekR3EAE,,a year ago,2023-02-02 22:00:53.608815,5.0,Wood s County Sky,0,0,https://www.google.com/maps/contrib/111059743205914144357/reviews?hl=en-US
ChdDSUhNMG9nS0VJQ0FnSUN5dGRQbHdRRRAB,,a year ago,2023-02-02 22:00:53.610402,5.0,Rohit Bobade,0,0,https://www.google.com/maps/contrib/105598614416079352775/reviews?hl=en-US
ChZDSUhNMG9nS0VJQ0FnSURTMWU3S2JnEAE,Nice place to visit.,2 years ago,2023-02-02 22:00:53.611891,4.0,Vishnu Upadhyay,0,0,https://www.google.com/maps/contrib/113312980946878821340/reviews?hl=en-US
ChdDSUhNMG9nS0VJQ0FnSURTdWNQOTN3RRAB,,2 years ago,2023-02-02 22:00:53.613963,5.0,Shivraj Khamkar,0,0,https://www.google.com/maps/contrib/107226080334839027686/reviews?hl=en-US
ChdDSUhNMG9nS0VJQ0FnSUNTa0tmMzdnRRAB,,2 years ago,2023-02-02 22:00:53.615616,4.0,saurabh sharma,0,0,https://www.google.com/maps/contrib/114404071642736301586/reviews?hl=en-US
ChZDSUhNMG9nS0VJQ0FnSUNTZ08zV2Z3EAE,,2 years ago,2023-02-02 22:00:53.617033,2.0,ravi mangaramani,0,0,https://www.google.com/maps/contrib/104330415020744704370/reviews?hl=en-US
ChdDSUhNMG9nS0VJQ0FnSURpMGZYdXpBRRAB,,2 years ago,2023-02-02 22:01:00.672521,4.0,kalpesh kathar,0,0,https://www.google.com/maps/contrib/102601131014748083360/reviews?hl=en-US
ChZDSUhNMG9nS0VJQ0FnSURDdDdDVWVREAE,,2 years ago,2023-02-02 22:01:00.673881,5.0,Nilesh Salve,0,0,https://www.google.com/maps/contrib/102676709485062892801/reviews?hl=en-US
ChdDSUhNMG9nS0VJQ0FnSURjd3RYZjNnRRAB,,2 years ago,2023-02-02 22:01:00.675281,4.0,Shahed Patel,0,0,https://www.google.com/maps/contrib/111746201479108810691/reviews?hl=en-US
ChZDSUhNMG9nS0VJQ0FnSURjek5lN1d3EAE,Nice,2 years ago,2023-02-02 22:01:00.676613,1.0,Rohit Kolage,0,0,https://www.google.com/maps/contrib/102130008884298363755/reviews?hl=en-US
ChdDSUhNMG9nS0VJQ0FnSURjelB5ZHF3RRAB,,2 years ago,2023-02-02 22:01:00.678007,1.0,Sakshith Shetty,0,0,https://www.google.com/maps/contrib/104322604542454808186/reviews?hl=en-US
ChdDSUhNMG9nS0VJQ0FnSURjbEtXbHJ3RRAB,,2 years ago,2023-02-02 22:01:00.679367,5.0,sachin dupade,0,0,https://www.google.com/maps/contrib/109254640361112885702/reviews?hl=en-US
ChdDSUhNMG9nS0VJQ0FnSURjd015cWh3RRAB,,2 years ago,2023-02-02 22:01:00.680773,4.0,sahil sonone,0,0,https://www.google.com/maps/contrib/110793309360115789196/reviews?hl=en-US
ChZDSUhNMG9nS0VJQ0FnSUNjbzV5QkZ3EAE,Indian history,2 years ago,2023-02-02 22:01:00.682096,5.0,GUNWANT GAWALI,0,0,https://www.google.com/maps/contrib/104130647725567458839/reviews?hl=en-US
ChZDSUhNMG9nS0VJQ0FnSUNjN1lqX1pnEAE,I don't know about taxi service but caves are awesome...,2 years ago,2023-02-02 22:01:00.683480,5.0,Sam Tarpe,0,0,https://www.google.com/maps/contrib/100277705046041528105/reviews?hl=en-US
ChdDSUhNMG9nS0VJQ0FnSUNjclpqZXhBRRAB,very nice,2 years ago,2023-02-02 22:01:00.684887,5.0,Avinash Kude,0,0,https://www.google.com/maps/contrib/104750511513375507905/reviews?hl=en-US
ChZDSUhNMG9nS0VJQ0FnSUNjMVo2eFRBEAE,A Must Visit place Fir tourism,2 years ago,2023-02-02 22:01:08.310553,5.0,Rohan Gurubhaiye,0,0,https://www.google.com/maps/contrib/102094505155116416175/reviews?hl=en-US
ChdDSUhNMG9nS0VJQ0FnSUNjeGNidHNnRRAB,,2 years ago,2023-02-02 22:01:08.312095,5.0,prajakta deshpande,0,0,https://www.google.com/maps/contrib/107662232098091115262/reviews?hl=en-US
ChdDSUhNMG9nS0VJQ0FnSUNjLWJXc3FBRRAB,,2 years ago,2023-02-02 22:01:08.313492,4.0,rohan kapdi,0,0,https://www.google.com/maps/contrib/108711563575803629701/reviews?hl=en-US
ChdDSUhNMG9nS0VJQ0FnSUNjNmZ2eG93RRAB,,2 years ago,2023-02-02 22:01:08.315010,5.0,DILIP BALAPURE,0,0,https://www.google.com/maps/contrib/114490618309051077805/reviews?hl=en-US
ChdDSUhNMG9nS0VJQ0FnSUNjeWFEZXlnRRAB,,2 years ago,2023-02-02 22:01:08.316469,4.0,SGC Digital,0,0,https://www.google.com/maps/contrib/100853454529635977945/reviews?hl=en-US
ChZDSUhNMG9nS0VJQ0FnSURzcWFHdlpBEAE,,2 years ago,2023-02-02 22:01:08.317961,5.0,Vinayak Kalaskar,0,0,https://www.google.com/maps/contrib/104107895886453001572/reviews?hl=en-US
ChZDSUhNMG9nS0VJQ0FnSURzM3FxS0ZBEAE,,2 years ago,2023-02-02 22:01:08.319416,5.0,Mohammad Shahanawaz,0,0,https://www.google.com/maps/contrib/116814950237053264828/reviews?hl=en-US
ChdDSUhNMG9nS0VJQ0FnSURzdXVUWnVnRRAB,,2 years ago,2023-02-02 22:01:08.320935,5.0,kumar kasireddy,0,0,https://www.google.com/maps/contrib/110396457350687335652/reviews?hl=en-US
ChdDSUhNMG9nS0VJQ0FnSURzaXZuZHdBRRAB,,2 years ago,2023-02-02 22:01:08.322334,4.0,Deepak Gavande,0,0,https://www.google.com/maps/contrib/105079112404214257177/reviews?hl=en-US
ChdDSUhNMG9nS0VJQ0FnSURzOHFTeXdBRRAB,,2 years ago,2023-02-02 22:01:08.323822,5.0,Laukik Ajmera,0,0,https://www.google.com/maps/contrib/101902401927982459287/reviews?hl=en-US
ChRDSUhNMG9nS0VJQ0FnSURza3VVThAB,,2 years ago,2023-02-02 22:01:15.375290,3.0,Dhawal Sawant,0,0,https://www.google.com/maps/contrib/116106642317199334545/reviews?hl=en-US
ChdDSUhNMG9nS0VJQ0FnSURzb3ZmaTVRRRAB,very good place,2 years ago,2023-02-02 22:01:15.376729,5.0,ganesh kavhar,0,0,https://www.google.com/maps/contrib/108241950756707066774/reviews?hl=en-US
ChZDSUhNMG9nS0VJQ0FnSURzbFBYSFp3EAE,,2 years ago,2023-02-02 22:01:15.378112,5.0,Prithvi Meghani,0,0,https://www.google.com/maps/contrib/102812095516418844243/reviews?hl=en-US
ChdDSUhNMG9nS0VJQ0FnSURzNU1ULTJBRRAB,,2 years ago,2023-02-02 22:01:15.379538,5.0,Vaishnavi bade,0,0,https://www.google.com/maps/contrib/107689388987443132347/reviews?hl=en-US
ChZDSUhNMG9nS0VJQ0FnSURzcFB1QVpREAE,,2 years ago,2023-02-02 22:01:15.380895,5.0,Pawan Narwade,0,0,https://www.google.com/maps/contrib/105370872550157230768/reviews?hl=en-US
ChZDSUhNMG9nS0VJQ0FnSUNzMl9pWEJREAE,Good place,2 years ago,2023-02-02 22:01:15.382198,4.0,Jalindar Zolekar,0,0,https://www.google.com/maps/contrib/102550987854766210459/reviews?hl=en-US
ChdDSUhNMG9nS0VJQ0FnSUNzaTRDaHNRRRAB,,2 years ago,2023-02-02 22:01:15.383495,5.0,Ritesh Godha,0,0,https://www.google.com/maps/contrib/107106492198609921373/reviews?hl=en-US
ChdDSUhNMG9nS0VJQ0FnSUNzX2VqT21nRRAB,Goo,2 years ago,2023-02-02 22:01:15.384824,4.0,Vicky Thakur,0,0,https://www.google.com/maps/contrib/104158384263008274122/reviews?hl=en-US
ChZDSUhNMG9nS0VJQ0FnSUNzdmZPVVlBEAE,,2 years ago,2023-02-02 22:01:15.386127,5.0,Lakhan Bhujbal,0,0,https://www.google.com/maps/contrib/109904679331938970400/reviews?hl=en-US
ChZDSUhNMG9nS0VJQ0FnSUNzemJIV1B3EAE,,2 years ago,2023-02-02 22:01:15.387461,5.0,Shruti Jawale,0,0,https://www.google.com/maps/contrib/105458526071158086346/reviews?hl=en-US
ChdDSUhNMG9nS0VJQ0FnSUNzMGVYazFnRRAB,,2 years ago,2023-02-02 22:01:23.837200,5.0,Nitin Pandit,0,0,https://www.google.com/maps/contrib/101287553830701074803/reviews?hl=en-US
ChZDSUhNMG9nS0VJQ0FnSUNzdHBycGRREAE,,3 years ago,2023-02-02 22:01:23.839043,5.0,AGNIMALLA SAI TEJA,0,0,https://www.google.com/maps/contrib/101742658365668091644/reviews?hl=en-US
ChZDSUhNMG9nS0VJQ0FnSUNzNnNhTmFnEAE,It was good experience  good service too.,3 years ago,2023-02-02 22:01:23.840838,3.0,Pratik Hiwrale,0,0,https://www.google.com/maps/contrib/102813437951464141200/reviews?hl=en-US
ChZDSUhNMG9nS0VJQ0FnSUNzN043UkFREAE,,3 years ago,2023-02-02 22:01:23.842918,2.0,Pankaj Jadhav,0,0,https://www.google.com/maps/contrib/101888850957824499562/reviews?hl=en-US
ChZDSUhNMG9nS0VJQ0FnSUNzeEpiT1J3EAE,,3 years ago,2023-02-02 22:01:23.844674,5.0,sanaki khopdi and newspaper,0,0,https://www.google.com/maps/contrib/102653976633802408298/reviews?hl=en-US
ChdDSUhNMG9nS0VJQ0FnSUNzaU5YRF9BRRAB,,3 years ago,2023-02-02 22:01:23.847279,5.0,Sushil Jaybhay,0,0,https://www.google.com/maps/contrib/103048135196974208968/reviews?hl=en-US
ChdDSUhNMG9nS0VJQ0FnSUNzZ0l1NF9nRRAB,,3 years ago,2023-02-02 22:01:23.850663,5.0,sumit patel,0,0,https://www.google.com/maps/contrib/106680175699900059010/reviews?hl=en-US
ChZDSUhNMG9nS0VJQ0FnSURNZzh2cU13EAE,Praud to be an indian if you see that our people has created historical place.. Nice architecture.. Visit once,3 years ago,2023-02-02 22:01:23.852964,5.0,Parikshit Ahir,0,0,https://www.google.com/maps/contrib/105935726404669134629/reviews?hl=en-US
ChZDSUhNMG9nS0VJQ0FnSURNM2ItM1pBEAE,,3 years ago,2023-02-02 22:01:23.855171,5.0,Nirmiti Insurance Services Pandurang Nagre,0,0,https://www.google.com/maps/contrib/100873904209354430070/reviews?hl=en-US
ChdDSUhNMG9nS0VJQ0FnSURNdGE3eXVBRRAB,,3 years ago,2023-02-02 22:01:23.856832,3.0,vishwambhar bhosale,0,0,https://www.google.com/maps/contrib/115623675428223348147/reviews?hl=en-US
ChdDSUhNMG9nS0VJQ0FnSURNMWNucy1BRRAB,,3 years ago,2023-02-02 22:01:31.286219,5.0,zakir khan,0,0,https://www.google.com/maps/contrib/113010349565944312058/reviews?hl=en-US
ChZDSUhNMG9nS0VJQ0FnSURNbGJyLUtBEAE,,3 years ago,2023-02-02 22:01:31.287599,4.0,Mohsin Shaikh,0,0,https://www.google.com/maps/contrib/101295084534538485224/reviews?hl=en-US
ChdDSUhNMG9nS0VJQ0FnSURNNVlxaWlBRRAB,,3 years ago,2023-02-02 22:01:31.289123,3.0,Rohit Deshpande,0,0,https://www.google.com/maps/contrib/103229142560627065799/reviews?hl=en-US
ChdDSUhNMG9nS0VJQ0FnSUNRaHBpR2tBRRAB,,3 years ago,2023-02-02 22:01:31.290615,1.0,shridhar garde,0,0,https://www.google.com/maps/contrib/108294247536679064180/reviews?hl=en-US
ChdDSUhNMG9nS0VJQ0FnSURNcXZ5M3VBRRAB,,3 years ago,2023-02-02 22:01:31.292033,5.0,Parminder singh,0,0,https://www.google.com/maps/contrib/116610108952634272972/reviews?hl=en-US
ChZDSUhNMG9nS0VJQ0FnSURNaXNMVGZREAE,,3 years ago,2023-02-02 22:01:31.293299,5.0,Mahesh Chavan,0,0,https://www.google.com/maps/contrib/104610332617270428390/reviews?hl=en-US
ChdDSUhNMG9nS0VJQ0FnSURNOHZmbjl3RRAB,,3 years ago,2023-02-02 22:01:31.294564,5.0,shaikh zaheer,0,0,https://www.google.com/maps/contrib/102566915820155670235/reviews?hl=en-US
ChdDSUhNMG9nS0VJQ0FnSUNNbl9QWTBRRRAB,,3 years ago,2023-02-02 22:01:31.296066,3.0,Syed Mahi,0,0,https://www.google.com/maps/contrib/111768977426536966040/reviews?hl=en-US
ChZDSUhNMG9nS0VJQ0FnSUNNbjlxT2F3EAE,,3 years ago,2023-02-02 22:01:31.297641,5.0,Shirish Kamble,0,0,https://www.google.com/maps/contrib/112959606061728625390/reviews?hl=en-US
ChdDSUhNMG9nS0VJQ0FnSUNNdV9fTnFBRRAB,Nice,3 years ago,2023-02-02 22:01:31.299097,5.0,Ganesh Bhalekar,0,0,https://www.google.com/maps/contrib/111598277558757519878/reviews?hl=en-US
ChZDSUhNMG9nS0VJQ0FnSUNNMjllT1NnEAE,Good,3 years ago,2023-02-02 22:01:38.689647,5.0,Kishor Shejwal,0,0,https://www.google.com/maps/contrib/108427828649367224373/reviews?hl=en-US
ChdDSUhNMG9nS0VJQ0FnSUNNaTZiTXZ3RRAB,,3 years ago,2023-02-02 22:01:38.691703,5.0,Sunil Sonawne,0,0,https://www.google.com/maps/contrib/106217945843347402359/reviews?hl=en-US
ChdDSUhNMG9nS0VJQ0FnSUNNcy1iUTVnRRAB,World heritage Amazing palace for natural architectureship in 4 bc. Buddhisht Monuments.,3 years ago,2023-02-02 22:01:38.694882,5.0,Rahul Mhaske,0,0,https://www.google.com/maps/contrib/100567642321324473058/reviews?hl=en-US
ChdDSUhNMG9nS0VJQ0FnSUNNb19yMDRBRRAB,Just amazing ....,3 years ago,2023-02-02 22:01:38.696849,4.0,Sarang Mantri,0,0,https://www.google.com/maps/contrib/111694659160292725795/reviews?hl=en-US
ChZDSUhNMG9nS0VJQ0FnSUNNX2VIdkVBEAE,mistress kailash temple,3 years ago,2023-02-02 22:01:38.698712,5.0,Bhagwat Kolkar,0,0,https://www.google.com/maps/contrib/114976736779060849477/reviews?hl=en-US
ChZDSUhNMG9nS0VJQ0FnSUNNamVYNGVREAE,,3 years ago,2023-02-02 22:01:38.700424,3.0,Baliram Ekhande,0,0,https://www.google.com/maps/contrib/105206362667427755070/reviews?hl=en-US
ChdDSUhNMG9nS0VJQ0FnSUNNdGZqV3pBRRAB,,3 years ago,2023-02-02 22:01:38.702186,4.0,Amol bhagat,0,0,https://www.google.com/maps/contrib/113093792749682656399/reviews?hl=en-US
ChZDSUhNMG9nS0VJQ0FnSUNNNmRpR0VREAE,,3 years ago,2023-02-02 22:01:38.704163,3.0,Kalpita Patel,0,0,https://www.google.com/maps/contrib/106275293611499906868/reviews?hl=en-US
ChZDSUhNMG9nS0VJQ0FnSUNNa1oyNENnEAE,Must visit place once in a lifetime,3 years ago,2023-02-02 22:01:38.706101,5.0,Siva Kumar M K,0,0,https://www.google.com/maps/contrib/104083311342982573752/reviews?hl=en-US
ChZDSUhNMG9nS0VJQ0FnSURnN0lXOU9BEAE,Good,3 years ago,2023-02-02 22:01:38.708035,3.0,Devika Motwani,0,0,https://www.google.com/maps/contrib/111225642288546421777/reviews?hl=en-US
ChZDSUhNMG9nS0VJQ0FnSUNNM3ZPbEh3EAE,,3 years ago,2023-02-02 22:01:46.470363,5.0,Evaan's World Of Happiness,0,0,https://www.google.com/maps/contrib/107264383885581805635/reviews?hl=en-US
ChdDSUhNMG9nS0VJQ0FnSUNNbnM2NnJRRRAB,Great Indian historic place with lots of surprising temples n caves,3 years ago,2023-02-02 22:01:46.471803,4.0,Saurabh Sontakke,0,0,https://www.google.com/maps/contrib/108720766077153156555/reviews?hl=en-US
ChdDSUhNMG9nS0VJQ0FnSUNNbHJfTHJRRRAB,,3 years ago,2023-02-02 22:01:46.473157,4.0,yogesh patil,0,0,https://www.google.com/maps/contrib/107543400734574612734/reviews?hl=en-US
ChZDSUhNMG9nS0VJQ0FnSUQwX2RHdFhBEAE,,3 years ago,2023-02-02 22:01:46.474448,3.0,Gajendra Thakur,0,0,https://www.google.com/maps/contrib/111924298427961507500/reviews?hl=en-US
ChZDSUhNMG9nS0VJQ0FnSUQwdmJfUVJ3EAE,,3 years ago,2023-02-02 22:01:46.475838,5.0,Simmi Matra,0,0,https://www.google.com/maps/contrib/110969053814441413566/reviews?hl=en-US
ChdDSUhNMG9nS0VJQ0FnSUQwNWVTVHVRRRAB,Nice,3 years ago,2023-02-02 22:01:46.477207,5.0,Shubham Tayde,0,0,https://www.google.com/maps/contrib/115278132300769942905/reviews?hl=en-US
ChdDSUhNMG9nS0VJQ0FnSURrbnZUVnRRRRAB,Beautiful place.,3 years ago,2023-02-02 22:01:46.478574,5.0,Trupti Gadhavi,0,0,https://www.google.com/maps/contrib/105315615965041958144/reviews?hl=en-US
ChdDSUhNMG9nS0VJQ0FnSUQwLWVmWHNBRRAB,,3 years ago,2023-02-02 22:01:46.479984,5.0,Rahul Bhise,0,0,https://www.google.com/maps/contrib/109046243967194431273/reviews?hl=en-US
ChdDSUhNMG9nS0VJQ0FnSUQwLWZ1dzV3RRAB,,3 years ago,2023-02-02 22:01:46.481296,4.0,Rahul Padol,0,0,https://www.google.com/maps/contrib/108833501571336013416/reviews?hl=en-US
ChdDSUhNMG9nS0VJQ0FnSUQwLWRXeHlRRRAB,Great,3 years ago,2023-02-02 22:01:46.482602,5.0,Rupesh More,0,0,https://www.google.com/maps/contrib/118113335910823686947/reviews?hl=en-US
ChZDSUhNMG9nS0VJQ0FnSUQwcWFPcUF3EAE,,3 years ago,2023-02-02 22:01:55.030416,5.0,vijay kathar,0,0,https://www.google.com/maps/contrib/105055410803013763123/reviews?hl=en-US
ChZDSUhNMG9nS0VJQ0FnSUQweWZtNUdBEAE,Amazing,3 years ago,2023-02-02 22:01:55.032036,5.0,Zikre hussain 5252,0,0,https://www.google.com/maps/contrib/118056541675697022470/reviews?hl=en-US
ChdDSUhNMG9nS0VJQ0FnSUQweWFiV21BRRAB,,3 years ago,2023-02-02 22:01:55.033681,5.0,Sachin Pawar,0,0,https://www.google.com/maps/contrib/102244145747869137154/reviews?hl=en-US
ChZDSUhNMG9nS0VJQ0FnSUQweWZyeE5nEAE,"Great, peoples are helpful these nice location place, its wonderful",3 years ago,2023-02-02 22:01:55.035265,4.0,Ankush Maind,0,0,https://www.google.com/maps/contrib/115285192937157396625/reviews?hl=en-US
ChdDSUhNMG9nS0VJQ0FnSUQwc1llNmtnRRAB,Good service,3 years ago,2023-02-02 22:01:55.036965,5.0,Khushi TOURS And tarvles Pune,0,0,https://www.google.com/maps/contrib/113067754788012458330/reviews?hl=en-US
ChZDSUhNMG9nS0VJQ0FnSUQwd1otdE5nEAE,Nice place,3 years ago,2023-02-02 22:01:55.038546,4.0,dipak dandekar,0,0,https://www.google.com/maps/contrib/118293605643406024920/reviews?hl=en-US
ChdDSUhNMG9nS0VJQ0FnSUQwZ2RPMXpnRRAB,Good,3 years ago,2023-02-02 22:01:55.040242,4.0,suraj paulkar,0,0,https://www.google.com/maps/contrib/112466070616870316853/reviews?hl=en-US
ChdDSUhNMG9nS0VJQ0FnSUQwMXIzSHB3RRAB,,3 years ago,2023-02-02 22:01:55.041773,5.0,bhanu kushangala,0,0,https://www.google.com/maps/contrib/106233224721982573261/reviews?hl=en-US
ChZDSUhNMG9nS0VJQ0FnSUQwNXZxQUVBEAE,,3 years ago,2023-02-02 22:01:55.043296,5.0,Rupesh,0,0,https://www.google.com/maps/contrib/110220788255652527534/reviews?hl=en-US
ChdDSUhNMG9nS0VJQ0FnSUQwcHJMV3ZnRRAB,World famous caves,3 years ago,2023-02-02 22:01:55.044898,5.0,Kaka Autade,0,0,https://www.google.com/maps/contrib/107959371601312350310/reviews?hl=en-US
ChdDSUhNMG9nS0VJQ0FnSUQwMHZlYzZRRRAB,,3 years ago,2023-02-02 22:02:02.763286,5.0,"दिलीप परसने, चिखली,जि-बुलडाणा (Kewat)",0,0,https://www.google.com/maps/contrib/115202767957571176811/reviews?hl=en-US
ChdDSUhNMG9nS0VJQ0FnSUQwb29fd3hBRRAB,,3 years ago,2023-02-02 22:02:02.767136,5.0,prasad pawar,0,0,https://www.google.com/maps/contrib/101593555461792345567/reviews?hl=en-US
ChdDSUhNMG9nS0VJQ0FnSUQwNE1xSzNBRRAB,,3 years ago,2023-02-02 22:02:02.769413,3.0,Rahul Aher,0,0,https://www.google.com/maps/contrib/102825837247942036960/reviews?hl=en-US
ChdDSUhNMG9nS0VJQ0FnSUQwZ0pTTTJBRRAB,,3 years ago,2023-02-02 22:02:02.771920,5.0,status king,0,0,https://www.google.com/maps/contrib/108364232763952472800/reviews?hl=en-US
ChdDSUhNMG9nS0VJQ0FnSUMwbjVtZzhBRRAB,,3 years ago,2023-02-02 22:02:02.774078,2.0,Shreyas Abhyankar,0,0,https://www.google.com/maps/contrib/116742271322894874919/reviews?hl=en-US
ChZDSUhNMG9nS0VJQ0FnSUMwdF9YU2JBEAE,,3 years ago,2023-02-02 22:02:02.776280,5.0,Sanskruti More,0,0,https://www.google.com/maps/contrib/101925240011235427034/reviews?hl=en-US
ChZDSUhNMG9nS0VJQ0FnSUMwa191SER3EAE,,3 years ago,2023-02-02 22:02:02.778498,5.0,Amitanshu Hazari,0,0,https://www.google.com/maps/contrib/102834147795575246225/reviews?hl=en-US
ChZDSUhNMG9nS0VJQ0FnSUMwa18yVlFnEAE,OK best,3 years ago,2023-02-02 22:02:02.780966,5.0,Sai Kumar,0,0,https://www.google.com/maps/contrib/110552085479522471718/reviews?hl=en-US
ChdDSUhNMG9nS0VJQ0FnSUMwblkzU3lRRRAB,Good,3 years ago,2023-02-02 22:02:02.784541,4.0,Sandeep Mali,0,0,https://www.google.com/maps/contrib/100957999785613374569/reviews?hl=en-US
ChdDSUhNMG9nS0VJQ0FnSUMwamZyU3hBRRAB,,3 years ago,2023-02-02 22:02:02.786779,5.0,Haresh Adhane,0,0,https://www.google.com/maps/contrib/113594200632036576126/reviews?hl=en-US
