id_review,caption,relative_date,retrieval_date,rating,username,n_review_user,n_photo_user,url_user
ChZDSUhNMG9nS0VJQ0FnSURCZy1UTUhnEAE,,6 days ago,2023-02-02 20:43:47.757231,5.0,Atharva Dixit,0,0,https://www.google.com/maps/contrib/115958159918740917677/reviews?hl=en-US
ChZDSUhNMG9nS0VJQ0FnSURCeW9XTkJREAE,,2 weeks ago,2023-02-02 20:43:47.758123,5.0,Sunil Ghongade,0,0,https://www.google.com/maps/contrib/102971243663171069390/reviews?hl=en-US
ChdDSUhNMG9nS0VJQ0FnSURCa29tXzlRRRAB,,2 weeks ago,2023-02-02 20:43:47.759052,5.0,ADITYA KOTHE,0,0,https://www.google.com/maps/contrib/108890473406198743930/reviews?hl=en-US
ChdDSUhNMG9nS0VJQ0FnSURCZ3JDQjh3RRAB,,2 weeks ago,2023-02-02 20:43:47.759864,3.0,The ReD,0,0,https://www.google.com/maps/contrib/107705622991355525307/reviews?hl=en-US
ChdDSUhNMG9nS0VJQ0FnSURCekp5enBRRRAB,"Siddheshwar temple was built by a yogi, and a devotee of Shri Mallikarjuna of Srisailam, Shri Siddharameshwar. He built this temple and made 68 Shiva lingams in the temple as per the instructions of his guru. It is said that Shri Siddheshwar, who is also considered as the six prophets of Lingayat religion, believed that birth of this saint caused the prosperity of the city and the deity is capable of blessing the devotees. The temple and lake have been administered since 1899 by the ‘Shri Siddheshwar Devsthan Panch Commity. The Nandi Dhwaja are presumed as Bride and Groom for the marriage. This festival falls around 14th Jan. every year. A fare popularly known as Gadda jatra.",2 weeks ago,2023-02-02 20:43:47.760659,5.0,Shrishail Kumbar,0,0,https://www.google.com/maps/contrib/103439798143308196913/reviews?hl=en-US
ChZDSUhNMG9nS0VJQ0FnSURCdE9xblpBEAE,,2 weeks ago,2023-02-02 20:43:47.762082,5.0,Suyash Gurav,0,0,https://www.google.com/maps/contrib/110190530456556563532/reviews?hl=en-US
ChdDSUhNMG9nS0VJQ0FnSUNCbk5Dc2lBRRAB,Temple is surrounded by water. Very old Temple.,a month ago,2023-02-02 20:43:47.763383,4.0,Satish Nirmale,0,0,https://www.google.com/maps/contrib/115922048559607659354/reviews?hl=en-US
ChdDSUhNMG9nS0VJQ0FnSUQtMTgteGp3RRAB,,a month ago,2023-02-02 20:43:47.764392,5.0,Rahul Sidral,0,0,https://www.google.com/maps/contrib/104997054786704089493/reviews?hl=en-US
ChZDSUhNMG9nS0VJQ0FnSUMtZ3AydVpnEAE,One of the best temple dedicated to lord Shiva surrounded by lake. Historical place. Well maintained. Ambience is awesome. Campus is clean serene and peaceful.,a month ago,2023-02-02 20:43:47.765373,5.0,Prathmesh Jadhav,0,0,https://www.google.com/maps/contrib/117268048553575362175/reviews?hl=en-US
ChdDSUhNMG9nS0VJQ0FnSUQtMU12NmpRRRAB,must visit place,2 months ago,2023-02-02 20:43:47.766375,4.0,Chaitanya,0,0,https://www.google.com/maps/contrib/116628446116387114589/reviews?hl=en-US
ChZDSUhNMG9nS0VJQ0FnSUQtc0xHWEJREAE,,2 months ago,2023-02-02 20:43:47.767404,5.0,MAHESH DASMANE,0,0,https://www.google.com/maps/contrib/117882369549693578991/reviews?hl=en-US
ChdDSUhNMG9nS0VJQ0FnSUMtM2RQeXNBRRAB,,2 months ago,2023-02-02 20:43:47.768261,5.0,Abhi Patil,0,0,https://www.google.com/maps/contrib/106919321293552755597/reviews?hl=en-US
ChZDSUhNMG9nS0VJQ0FnSUMtN0xiYlZBEAE,Nice,3 months ago,2023-02-02 20:43:47.769182,5.0,Manisha Gaikwad,0,0,https://www.google.com/maps/contrib/113481881852196824602/reviews?hl=en-US
ChZDSUhNMG9nS0VJQ0FnSUMtakwzVEtnEAE,"If you are in solapur, you must visit this template have very peaceful , clean environment and the beautiful view of lake .",3 months ago,2023-02-02 20:43:47.770183,5.0,ADITI GAIKWAD,0,0,https://www.google.com/maps/contrib/114712577475774677686/reviews?hl=en-US
ChZDSUhNMG9nS0VJQ0FnSURlM3Rick1BEAE,Super god,3 months ago,2023-02-02 20:43:47.771170,5.0,Manjunath S Malled,0,0,https://www.google.com/maps/contrib/108364095324019301190/reviews?hl=en-US
ChdDSUhNMG9nS0VJQ0FnSURla3RMVDNnRRAB,,3 months ago,2023-02-02 20:43:47.772002,5.0,Piyush Ghante,0,0,https://www.google.com/maps/contrib/104628423690294151986/reviews?hl=en-US
ChdDSUhNMG9nS0VJQ0FnSUNlOWVLdW9nRRAB,God,4 months ago,2023-02-02 20:43:47.772879,5.0,Akshay Garad Official,0,0,https://www.google.com/maps/contrib/102635146786238808771/reviews?hl=en-US
ChZDSUhNMG9nS0VJQ0FnSUNldGZtMldBEAE,,4 months ago,2023-02-02 20:43:47.773692,4.0,BASAVARAJ PALLED,0,0,https://www.google.com/maps/contrib/116802182405638188903/reviews?hl=en-US
ChdDSUhNMG9nS0VJQ0FnSUNlLXJIY2pBRRAB,,4 months ago,2023-02-02 20:43:47.774567,3.0,Atish k,0,0,https://www.google.com/maps/contrib/111810863066178076802/reviews?hl=en-US
ChdDSUhNMG9nS0VJQ0FnSUNlb01HNjFnRRAB,,4 months ago,2023-02-02 20:43:47.776116,5.0,ravi goudar,0,0,https://www.google.com/maps/contrib/112755310100794187066/reviews?hl=en-US
ChZDSUhNMG9nS0VJQ0FnSURJbXVHdE5nEAE,Very nice temple.,5 months ago,2023-02-02 20:43:54.111061,4.0,deepak jain,0,0,https://www.google.com/maps/contrib/110811012671455818780/reviews?hl=en-US
ChdDSUhNMG9nS0VJQ0FnSUN1a1plVXRBRRAB,,6 months ago,2023-02-02 20:43:54.112014,5.0,nitin bhopatkar,0,0,https://www.google.com/maps/contrib/110542968884863387802/reviews?hl=en-US
ChZDSUhNMG9nS0VJQ0FnSUN1enZyRlJnEAE,Very nice temple and area but in lake so much waste is there.,6 months ago,2023-02-02 20:43:54.112995,5.0,Manish Panchal,0,0,https://www.google.com/maps/contrib/112002768511762221780/reviews?hl=en-US
ChdDSUhNMG9nS0VJQ0FnSUN1elAySV9RRRAB,,6 months ago,2023-02-02 20:43:54.113921,5.0,Swati Patil,0,0,https://www.google.com/maps/contrib/113092621568988178375/reviews?hl=en-US
ChZDSUhNMG9nS0VJQ0FnSURPdXJmWUVBEAE,Best time to visit the temple will be in Makar Sankranti festival during which grand celebration takes place for three days..,6 months ago,2023-02-02 20:43:54.114818,5.0,Yateesh Bhagat,0,0,https://www.google.com/maps/contrib/106901220494690490800/reviews?hl=en-US
ChZDSUhNMG9nS0VJQ0FnSURPcXA3VUhBEAE,(Translated by Google) About  (Original) Om,6 months ago,2023-02-02 20:43:54.115757,5.0,SHEKHER Veeramachaneni,0,0,https://www.google.com/maps/contrib/117157743073002983976/reviews?hl=en-US
ChZDSUhNMG9nS0VJQ0FnSUQ0czdXREhREAE,Bigger than golden temple. Temple is at centre of lake. Big concern about food quality at anna chatram. very very poor quality food served to devotee. Management is not serious about quality of food. Given donation not utilised properly by …,7 months ago,2023-02-02 20:43:54.116869,2.0,Ar. Vinod Savalgi,0,0,https://www.google.com/maps/contrib/100614506162951715370/reviews?hl=en-US
ChZDSUhNMG9nS0VJQ0FnSURPLUxLZVNREAE,,7 months ago,2023-02-02 20:43:54.118298,4.0,Sairam Patil,0,0,https://www.google.com/maps/contrib/116790866035476842131/reviews?hl=en-US
ChdDSUhNMG9nS0VJQ0FnSUQyazRiWTJnRRAB,Beautiful place to visit through out year ...this place is situated at centre of siddheshwar lake...have great history...Shri siddheshwar maharaj himself built this lake for people during drought...also a huge celebration during makar sankranti...,8 months ago,2023-02-02 20:43:54.119295,5.0,Vrushali Patil,0,0,https://www.google.com/maps/contrib/113748315517595394668/reviews?hl=en-US
ChZDSUhNMG9nS0VJQ0FnSUMydi1Pc0VREAE,,8 months ago,2023-02-02 20:43:54.120481,5.0,DHANJEE KESHARI,0,0,https://www.google.com/maps/contrib/100248063169485217493/reviews?hl=en-US
ChdDSUhNMG9nS0VJQ0FnSUMycmNMampRRRAB,Lake view 😍😌 …,9 months ago,2023-02-02 20:44:00.553458,5.0,Aniket Bokre,0,0,https://www.google.com/maps/contrib/105680131187714297295/reviews?hl=en-US
ChZDSUhNMG9nS0VJQ0FnSUNLeUszbVpnEAE,Very Positive Place of Lord Shiva....It's Samadhi Place of Swami Siddheshwar....Very nice and beautiful location....It's in between the big lake...But the area of the temple is very huge...Gramadaivat of Solapur..... People came here from …,9 months ago,2023-02-02 20:44:00.554569,5.0,Gourrav Mahabaleshwarkar,0,0,https://www.google.com/maps/contrib/102001361092500125216/reviews?hl=en-US
ChZDSUhNMG9nS0VJQ0FnSUMyOU1YVk13EAE,Good and Quiet place. The temple organization clean randomly so it's clean as well. Crowded on Sunday and Monday.,9 months ago,2023-02-02 20:44:00.555661,5.0,Shreyas Narayankar,0,0,https://www.google.com/maps/contrib/109146698813192218598/reviews?hl=en-US
ChdDSUhNMG9nS0VJQ0FnSURXOTV1eGh3RRAB,,9 months ago,2023-02-02 20:44:00.558105,5.0,Thakur Mayank Singh,0,0,https://www.google.com/maps/contrib/100659856954341833473/reviews?hl=en-US
ChdDSUhNMG9nS0VJQ0FnSURXNl9DQm13RRAB,🙏 …,9 months ago,2023-02-02 20:44:00.561201,5.0,Satyam Pandey,0,0,https://www.google.com/maps/contrib/116579221184186506093/reviews?hl=en-US
ChdDSUhNMG9nS0VJQ0FnSUNzNnJDWjBBRRAB,Shri siddheshwar  (Translated by Google) Shri Siddheshwar,10 months ago,2023-02-02 20:44:00.563696,5.0,Ghansham Garje,0,0,https://www.google.com/maps/contrib/115782218673552559415/reviews?hl=en-US
ChZDSUhNMG9nS0VJQ0FnSUM4eHE3Q0d3EAE,"This place is like golden temple..water from all sides and in centre temple. If you need peace , go there and enjoy the view.❤️📸 …",10 months ago,2023-02-02 20:44:00.564728,5.0,Pravin Gaikwad Clicks,0,0,https://www.google.com/maps/contrib/104630369264452922440/reviews?hl=en-US
ChZDSUhNMG9nS0VJQ0FnSURXOEppeFpnEAE,,10 months ago,2023-02-02 20:44:00.565732,5.0,Sangamesh Malge,0,0,https://www.google.com/maps/contrib/108608131667459132186/reviews?hl=en-US
ChdDSUhNMG9nS0VJQ0FnSUNXa2JHbzhRRRAB,,11 months ago,2023-02-02 20:44:00.566515,5.0,Kedarnath Bagale,0,0,https://www.google.com/maps/contrib/112288563844179405113/reviews?hl=en-US
ChdDSUhNMG9nS0VJQ0FnSURtbFpQVGdnRRAB,Nice place.,11 months ago,2023-02-02 20:44:00.567374,5.0,Tarun Mhanta,0,0,https://www.google.com/maps/contrib/102743112459488037752/reviews?hl=en-US
ChZDSUhNMG9nS0VJQ0FnSURtenNHMWRnEAE,Divine Place.....🥰 …,a year ago,2023-02-02 20:44:07.038034,5.0,Mangesh Tara Karbhari Jadhav,0,0,https://www.google.com/maps/contrib/106373714877658921065/reviews?hl=en-US
ChdDSUhNMG9nS0VJQ0FnSURrOGI3LW1nRRAB,श्री सिध्देश्वर महाराज की जय... Very clean place.... Excellent developed under smart City …,a year ago,2023-02-02 20:44:07.039026,5.0,Rushikesh Gaikwad,0,0,https://www.google.com/maps/contrib/105133729260332986409/reviews?hl=en-US
ChdDSUhNMG9nS0VJQ0FnSUNtdjdMQmpRRRAB,,a year ago,2023-02-02 20:44:07.039876,5.0,Janhvi Shirshetti,0,0,https://www.google.com/maps/contrib/111093674687850777970/reviews?hl=en-US
ChdDSUhNMG9nS0VJQ0FnSUNtbjZESzdRRRAB,,a year ago,2023-02-02 20:44:07.040668,5.0,Mallikarjun Gaddam,0,0,https://www.google.com/maps/contrib/115652607372051899531/reviews?hl=en-US
ChZDSUhNMG9nS0VJQ0FnSUNtcjUyNlFREAE,,a year ago,2023-02-02 20:44:07.041499,5.0,Pratiksha Shinde,0,0,https://www.google.com/maps/contrib/100729549836578650897/reviews?hl=en-US
ChZDSUhNMG9nS0VJQ0FnSUNtci03MGJREAE,,a year ago,2023-02-02 20:44:07.042259,5.0,rahul pasare,0,0,https://www.google.com/maps/contrib/112227630594310450442/reviews?hl=en-US
ChZDSUhNMG9nS0VJQ0FnSUNtai1uSlJREAE,(Translated by Google) Om Nam Shivaya! 🚩🚩  (Original) ಓಂ ನಮ್ ಶಿವಾಯ! 🚩🚩 …,a year ago,2023-02-02 20:44:07.043145,5.0,mallikarjun Kakanaki,0,0,https://www.google.com/maps/contrib/102691610793889784877/reviews?hl=en-US
ChZDSUhNMG9nS0VJQ0FnSUNtajlLR0hnEAE,,a year ago,2023-02-02 20:44:07.043923,5.0,sapna abdulpurkar,0,0,https://www.google.com/maps/contrib/108185294588219028051/reviews?hl=en-US
ChZDSUhNMG9nS0VJQ0FnSUNtMTRDSGZREAE,,a year ago,2023-02-02 20:44:07.044770,5.0,Basayya Swami,0,0,https://www.google.com/maps/contrib/117269333498796735009/reviews?hl=en-US
ChdDSUhNMG9nS0VJQ0FnSUNtNGFtcy13RRAB,Gadda yatra.. 😊  (Translated by Google) Gadda yatra.. …,a year ago,2023-02-02 20:44:07.045987,5.0,Laxmi,0,0,https://www.google.com/maps/contrib/109077435581672734886/reviews?hl=en-US
ChdDSUhNMG9nS0VJQ0FnSUNtaWY2Z3ZnRRAB,,a year ago,2023-02-02 20:44:13.536725,5.0,sunil rajput,0,0,https://www.google.com/maps/contrib/103843616863278310823/reviews?hl=en-US
ChdDSUhNMG9nS0VJQ0FnSURHZzd6NXlRRRAB,Such a peaceful and calm place. Proud to be from Solapur. This temple is our pride.,a year ago,2023-02-02 20:44:13.537685,5.0,Sankalp Dhanshetti,0,0,https://www.google.com/maps/contrib/116598481906149282901/reviews?hl=en-US
ChdDSUhNMG9nS0VJQ0FnSURHcmFXTDZBRRAB,,a year ago,2023-02-02 20:44:13.538552,5.0,Ishwarlal Shah,0,0,https://www.google.com/maps/contrib/100330609161564288217/reviews?hl=en-US
ChZDSUhNMG9nS0VJQ0FnSURHbVlqWktBEAE,Swarg  (Translated by Google) heaven,a year ago,2023-02-02 20:44:13.539372,5.0,Pranav Harke,0,0,https://www.google.com/maps/contrib/101815497623912860723/reviews?hl=en-US
ChZDSUhNMG9nS0VJQ0FnSURHM3ZYV1BBEAE,"If you are in search of peace, it is here only. Serene place. Dwelling place of Shivyogi Siddheshwar. HE is here and everywhere you believe or not.",a year ago,2023-02-02 20:44:13.540202,5.0,Arvind Mahant,0,0,https://www.google.com/maps/contrib/111134372546477063062/reviews?hl=en-US
ChdDSUhNMG9nS0VJQ0FnSUNHcWZpQnF3RRAB,,a year ago,2023-02-02 20:44:13.541036,4.0,Vishal Vanjare,0,0,https://www.google.com/maps/contrib/111518630484321224563/reviews?hl=en-US
ChZDSUhNMG9nS0VJQ0FnSUNHcXRiek13EAE,,a year ago,2023-02-02 20:44:13.541966,5.0,Tara Biradar,0,0,https://www.google.com/maps/contrib/106904413438889994485/reviews?hl=en-US
ChZDSUhNMG9nS0VJQ0FnSUQ2cjVtN2JnEAE,"Nice Temple, please visit 🙏💕 …",a year ago,2023-02-02 20:44:13.542934,5.0,Sanket Dhanave,0,0,https://www.google.com/maps/contrib/117990156423658061043/reviews?hl=en-US
ChZDSUhNMG9nS0VJQ0FnSUM2bjlYc05nEAE,God of Solapur District,a year ago,2023-02-02 20:44:13.544035,5.0,Gururaj,0,0,https://www.google.com/maps/contrib/116366922284543995901/reviews?hl=en-US
ChdDSUhNMG9nS0VJQ0FnSURhcnA2Zm5nRRAB,,a year ago,2023-02-02 20:44:13.545109,4.0,Rapolu Satyanarayana,0,0,https://www.google.com/maps/contrib/105173881764809868094/reviews?hl=en-US
ChdDSUhNMG9nS0VJQ0FnSUNhbzdlTzR3RRAB,The most beautiful place in solapur : siddheshwar temple,a year ago,2023-02-02 20:44:20.402156,5.0,Om Vallal,0,0,https://www.google.com/maps/contrib/109340852848577871034/reviews?hl=en-US
ChdDSUhNMG9nS0VJQ0FnSUNhX2RIaHFnRRAB,Shree shivyogi Siddharameshwar temple is very beautiful. It's lake temple. Awesome place. 🛕 …,a year ago,2023-02-02 20:44:20.403058,5.0,YOGESHWARI BADOLE,0,0,https://www.google.com/maps/contrib/105492770873532829486/reviews?hl=en-US
ChZDSUhNMG9nS0VJQ0FnSUN3eF9HZ2R3EAE,"Lake side temple, clean surroundings, best visited with family in the evening, Siddheshwar temple is one of the most famous tourist destinations in the city.",a year ago,2023-02-02 20:44:20.403998,4.0,Vaibhav Modak,0,0,https://www.google.com/maps/contrib/110226764182661835616/reviews?hl=en-US
ChZDSUhNMG9nS0VJQ0FnSUM0LVlmZUhnEAE,,a year ago,2023-02-02 20:44:20.404841,5.0,Priyanka Gurumukhi,0,0,https://www.google.com/maps/contrib/117946894878432024729/reviews?hl=en-US
ChdDSUhNMG9nS0VJQ0FnSURBOGR2UnFnRRAB,"Located amidst a lake further flanked by Bhuikot fort, Siddheshwar temple is sacred to Lord Siddheshwar, who is considered as an incarnation of Lord Shiva and Lord Vishnu. The temple is highly revered by the devotees as it is the place …",a year ago,2023-02-02 20:44:20.405649,5.0,Sirajul Shaikh,0,0,https://www.google.com/maps/contrib/115659488526660516988/reviews?hl=en-US
ChZDSUhNMG9nS0VJQ0FnSURxck9HSUtREAE,"Great place for devotees to visit, a calm soothing place for meditation and praying, temple surrounded by water from all sides and a important part of Solapur city's history and culture",a year ago,2023-02-02 20:44:20.407284,5.0,Rutwik Kadganchi,0,0,https://www.google.com/maps/contrib/105735665518332264845/reviews?hl=en-US
ChZDSUhNMG9nS0VJQ0FnSUNxdDYyNk9BEAE,,a year ago,2023-02-02 20:44:20.409741,4.0,Vipul Dudam,0,0,https://www.google.com/maps/contrib/114670918486260064676/reviews?hl=en-US
ChdDSUhNMG9nS0VJQ0FnSUNxLTRLOXR3RRAB,,a year ago,2023-02-02 20:44:20.411026,5.0,Tanmay Shinde,0,0,https://www.google.com/maps/contrib/115211953010378352971/reviews?hl=en-US
ChdDSUhNMG9nS0VJQ0FnSUNxOC0yVHp3RRAB,No darshan at temple,a year ago,2023-02-02 20:44:20.412022,5.0,Baswaraj Patil,0,0,https://www.google.com/maps/contrib/107261009129951936909/reviews?hl=en-US
ChZDSUhNMG9nS0VJQ0FnSUNxZzdtYkRnEAE,,a year ago,2023-02-02 20:44:20.412879,5.0,Satish Patil,0,0,https://www.google.com/maps/contrib/112730016077152490976/reviews?hl=en-US
ChdDSUhNMG9nS0VJQ0FnSUNxX09tRDd3RRAB,,a year ago,2023-02-02 20:44:27.578913,5.0,Vijay Belly,0,0,https://www.google.com/maps/contrib/101272682778756705626/reviews?hl=en-US
ChdDSUhNMG9nS0VJQ0FnSUNxME5xZzVRRRAB,"II श्री सिद्ध रामेश्वर प्रसन्न II Sacred place, beautiful surrounding, huge and excellent temple. Blessings of Rameshwara, gives peace of mind. Do visit. …",a year ago,2023-02-02 20:44:27.579832,5.0,Jayant Ghumare,0,0,https://www.google.com/maps/contrib/109699849416868565069/reviews?hl=en-US
ChdDSUhNMG9nS0VJQ0FnSURLOVAzdzRRRRAB,,a year ago,2023-02-02 20:44:27.580735,5.0,Ajinkya Patil,0,0,https://www.google.com/maps/contrib/116566782252965793018/reviews?hl=en-US
ChZDSUhNMG9nS0VJQ0FnSURVZ2VhTlVBEAE,Marvellous,a year ago,2023-02-02 20:44:27.581588,5.0,Avinash Badiwale,0,0,https://www.google.com/maps/contrib/112362001543053931439/reviews?hl=en-US
ChZDSUhNMG9nS0VJQ0FnSUNLLThqd0ZnEAE,Nice Temple 👌👌👌 …,a year ago,2023-02-02 20:44:27.582548,5.0,HARSHAVARDHAN,0,0,https://www.google.com/maps/contrib/105250132814423740282/reviews?hl=en-US
ChdDSUhNMG9nS0VJQ0FnSUNLLWNYSmxRRRAB,हे सोलापूर ग्रामदैवत मंदिर आहे इथे आल्यावर मन अगदी प्रसन्न होते  (Translated by Google) …,a year ago,2023-02-02 20:44:27.583598,5.0,Dattatray Mallikarjun,0,0,https://www.google.com/maps/contrib/101486110064655517321/reviews?hl=en-US
ChZDSUhNMG9nS0VJQ0FnSUNLOGUyYWR3EAE,,a year ago,2023-02-02 20:44:27.584648,5.0,Gangadhar Madasnal,0,0,https://www.google.com/maps/contrib/103695163747508844787/reviews?hl=en-US
ChZDSUhNMG9nS0VJQ0FnSUNLN29HY0dBEAE,oldest temple  of Mahadev in Solapur.,a year ago,2023-02-02 20:44:27.585690,5.0,vinod todkari,0,0,https://www.google.com/maps/contrib/105555940393291835298/reviews?hl=en-US
ChdDSUhNMG9nS0VJQ0FnSUNLOXQtQTZ3RRAB,,a year ago,2023-02-02 20:44:27.586567,5.0,Dhanesh Baikerikar,0,0,https://www.google.com/maps/contrib/101376980580068880740/reviews?hl=en-US
ChdDSUhNMG9nS0VJQ0FnSUNLOXY3c3RnRRAB,,a year ago,2023-02-02 20:44:27.587456,3.0,Onkar Gaye,0,0,https://www.google.com/maps/contrib/111032522788862478982/reviews?hl=en-US
ChZDSUhNMG9nS0VJQ0FnSUNLMXRYUWJnEAE,,a year ago,2023-02-02 20:44:34.469952,4.0,Ashok Khoja,0,0,https://www.google.com/maps/contrib/115460945597148044061/reviews?hl=en-US
ChZDSUhNMG9nS0VJQ0FnSUNLbHRpU1hnEAE,Nice speritual place,a year ago,2023-02-02 20:44:34.470913,5.0,B D Borude,0,0,https://www.google.com/maps/contrib/111435823099647295661/reviews?hl=en-US
ChdDSUhNMG9nS0VJQ0FnSUNLcHBUZjJnRRAB,,a year ago,2023-02-02 20:44:34.471819,5.0,Siddhu Ghante,0,0,https://www.google.com/maps/contrib/111193882829245282100/reviews?hl=en-US
ChZDSUhNMG9nS0VJQ0FnSUNLeHZDY0lREAE,,a year ago,2023-02-02 20:44:34.472748,5.0,dipika prabhu,0,0,https://www.google.com/maps/contrib/101126810482426228714/reviews?hl=en-US
ChdDSUhNMG9nS0VJQ0FnSUNLcXRPZmt3RRAB,Nice Temple,a year ago,2023-02-02 20:44:34.473684,3.0,Sankesh Sumbhe,0,0,https://www.google.com/maps/contrib/101630445660986837187/reviews?hl=en-US
ChdDSUhNMG9nS0VJQ0FnSUNLcXNMSTVnRRAB,Best holy place for hindus... famous for गड्डा यात्रा or gadda festival..,a year ago,2023-02-02 20:44:34.474489,5.0,Ravi Gawali,0,0,https://www.google.com/maps/contrib/117821598899505753438/reviews?hl=en-US
ChZDSUhNMG9nS0VJQ0FnSUNLb3JpTld3EAE,,a year ago,2023-02-02 20:44:34.475407,5.0,Nagbhushan Chimmalgi,0,0,https://www.google.com/maps/contrib/111940398705247058822/reviews?hl=en-US
ChZDSUhNMG9nS0VJQ0FnSUNLektYS1B3EAE,"Solapur's biggest and famous Mandir. As per the records, Siddheshwar temple was built by a yogi, and a devotee of Shri Mallikarjuna of Srisailam, Shri Siddharameshwar. He built this temple and made …",a year ago,2023-02-02 20:44:34.476287,5.0,Mujahid Dandoti,0,0,https://www.google.com/maps/contrib/103933211156205014674/reviews?hl=en-US
ChdDSUhNMG9nS0VJQ0FnSUNLcEwtUnBBRRAB,,a year ago,2023-02-02 20:44:34.477181,4.0,Sandeep Chandane,0,0,https://www.google.com/maps/contrib/116849425926557189545/reviews?hl=en-US
ChdDSUhNMG9nS0VJQ0FnSUNLaExYUjJBRRAB,"Shree Siddheshwar Temple, Solapur",a year ago,2023-02-02 20:44:34.478038,5.0,Abhi Jadage,0,0,https://www.google.com/maps/contrib/103337802146589356737/reviews?hl=en-US
ChdDSUhNMG9nS0VJQ0FnSUNLLUpXaDN3RRAB,,a year ago,2023-02-02 20:44:42.029380,5.0,anand Parshi,0,0,https://www.google.com/maps/contrib/111961759577337196706/reviews?hl=en-US
ChdDSUhNMG9nS0VJQ0FnSUNLcVA2cmp3RRAB,,a year ago,2023-02-02 20:44:42.030255,5.0,satyam pathak,0,0,https://www.google.com/maps/contrib/110223899347154304407/reviews?hl=en-US
ChdDSUhNMG9nS0VJQ0FnSUN5N3BEOXl3RRAB,Gramdaivat of solapur.... Beautiful and peaceful place,a year ago,2023-02-02 20:44:42.031140,5.0,shashank halkude,0,0,https://www.google.com/maps/contrib/106625937153350905164/reviews?hl=en-US
ChdDSUhNMG9nS0VJQ0FnSUNLeUktM3lBRRAB,,a year ago,2023-02-02 20:44:42.032107,5.0,Renuka Shendge,0,0,https://www.google.com/maps/contrib/100553641263820989990/reviews?hl=en-US
ChZDSUhNMG9nS0VJQ0FnSUNLeUplRkRBEAE,,a year ago,2023-02-02 20:44:42.032942,5.0,Akshata Bhandari,0,0,https://www.google.com/maps/contrib/107466943684147690961/reviews?hl=en-US
ChZDSUhNMG9nS0VJQ0FnSUNLc09LV2RBEAE,Nice place,a year ago,2023-02-02 20:44:42.033778,4.0,Mukesh Surawase,0,0,https://www.google.com/maps/contrib/113906502144626691734/reviews?hl=en-US
ChZDSUhNMG9nS0VJQ0FnSUNLNEx6M1N3EAE,,a year ago,2023-02-02 20:44:42.034622,5.0,Dev Metkari,0,0,https://www.google.com/maps/contrib/100144171207263516254/reviews?hl=en-US
ChZDSUhNMG9nS0VJQ0FnSUNLb09HUmVBEAE,Best hindu temple... also best place for meditation...here famous gadda festival is famous which is celebrating in january month on occasion of makar sankranti...,a year ago,2023-02-02 20:44:42.035530,5.0,Ravi Gavali,0,0,https://www.google.com/maps/contrib/113885280429266661158/reviews?hl=en-US
ChdDSUhNMG9nS0VJQ0FnSUNLb09hdnZRRRAB,"Great place, with cultural heritage nicely preserved.",a year ago,2023-02-02 20:44:42.036635,3.0,Abhilasha Chavan,0,0,https://www.google.com/maps/contrib/113112997600157410524/reviews?hl=en-US
ChdDSUhNMG9nS0VJQ0FnSUNLd05qTzlnRRAB,,a year ago,2023-02-02 20:44:42.037549,5.0,Shankar Bm81,0,0,https://www.google.com/maps/contrib/102071208897037821126/reviews?hl=en-US
ChZDSUhNMG9nS0VJQ0FnSUR5Xzc2aFVnEAE,So nice place everyone can visit this place,a year ago,2023-02-02 20:44:48.790002,5.0,Aniket Shete,0,0,https://www.google.com/maps/contrib/110851867051088629683/reviews?hl=en-US
ChdDSUhNMG9nS0VJQ0FnSUR5Mzk3UnBBRRAB,,a year ago,2023-02-02 20:44:48.790952,5.0,Sagar Jagtap,0,0,https://www.google.com/maps/contrib/102212603889481456077/reviews?hl=en-US
ChZDSUhNMG9nS0VJQ0FnSUR5MzhydUJREAE,🙏😍💕 …,a year ago,2023-02-02 20:44:48.792226,5.0,onkar patil,0,0,https://www.google.com/maps/contrib/105416399079824439743/reviews?hl=en-US
ChZDSUhNMG9nS0VJQ0FnSUR5ajVyUkdBEAE,,a year ago,2023-02-02 20:44:48.793420,5.0,Yogesh Kamble,0,0,https://www.google.com/maps/contrib/107811157811454370086/reviews?hl=en-US
ChZDSUhNMG9nS0VJQ0FnSUR5ai1UbkdnEAE,,a year ago,2023-02-02 20:44:48.794390,5.0,Doomsday Machine AEDM,0,0,https://www.google.com/maps/contrib/105541697336805783477/reviews?hl=en-US
ChZDSUhNMG9nS0VJQ0FnSUR5NS1LYU1REAE,"As per the records, Siddheshwar temple was built by a yogi, and a devotee of Shri Mallikarjuna of Srisailam, Shri Siddharameshwar. He built this temple and made 68 Shiva lingams in the temple as per the instructions of his guru. It is said …",a year ago,2023-02-02 20:44:48.795438,5.0,Suchitra Shiva,0,0,https://www.google.com/maps/contrib/111258001826130691211/reviews?hl=en-US
ChdDSUhNMG9nS0VJQ0FnSUR5eDduNjhBRRAB,Devotional,a year ago,2023-02-02 20:44:48.796427,5.0,Laxman Lambture,0,0,https://www.google.com/maps/contrib/115740539399293864190/reviews?hl=en-US
ChZDSUhNMG9nS0VJQ0FnSUR5LThMNUtnEAE,,a year ago,2023-02-02 20:44:48.797447,5.0,Prashant Katare,0,0,https://www.google.com/maps/contrib/103022022061378267934/reviews?hl=en-US
ChdDSUhNMG9nS0VJQ0FnSUR5ODZTMnhRRRAB,HOLY,a year ago,2023-02-02 20:44:48.798314,5.0,Onkar Kulkarni,0,0,https://www.google.com/maps/contrib/111415886744891495040/reviews?hl=en-US
ChdDSUhNMG9nS0VJQ0FnSUNnNHVMMWlnRRAB,Nice... Experience of Good Vibes The temple of mahadevas,a year ago,2023-02-02 20:44:48.799276,5.0,Shubham Sharma,0,0,https://www.google.com/maps/contrib/104663728851338125672/reviews?hl=en-US
ChZDSUhNMG9nS0VJQ0FnSUR5bGJMSENBEAE,,a year ago,2023-02-02 20:44:55.795890,5.0,Aditi Dudgikar,0,0,https://www.google.com/maps/contrib/116876228636310084906/reviews?hl=en-US
ChZDSUhNMG9nS0VJQ0FnSUR5bGFUeUdBEAE,,a year ago,2023-02-02 20:44:55.803156,5.0,Harshal Gavali,0,0,https://www.google.com/maps/contrib/115710938868083686681/reviews?hl=en-US
ChdDSUhNMG9nS0VJQ0FnSUR5NWFuajJ3RRAB,,a year ago,2023-02-02 20:44:55.803942,3.0,VENUGOPAL BHANGARIYA,0,0,https://www.google.com/maps/contrib/103076853256464356910/reviews?hl=en-US
ChdDSUhNMG9nS0VJQ0FnSUR5NWFIZjR3RRAB,,a year ago,2023-02-02 20:44:55.804841,5.0,Yuvaraj Prakash Mande,0,0,https://www.google.com/maps/contrib/100690511098042718942/reviews?hl=en-US
ChZDSUhNMG9nS0VJQ0FnSUR5aFp5RE93EAE,,a year ago,2023-02-02 20:44:55.805780,3.0,As De,0,0,https://www.google.com/maps/contrib/115351398776864018012/reviews?hl=en-US
ChdDSUhNMG9nS0VJQ0FnSUR5MmVhN2xRRRAB,शांत व मानसिक समाधान देणार धार्मिक स्थळ  (Translated by Google) …,a year ago,2023-02-02 20:44:55.806700,5.0,Pramod Choudhary,0,0,https://www.google.com/maps/contrib/114194872825683766679/reviews?hl=en-US
ChdDSUhNMG9nS0VJQ0FnSUR5NmJPc3lRRRAB,"Very big temple, so many shiva lingas are there, neatly maintained and pleasant place.",a year ago,2023-02-02 20:44:55.807578,5.0,Jagadeesh C,0,0,https://www.google.com/maps/contrib/104051494205730480355/reviews?hl=en-US
ChdDSUhNMG9nS0VJQ0FnSUR5NFlQSmpBRRAB,,a year ago,2023-02-02 20:44:55.808526,4.0,Gourav Sarsambi,0,0,https://www.google.com/maps/contrib/102596031007932958490/reviews?hl=en-US
ChZDSUhNMG9nS0VJQ0FnSUR5OUwzSEV3EAE,Nice and holy place,a year ago,2023-02-02 20:44:55.809379,4.0,Raj Jadhav,0,0,https://www.google.com/maps/contrib/103396871112513780343/reviews?hl=en-US
ChdDSUhNMG9nS0VJQ0FnSUR5d2NlNTVRRRAB,,a year ago,2023-02-02 20:44:55.810240,5.0,jay joshi,0,0,https://www.google.com/maps/contrib/104175338784551393228/reviews?hl=en-US
ChZDSUhNMG9nS0VJQ0FnSUR5d1lIbllBEAE,It's gramdaivat for all solapurkar  (Translated by Google) It's grammar for all solapurkar,a year ago,2023-02-02 20:45:03.430615,5.0,Kashinath chormale,0,0,https://www.google.com/maps/contrib/113763052177973067755/reviews?hl=en-US
ChdDSUhNMG9nS0VJQ0FnSUR5d2Npbm1RRRAB,,a year ago,2023-02-02 20:45:03.431655,1.0,Vitthal zinje,0,0,https://www.google.com/maps/contrib/100783904485584872002/reviews?hl=en-US
ChZDSUhNMG9nS0VJQ0FnSUR5Z1lMNFpREAE,Place of Peace,a year ago,2023-02-02 20:45:03.432612,5.0,chetan babar,0,0,https://www.google.com/maps/contrib/100387820501505102873/reviews?hl=en-US
ChZDSUhNMG9nS0VJQ0FnSUR5bnVPcFRnEAE,Nice place,a year ago,2023-02-02 20:45:03.433576,5.0,swasa satish,0,0,https://www.google.com/maps/contrib/109719406154185561188/reviews?hl=en-US
ChdDSUhNMG9nS0VJQ0FnSUQwLWVuSDJ3RRAB,Lord siddheshwar . Its very beautiful place in solapur for piece of mined .,a year ago,2023-02-02 20:45:03.434540,5.0,Pavan Mondhe,0,0,https://www.google.com/maps/contrib/109636957658221520544/reviews?hl=en-US
ChdDSUhNMG9nS0VJQ0FnSUR5cnA3ZW5BRRAB,,a year ago,2023-02-02 20:45:03.435525,4.0,Poonam Gawade,0,0,https://www.google.com/maps/contrib/115905587794376208453/reviews?hl=en-US
ChdDSUhNMG9nS0VJQ0FnSUR5anJTTm5RRRAB,,a year ago,2023-02-02 20:45:03.436408,4.0,Mahavir Shrishrimal,0,0,https://www.google.com/maps/contrib/102335776718311665574/reviews?hl=en-US
ChZDSUhNMG9nS0VJQ0FnSUR5aHFIYk93EAE,Nice place and daily given prasad,a year ago,2023-02-02 20:45:03.437313,4.0,Chandrakanth M Neelur,0,0,https://www.google.com/maps/contrib/115574484902535683904/reviews?hl=en-US
ChZDSUhNMG9nS0VJQ0FnSUR5cXJPT2ZBEAE,Nice temple,a year ago,2023-02-02 20:45:03.438341,5.0,siddharam vitkar,0,0,https://www.google.com/maps/contrib/106038038560666924566/reviews?hl=en-US
ChdDSUhNMG9nS0VJQ0FnSUR5OHJ1NnZBRRAB,Peace got it's new place to be...,a year ago,2023-02-02 20:45:03.439339,4.0,adwait kulkarni,0,0,https://www.google.com/maps/contrib/104733445216923516750/reviews?hl=en-US
