id_review,caption,relative_date,retrieval_date,rating,username,n_review_user,n_photo_user,url_user
ChdDSUhNMG9nS0VJQ0FnSUNoZ09TNXB3RRAB,,12 hours ago,2023-02-02 22:04:23.363044,5.0,Abju Hannure,0,0,https://www.google.com/maps/contrib/107849923725437864546/reviews?hl=en-US
ChdDSUhNMG9nS0VJQ0FnSURCXy02aXV3RRAB,,16 hours ago,2023-02-02 22:04:23.364661,1.0,Bhushan Jahagirdar,0,0,https://www.google.com/maps/contrib/106664591036487078540/reviews?hl=en-US
ChZDSUhNMG9nS0VJQ0FnSURCN19IUlBBEAE,Nice treatment,a day ago,2023-02-02 22:04:23.366262,5.0,Akshay Raut,0,0,https://www.google.com/maps/contrib/113191929625809263824/reviews?hl=en-US
ChdDSUhNMG9nS0VJQ0FnSURCajlyUjJnRRAB,,2 days ago,2023-02-02 22:04:23.367981,5.0,Ajij Shaikh,0,0,https://www.google.com/maps/contrib/117188365196365519611/reviews?hl=en-US
ChdDSUhNMG9nS0VJQ0FnSURCOTk2MjVBRRAB,,2 days ago,2023-02-02 22:04:23.369932,2.0,daud shikalgar,0,0,https://www.google.com/maps/contrib/107412776050928614285/reviews?hl=en-US
ChZDSUhNMG9nS0VJQ0FnSURCbF9mZld3EAE,,2 days ago,2023-02-02 22:04:23.372587,2.0,Wasim shaikh,0,0,https://www.google.com/maps/contrib/103930535132383218999/reviews?hl=en-US
ChZDSUhNMG9nS0VJQ0FnSURCbV9PckhBEAE,,4 days ago,2023-02-02 22:04:23.374809,5.0,Jaker Bagwan,0,0,https://www.google.com/maps/contrib/103949391439157886274/reviews?hl=en-US
ChdDSUhNMG9nS0VJQ0FnSURCeS1yQnZRRRAB,Bahut Aacha lga thank you  (Translated by Google) Bahut aacha lga thank you,4 days ago,2023-02-02 22:04:23.376613,1.0,Manoj Londhe,0,0,https://www.google.com/maps/contrib/107100062788109436656/reviews?hl=en-US
ChdDSUhNMG9nS0VJQ0FnSURCblplLWp3RRAB,,a week ago,2023-02-02 22:04:23.378240,4.0,Amir Damate,0,0,https://www.google.com/maps/contrib/113987245703245379762/reviews?hl=en-US
ChZDSUhNMG9nS0VJQ0FnSURCOFpHcEl3EAE,,a week ago,2023-02-02 22:04:23.379809,5.0,Gokul londhe Londhe,0,0,https://www.google.com/maps/contrib/101592202699677681009/reviews?hl=en-US
ChZDSUhNMG9nS0VJQ0FnSURTaVlybEZ3EAE,,a week ago,2023-02-02 22:04:23.381339,5.0,Akash Ubale,0,0,https://www.google.com/maps/contrib/100539336479994768636/reviews?hl=en-US
ChZDSUhNMG9nS0VJQ0FnSURCdnVydUF3EAE,,a week ago,2023-02-02 22:04:23.383027,5.0,Bhagyashri walunjkar,0,0,https://www.google.com/maps/contrib/118192600127145841477/reviews?hl=en-US
ChZDSUhNMG9nS0VJQ0FnSURCM29PbVF3EAE,,a week ago,2023-02-02 22:04:23.384657,5.0,aslam lake,0,0,https://www.google.com/maps/contrib/101307944934374929274/reviews?hl=en-US
ChZDSUhNMG9nS0VJQ0FnSURCN3BIU1RnEAE,,a week ago,2023-02-02 22:04:23.386279,5.0,Shahrukh Shaikh,0,0,https://www.google.com/maps/contrib/101475284834052914844/reviews?hl=en-US
ChdDSUhNMG9nS0VJQ0FnSURCeHQzQWh3RRAB,So beautiful place of tourism,2 weeks ago,2023-02-02 22:04:23.388256,5.0,Dinesh Khandale,0,0,https://www.google.com/maps/contrib/107084505702773622861/reviews?hl=en-US
ChdDSUhNMG9nS0VJQ0FnSURCdXN2aXZ3RRAB,,2 weeks ago,2023-02-02 22:04:23.389755,5.0,Bharat M Suryawanshi,0,0,https://www.google.com/maps/contrib/110483057475598291295/reviews?hl=en-US
ChZDSUhNMG9nS0VJQ0FnSURCeW83bFhnEAE,,2 weeks ago,2023-02-02 22:04:23.391206,4.0,Parvej Khan,0,0,https://www.google.com/maps/contrib/102907254660987167267/reviews?hl=en-US
ChdDSUhNMG9nS0VJQ0FnSURCOHItM2lBRRAB,परांडा किल्ला हा अतिशय सुंदर असून भक्कम आहे ‌. किल्ल्यात प्रवेश करण्यासाठी दहा रुपये फी आकारण्यात येते . प्रवेशाची फी वाढवून स्वच्छता कर्मचाऱ्यांची नेमणूक करणे गरजेचे आहे. …,2 weeks ago,2023-02-02 22:04:23.392802,5.0,Rushi rushi,0,0,https://www.google.com/maps/contrib/113351170378959500018/reviews?hl=en-US
ChZDSUhNMG9nS0VJQ0FnSURCcklIaU9REAE,,2 weeks ago,2023-02-02 22:04:23.394379,5.0,Govind Warkad,0,0,https://www.google.com/maps/contrib/110254318561170150424/reviews?hl=en-US
ChZDSUhNMG9nS0VJQ0FnSURCektiMUx3EAE,"Beautiful mosque,",2 weeks ago,2023-02-02 22:04:23.399179,5.0,Shaukat Atar,0,0,https://www.google.com/maps/contrib/106597717053549950599/reviews?hl=en-US
ChZDSUhNMG9nS0VJQ0FnSURCakxYUFl3EAE,,2 weeks ago,2023-02-02 22:04:31.287727,5.0,KISHOR LANDGE,0,0,https://www.google.com/maps/contrib/102508643034234700248/reviews?hl=en-US
ChZDSUhNMG9nS0VJQ0FnSURCMU1LSExnEAE,एक नंबर जेवण,3 weeks ago,2023-02-02 22:04:31.289771,1.0,Prathmesh Dabhade,0,0,https://www.google.com/maps/contrib/103406345566706374963/reviews?hl=en-US
ChZDSUhNMG9nS0VJQ0FnSURCbE1IY1FBEAE,,3 weeks ago,2023-02-02 22:04:31.291867,3.0,asif shaikh,0,0,https://www.google.com/maps/contrib/112715087605127052956/reviews?hl=en-US
ChdDSUhNMG9nS0VJQ0FnSURCNU1mRnNnRRAB,Lb photography,3 weeks ago,2023-02-02 22:04:31.293701,5.0,ᖱƙ_ ρнοτοgяαρнγ,0,0,https://www.google.com/maps/contrib/117593946042221382206/reviews?hl=en-US
ChZDSUhNMG9nS0VJQ0FnSURCMkw2aUF3EAE,,3 weeks ago,2023-02-02 22:04:31.295487,2.0,shriram karadkar,0,0,https://www.google.com/maps/contrib/111557577237996519966/reviews?hl=en-US
ChdDSUhNMG9nS0VJQ0FnSURCMkl5aXNBRRAB,Awesome fort....the fort is not well maintained but still you can spend more than 2 hrs there easily. The fort is telling a lot more history than you expected. There are so many big canons that you can just think how they do it at that time.... it's very surprising for me to watch and collect information about fort,3 weeks ago,2023-02-02 22:04:31.297482,4.0,Gaurav Patil,0,0,https://www.google.com/maps/contrib/109397538193299139016/reviews?hl=en-US
ChZDSUhNMG9nS0VJQ0FnSURCcUtpakpBEAE,,3 weeks ago,2023-02-02 22:04:31.299452,5.0,Pragati Jadhav-Chavan,0,0,https://www.google.com/maps/contrib/114343657745828924364/reviews?hl=en-US
ChdDSUhNMG9nS0VJQ0FnSURCcU9DODNnRRAB,,3 weeks ago,2023-02-02 22:04:31.301677,3.0,akshay holkar,0,0,https://www.google.com/maps/contrib/103730204557259879804/reviews?hl=en-US
ChdDSUhNMG9nS0VJQ0FnSURnM2FtZDZBRRAB,लय भारी....  (Translated by Google) Heavy tone....,3 weeks ago,2023-02-02 22:04:31.303706,5.0,saudagar chavan,0,0,https://www.google.com/maps/contrib/112818987120979034994/reviews?hl=en-US
ChdDSUhNMG9nS0VJQ0FnSURCa0xiSW5RRRAB,,3 weeks ago,2023-02-02 22:04:31.305646,5.0,RAMDAS HORE,0,0,https://www.google.com/maps/contrib/107492912174081731022/reviews?hl=en-US
ChdDSUhNMG9nS0VJQ0FnSURCNExyS2xRRRAB,Best place to visit in paranada,3 weeks ago,2023-02-02 22:04:38.586101,5.0,TUSHAR JAGTAP,0,0,https://www.google.com/maps/contrib/104313770126889959620/reviews?hl=en-US
ChdDSUhNMG9nS0VJQ0FnSUNCXzVTYTlnRRAB,,3 weeks ago,2023-02-02 22:04:38.587244,4.0,Datta Jadhav,0,0,https://www.google.com/maps/contrib/109907874720378381566/reviews?hl=en-US
ChdDSUhNMG9nS0VJQ0FnSUNCdjhULXJRRRAB,,3 weeks ago,2023-02-02 22:04:38.588399,4.0,Sanjay Koli,0,0,https://www.google.com/maps/contrib/109430687976669880554/reviews?hl=en-US
ChZDSUhNMG9nS0VJQ0FnSUNCMy1PS1hnEAE,,3 weeks ago,2023-02-02 22:04:38.589449,1.0,WAJID PINJARI,0,0,https://www.google.com/maps/contrib/101563641990726683549/reviews?hl=en-US
ChdDSUhNMG9nS0VJQ0FnSUNCcjczdDZnRRAB,,3 weeks ago,2023-02-02 22:04:38.597374,5.0,Akash Yadav,0,0,https://www.google.com/maps/contrib/115883724399323253682/reviews?hl=en-US
ChZDSUhNMG9nS0VJQ0FnSUNCejkzU0xBEAE,एकदम छान फक्त दुरुस्ती करायला पाहिजे  (Translated by Google) Very nice just needs to be repaired,3 weeks ago,2023-02-02 22:04:38.598564,5.0,NDG,0,0,https://www.google.com/maps/contrib/108633357189611855401/reviews?hl=en-US
ChZDSUhNMG9nS0VJQ0FnSUNCOTcyQ1NREAE,,3 weeks ago,2023-02-02 22:04:38.599700,5.0,Vivek Thakkar,0,0,https://www.google.com/maps/contrib/108342691529437172878/reviews?hl=en-US
ChdDSUhNMG9nS0VJQ0FnSUNCM3VDMGlRRRAB,Historical place,3 weeks ago,2023-02-02 22:04:38.600799,4.0,Anil More,0,0,https://www.google.com/maps/contrib/111294395961605612120/reviews?hl=en-US
ChdDSUhNMG9nS0VJQ0FnSUNCbDRYNGhBRRAB,,3 weeks ago,2023-02-02 22:04:38.601851,5.0,Akash Parekar,0,0,https://www.google.com/maps/contrib/114934774754663698978/reviews?hl=en-US
ChZDSUhNMG9nS0VJQ0FnSUNCLTk2b2FnEAE,Exellent historical place,3 weeks ago,2023-02-02 22:04:38.602974,5.0,shaan e wali karamaate auliya,0,0,https://www.google.com/maps/contrib/116112608393139476667/reviews?hl=en-US
ChdDSUhNMG9nS0VJQ0FnSUNCbzhyRGdRRRAB,"Not much crowded, you can spend some time with friends exploring new tunnels and huge cannonballs",4 weeks ago,2023-02-02 22:04:45.508462,4.0,Museb Momin,0,0,https://www.google.com/maps/contrib/111451395653549460358/reviews?hl=en-US
ChZDSUhNMG9nS0VJQ0FnSUNCbzhpRFJ3EAE,,4 weeks ago,2023-02-02 22:04:45.509807,5.0,Akshay Bhosale,0,0,https://www.google.com/maps/contrib/100937446883377364614/reviews?hl=en-US
ChdDSUhNMG9nS0VJQ0FnSUNCeGNETXFnRRAB,Best place for visit and understand the older technology of building.,a month ago,2023-02-02 22:04:45.511039,5.0,SF,0,0,https://www.google.com/maps/contrib/105761604122284339198/reviews?hl=en-US
ChZDSUhNMG9nS0VJQ0FnSUNCMWJ1SFZnEAE,,a month ago,2023-02-02 22:04:45.512427,5.0,Kailas Khaire,0,0,https://www.google.com/maps/contrib/106493553185713733583/reviews?hl=en-US
ChZDSUhNMG9nS0VJQ0FnSUNCbFlXYk9nEAE,,a month ago,2023-02-02 22:04:45.513645,1.0,Sagar Raut,0,0,https://www.google.com/maps/contrib/113720490493854623792/reviews?hl=en-US
ChZDSUhNMG9nS0VJQ0FnSUNCNmZpLUxnEAE,,a month ago,2023-02-02 22:04:45.514836,3.0,dilip rathod 3454,0,0,https://www.google.com/maps/contrib/118106284281094134248/reviews?hl=en-US
ChdDSUhNMG9nS0VJQ0FnSUNCb2M3RWtnRRAB,,a month ago,2023-02-02 22:04:45.516077,5.0,Nilofar Shaikh,0,0,https://www.google.com/maps/contrib/117138098588360972629/reviews?hl=en-US
ChdDSUhNMG9nS0VJQ0FnSUNCbnY2R3pRRRAB,,a month ago,2023-02-02 22:04:45.517308,4.0,Shubham Landage,0,0,https://www.google.com/maps/contrib/109056804990497677629/reviews?hl=en-US
ChZDSUhNMG9nS0VJQ0FnSUNCOXVXTGFREAE,,a month ago,2023-02-02 22:04:45.518493,5.0,mauli sales,0,0,https://www.google.com/maps/contrib/111618684028063832709/reviews?hl=en-US
ChdDSUhNMG9nS0VJQ0FnSUNCOXVHOHF3RRAB,,a month ago,2023-02-02 22:04:45.519753,4.0,Sania Bagban,0,0,https://www.google.com/maps/contrib/104819766858487518826/reviews?hl=en-US
ChZDSUhNMG9nS0VJQ0FnSUNCbHVpMVB3EAE,,a month ago,2023-02-02 22:04:53.080735,4.0,Ajay Warat,0,0,https://www.google.com/maps/contrib/113609898279421217881/reviews?hl=en-US
ChdDSUhNMG9nS0VJQ0FnSUNCaHVUQTF3RRAB,,a month ago,2023-02-02 22:04:53.082112,5.0,tanaji arane,0,0,https://www.google.com/maps/contrib/113745847556990012081/reviews?hl=en-US
ChdDSUhNMG9nS0VJQ0FnSUNCLW9TZjRnRRAB,Not good,a month ago,2023-02-02 22:04:53.083444,1.0,Krushna Jagdale,0,0,https://www.google.com/maps/contrib/106570636146523790154/reviews?hl=en-US
ChZDSUhNMG9nS0VJQ0FnSUNCdXFlbFF3EAE,,a month ago,2023-02-02 22:04:53.084862,5.0,nilkanth havsare,0,0,https://www.google.com/maps/contrib/109322022316942326516/reviews?hl=en-US
ChRDSUhNMG9nS0VJQ0FnSUNCcXJNZxAB,,a month ago,2023-02-02 22:04:53.086261,3.0,Vinod Mahanwar,0,0,https://www.google.com/maps/contrib/109787085129511741838/reviews?hl=en-US
ChZDSUhNMG9nS0VJQ0FnSUMtbUxtS2Z3EAE,historical place,a month ago,2023-02-02 22:04:53.087554,4.0,Rohit Aher,0,0,https://www.google.com/maps/contrib/118314935020167106178/reviews?hl=en-US
ChZDSUhNMG9nS0VJQ0FnSUNCb3JlbVpREAE,,a month ago,2023-02-02 22:04:53.088872,4.0,kumar kotambri,0,0,https://www.google.com/maps/contrib/103254040279558116804/reviews?hl=en-US
ChZDSUhNMG9nS0VJQ0FnSUNCX01EZUdnEAE,,a month ago,2023-02-02 22:04:53.090048,4.0,Prashant Madane,0,0,https://www.google.com/maps/contrib/116195081883739157899/reviews?hl=en-US
ChdDSUhNMG9nS0VJQ0FnSUNCek52cDNnRRAB,,a month ago,2023-02-02 22:04:53.091214,5.0,Vaibhav Kadbhane,0,0,https://www.google.com/maps/contrib/114133334935518720289/reviews?hl=en-US
ChdDSUhNMG9nS0VJQ0FnSUNCeEozRF9RRRAB,It is very good condition fort. Good to see the ancient time.,a month ago,2023-02-02 22:04:53.094078,4.0,Shripad Kulkarni,0,0,https://www.google.com/maps/contrib/100106877771655045396/reviews?hl=en-US
ChdDSUhNMG9nS0VJQ0FnSURnMDRqNHFnRRAB,Good historical heritage place. Always peacefully and calm. If you want to relax for weekend that the good one.,a month ago,2023-02-02 22:05:01.232808,5.0,TOFIK SHAIKH,0,0,https://www.google.com/maps/contrib/109166698217745669945/reviews?hl=en-US
ChZDSUhNMG9nS0VJQ0FnSUNCc0lxVENnEAE,Nice,a month ago,2023-02-02 22:05:01.234271,5.0,shridhar kulkarni,0,0,https://www.google.com/maps/contrib/115922082463814195105/reviews?hl=en-US
ChZDSUhNMG9nS0VJQ0FnSUNCMElXUEp3EAE,,a month ago,2023-02-02 22:05:01.235778,5.0,Vishakha Wagaj,0,0,https://www.google.com/maps/contrib/111021904312996731225/reviews?hl=en-US
ChZDSUhNMG9nS0VJQ0FnSUQtcjZ2LU1nEAE,,a month ago,2023-02-02 22:05:01.237151,5.0,Rohit Kolekar,0,0,https://www.google.com/maps/contrib/109117840773814739478/reviews?hl=en-US
ChZDSUhNMG9nS0VJQ0FnSUQtejVqN0d3EAE,,a month ago,2023-02-02 22:05:01.238608,5.0,Kharad Dnyaneshwar,0,0,https://www.google.com/maps/contrib/117059010983094643524/reviews?hl=en-US
ChZDSUhNMG9nS0VJQ0FnSUQtOTV1aUxREAE,,a month ago,2023-02-02 22:05:01.240099,2.0,Soudagar Doke,0,0,https://www.google.com/maps/contrib/101347642011381688438/reviews?hl=en-US
ChZDSUhNMG9nS0VJQ0FnSUQtOTlpUlpREAE,,a month ago,2023-02-02 22:05:01.241431,5.0,Gaurav chaudhary,0,0,https://www.google.com/maps/contrib/111497594119354219110/reviews?hl=en-US
ChdDSUhNMG9nS0VJQ0FnSUQtdDRIbl9RRRAB,,a month ago,2023-02-02 22:05:01.242677,5.0,Krushna Gaikwad,0,0,https://www.google.com/maps/contrib/107025564292315387039/reviews?hl=en-US
ChdDSUhNMG9nS0VJQ0FnSUQtbDZiNHpBRRAB,,a month ago,2023-02-02 22:05:01.243969,5.0,subhash chavan,0,0,https://www.google.com/maps/contrib/112758783067882503856/reviews?hl=en-US
ChdDSUhNMG9nS0VJQ0FnSUQtcF9iUWpnRRAB,,a month ago,2023-02-02 22:05:01.245150,5.0,रोहिदास आतकर,0,0,https://www.google.com/maps/contrib/100999107912220266053/reviews?hl=en-US
ChdDSUhNMG9nS0VJQ0FnSUQtaDVXeTlBRRAB,,a month ago,2023-02-02 22:05:08.426014,5.0,AKSHAY DETHE,0,0,https://www.google.com/maps/contrib/111659896754020255954/reviews?hl=en-US
ChdDSUhNMG9nS0VJQ0FnSUQtc18yd21RRRAB,7 stars for fort and  -2 stars for archeological department and -2 stars for  maintenance authority. …,a month ago,2023-02-02 22:05:08.427363,3.0,Vaibhav Sathe,0,0,https://www.google.com/maps/contrib/115197717673013817424/reviews?hl=en-US
ChdDSUhNMG9nS0VJQ0FnSUQtNF9EQjV3RRAB,,a month ago,2023-02-02 22:05:08.428738,5.0,Akshay Godage,0,0,https://www.google.com/maps/contrib/106358014696527617405/reviews?hl=en-US
ChdDSUhNMG9nS0VJQ0FnSUQtX1p6QTRBRRAB,,a month ago,2023-02-02 22:05:08.429864,3.0,Bhujang Maske,0,0,https://www.google.com/maps/contrib/104901896892570379035/reviews?hl=en-US
ChZDSUhNMG9nS0VJQ0FnSUQtbmI2OU9BEAE,,a month ago,2023-02-02 22:05:08.431038,5.0,Kusum Laddha,0,0,https://www.google.com/maps/contrib/109936440469095609361/reviews?hl=en-US
ChZDSUhNMG9nS0VJQ0FnSUQtblpTSVhREAE,,a month ago,2023-02-02 22:05:08.432121,5.0,Rehan Sayyad,0,0,https://www.google.com/maps/contrib/102733705898121695977/reviews?hl=en-US
ChZDSUhNMG9nS0VJQ0FnSUQtemRyMk53EAE,,a month ago,2023-02-02 22:05:08.433153,3.0,Akash Umesh Tiwari,0,0,https://www.google.com/maps/contrib/103488170941525890333/reviews?hl=en-US
ChdDSUhNMG9nS0VJQ0FnSUQtMWVhWjR3RRAB,किल्ला लष्करी वास्तुकला आणि सैन्य - अभियांत्रिकी वैशिष्ट्यांसाठी प्रसिद्ध आहे  (Translated by Google) …,a month ago,2023-02-02 22:05:08.434242,5.0,Subhash Muley,0,0,https://www.google.com/maps/contrib/116945962821081525641/reviews?hl=en-US
ChdDSUhNMG9nS0VJQ0FnSUQtNWVmZ2l3RRAB,,a month ago,2023-02-02 22:05:08.435365,5.0,Shraddha Shingade,0,0,https://www.google.com/maps/contrib/103839063337093334029/reviews?hl=en-US
ChdDSUhNMG9nS0VJQ0FnSUQtaGVhcXN3RRAB,,a month ago,2023-02-02 22:05:08.436543,4.0,aakash Dhage,0,0,https://www.google.com/maps/contrib/115199890815570182238/reviews?hl=en-US
ChdDSUhNMG9nS0VJQ0FnSUQtLWVfa3pRRRAB,,a month ago,2023-02-02 22:05:16.215427,5.0,Akshay Revadkar,0,0,https://www.google.com/maps/contrib/104837745686175394119/reviews?hl=en-US
ChZDSUhNMG9nS0VJQ0FnSUQtLWZ2SUF3EAE,,a month ago,2023-02-02 22:05:16.216576,4.0,Vebs Jagtap,0,0,https://www.google.com/maps/contrib/104744175584065003152/reviews?hl=en-US
ChdDSUhNMG9nS0VJQ0FnSUQtMmNQRDJnRRAB,,a month ago,2023-02-02 22:05:16.217700,4.0,Amol chavan,0,0,https://www.google.com/maps/contrib/113977424890739166390/reviews?hl=en-US
ChdDSUhNMG9nS0VJQ0FnSUQtMGZiYXZRRRAB,It is a big and oldest fort build by the maharaja's,2 months ago,2023-02-02 22:05:16.218838,5.0,Rajlakshmi Kashyap,0,0,https://www.google.com/maps/contrib/107435821349246594239/reviews?hl=en-US
ChdDSUhNMG9nS0VJQ0FnSUQtb2ZpcXNnRRAB,,2 months ago,2023-02-02 22:05:16.219955,5.0,mithun majage,0,0,https://www.google.com/maps/contrib/107369154146188032359/reviews?hl=en-US
ChZDSUhNMG9nS0VJQ0FnSUQtZ2M2MFpnEAE,,2 months ago,2023-02-02 22:05:16.220985,5.0,rohan gore,0,0,https://www.google.com/maps/contrib/101007271132487722879/reviews?hl=en-US
ChZDSUhNMG9nS0VJQ0FnSUQtcnYySGRnEAE,,2 months ago,2023-02-02 22:05:16.222041,5.0,Rohit Mhetre,0,0,https://www.google.com/maps/contrib/114228698458973097929/reviews?hl=en-US
ChdDSUhNMG9nS0VJQ0FnSUQtOXVqVzV3RRAB,,2 months ago,2023-02-02 22:05:16.223063,2.0,ganesh lamture,0,0,https://www.google.com/maps/contrib/117226472315826791408/reviews?hl=en-US
ChdDSUhNMG9nS0VJQ0FnSUQtaG83ZXh3RRAB,,2 months ago,2023-02-02 22:05:16.224127,5.0,Vipul Shah,0,0,https://www.google.com/maps/contrib/111229015274030874630/reviews?hl=en-US
ChZDSUhNMG9nS0VJQ0FnSUQtaG9USE5BEAE,,2 months ago,2023-02-02 22:05:16.225091,5.0,Akshda Markad,0,0,https://www.google.com/maps/contrib/101700361013030929681/reviews?hl=en-US
ChdDSUhNMG9nS0VJQ0FnSUQtMnREMjVRRRAB,Best,2 months ago,2023-02-02 22:05:24.421716,5.0,KALE SARKAR 143,0,0,https://www.google.com/maps/contrib/110091945844460315550/reviews?hl=en-US
ChZDSUhNMG9nS0VJQ0FnSUQtaXRYa1V3EAE,,2 months ago,2023-02-02 22:05:24.424316,5.0,Sagar Shinde,0,0,https://www.google.com/maps/contrib/106814858817038902249/reviews?hl=en-US
ChdDSUhNMG9nS0VJQ0FnSUQtOHVMTHlnRRAB,So much things to see,2 months ago,2023-02-02 22:05:24.426133,5.0,Ruksana Tamboli,0,0,https://www.google.com/maps/contrib/102354213295055901837/reviews?hl=en-US
ChdDSUhNMG9nS0VJQ0FnSUQtelBmRHdRRRAB,,2 months ago,2023-02-02 22:05:24.427904,5.0,Abhijeet Rite,0,0,https://www.google.com/maps/contrib/113430987570729590167/reviews?hl=en-US
ChZDSUhNMG9nS0VJQ0FnSUQteEpXTEp3EAE,,2 months ago,2023-02-02 22:05:24.429498,4.0,Digvijay tonape,0,0,https://www.google.com/maps/contrib/104332340631679213973/reviews?hl=en-US
ChdDSUhNMG9nS0VJQ0FnSUQtaE1Pdjh3RRAB,Ok ok experience ☺️☺️,2 months ago,2023-02-02 22:05:24.431083,4.0,Asif Khan,0,0,https://www.google.com/maps/contrib/111697918919095860182/reviews?hl=en-US
ChdDSUhNMG9nS0VJQ0FnSUQtbU5Dbl93RRAB,,2 months ago,2023-02-02 22:05:24.432721,5.0,Amjad Pathan,0,0,https://www.google.com/maps/contrib/100894974170527717575/reviews?hl=en-US
ChdDSUhNMG9nS0VJQ0FnSUQtNlBuajRBRRAB,,2 months ago,2023-02-02 22:05:24.434313,5.0,Munwar Shaikh,0,0,https://www.google.com/maps/contrib/105041089984157650711/reviews?hl=en-US
ChdDSUhNMG9nS0VJQ0FnSUQtNklhRnZRRRAB,,2 months ago,2023-02-02 22:05:24.435971,4.0,Yogesh Shelvane,0,0,https://www.google.com/maps/contrib/106636891528672071449/reviews?hl=en-US
ChdDSUhNMG9nS0VJQ0FnSUQtNk1xdjRnRRAB,,2 months ago,2023-02-02 22:05:24.438646,4.0,Balaji Shinde,0,0,https://www.google.com/maps/contrib/111649518447985128897/reviews?hl=en-US
ChdDSUhNMG9nS0VJQ0FnSUQtNk9EVjN3RRAB,,2 months ago,2023-02-02 22:05:32.295641,2.0,राम उदमले,0,0,https://www.google.com/maps/contrib/109895516773769401349/reviews?hl=en-US
ChRDSUhNMG9nS0VJQ0FnSUQtaU5sNhAB,,2 months ago,2023-02-02 22:05:32.296834,1.0,Deva Chavan,0,0,https://www.google.com/maps/contrib/107172523018983397176/reviews?hl=en-US
ChdDSUhNMG9nS0VJQ0FnSUQtOE52bTZRRRAB,,2 months ago,2023-02-02 22:05:32.297927,5.0,Altaf Fakir,0,0,https://www.google.com/maps/contrib/115843778887798194171/reviews?hl=en-US
ChdDSUhNMG9nS0VJQ0FnSUQtb0k2MjhnRRAB,Nice place,2 months ago,2023-02-02 22:05:32.299087,5.0,Shaikh Naheed,0,0,https://www.google.com/maps/contrib/117790750978816889750/reviews?hl=en-US
ChdDSUhNMG9nS0VJQ0FnSUQtZ0ozWjNnRRAB,Best,2 months ago,2023-02-02 22:05:32.300392,4.0,Jakir pathan,0,0,https://www.google.com/maps/contrib/111301807513259887286/reviews?hl=en-US
ChdDSUhNMG9nS0VJQ0FnSUMtbi0yejJnRRAB,,2 months ago,2023-02-02 22:05:32.301725,5.0,Dipak Gaware 007,0,0,https://www.google.com/maps/contrib/107085151734828316520/reviews?hl=en-US
ChdDSUhNMG9nS0VJQ0FnSUMtdDh1ZGdBRRAB,,2 months ago,2023-02-02 22:05:32.303021,5.0,Avinash Keskar,0,0,https://www.google.com/maps/contrib/109602932187253070742/reviews?hl=en-US
ChZDSUhNMG9nS0VJQ0FnSUMtbDhQRVBREAE,Best historical place in paranda to vosit,2 months ago,2023-02-02 22:05:32.304338,5.0,BHARAT DIVE,0,0,https://www.google.com/maps/contrib/116061241885743302448/reviews?hl=en-US
ChZDSUhNMG9nS0VJQ0FnSUMtcDdLQkZBEAE,,2 months ago,2023-02-02 22:05:32.305681,5.0,Samadhan Musale,0,0,https://www.google.com/maps/contrib/113928965623011335295/reviews?hl=en-US
ChdDSUhNMG9nS0VJQ0FnSUMteDVmdHVBRRAB,,2 months ago,2023-02-02 22:05:32.307443,5.0,Feroj Shaikh,0,0,https://www.google.com/maps/contrib/104947691454061904355/reviews?hl=en-US
