id_review,caption,relative_date,retrieval_date,rating,username,n_review_user,n_photo_user,url_user
ChZDSUhNMG9nS0VJQ0FnSUNob0t2Z0xnEAE,Nice place,54 minutes ago,2023-02-02 22:06:27.486938,5.0,Nagendra Rao,0,0,https://www.google.com/maps/contrib/114348682028200416607/reviews?hl=en-US
ChZDSUhNMG9nS0VJQ0FnSUNob1BYYktBEAE,,an hour ago,2023-02-02 22:06:27.488115,5.0,Raju Jalla,0,0,https://www.google.com/maps/contrib/101938281502785472014/reviews?hl=en-US
ChdDSUhNMG9nS0VJQ0FnSUNob0pYeml3RRAB,,an hour ago,2023-02-02 22:06:27.489199,5.0,kamlesh prajapati,0,0,https://www.google.com/maps/contrib/108569034458767351649/reviews?hl=en-US
ChdDSUhNMG9nS0VJQ0FnSUNob09XSGx3RRAB,"बदलले(!) स्वर्गाचे दार करवीर निवासिनी श्री महालक्ष्मी अर्थात आई अंबाबाईचे मंदिर म्हणजे प्राचीन शिल्पवैभवाचा एक उत्तम नमुना. या मंदिराला अनेक रचना वैशिष्ट्य आहेत. या मंदिरातला पहिला मंडप म्हणजे मुख मंडप अर्थात गणेश मंडप या मंडपाला पूर्वी पश्चिमेकडूनही रस्ता होता परंतु गरुड मंडपाच्या उभारणीनंतर हा पश्चिमेचा दरवाजा बंद होऊन फक्त उत्तर आणि दक्षिणेहून रस्ता सुरू राहिला त्यानंतर येतो तो मध्यमंडप ,याचा पश्चिमेचा रस्ता गणेश मंडपाकडे जातो उत्तरेचा महाकालीकडे तर दक्षिणेचा महा सरस्वतीकडे या मंडपाला लागून पूर्वेला एक पितळेने मढवलेला भव्य उंबरा आहे. त्याला एक भव्य लाकडी दरवाजा देखील आहे हा उंबरा अर्थातच पितळी उंबरा उघडतो तो अंतराळ मंडपात. अंतराळ मंडप ही मंदिर शास्त्राची एक सुंदर संकल्पना आहे मुख्य मंडप अथवा मध्यमंडप या दोन्ही ठिकाणाहून देवतेचे दर्शन घडते पण इथं अनेक व्यवधानं आहेत ज्याला एकाग्र होऊन देवदर्शनासाठी जायचे आहे अशा भक्ताला जगापासून दूर नेऊन देवतेशी जोडणारा मंडप म्हणजे अंतराळ. करवीर निवासिनीच्या अंतराळ मंडपाला पितळी उंबरा असे म्हणून ओळखले जाते याच अंतराळ मंडपात जगदंबेचा जामदार खाना आहे, ज्याला खजिना म्हणून ओळखले जाते. श्रींच्या गर्भागाराचा उंबरा हा चांदीने मढवलेला आहे म्हणून गाभाऱ्याच्या दरवाजाला चांदी उंबरा म्हणून ओळखतात. रोज रात्री शेजारतीनंतर चांदीच्या उंबऱ्या वरती असलेल्या दरवाजाला कुलूप घालून गाभारा बंद होतो. त्यानंतर अंतराल मंडपामध्ये एक सुरक्षारक्षक रक्षणासाठी म्हणून आत मध्ये राहतो आणि पितळी उंबरा बंद केला जातो. एकदा बंद केलेला दरवाजा पहाटे काकड आरती पर्यंत कोणत्याही परिस्थितीत उगवल उघडला जात नाही. या दरवाज्याला सोयीसाठी एक छोटा दरवाजा अर्थात दिंडी दरवाजा देखील आहे गेली साधारणपणे दीड ते दोन शतक किंबहुना त्याहून अधिक काळ जगदंबेच्या दरबारात सेवा करणारा हा दरवाजा पश्चिम महाराष्ट्र देवस्थान व्यवस्थापन समितीच्या वतीने बदलला गेला साधारणपणे 510 किलो वजनाचा हा दरवाजा याला बिजागरी  नसून लाकडी व लोखंडी खुंटीनेच हा दरवाजा मंदिराच्या मूळ बांधकामामध्ये बसवला गेला होता. वारंवारच्या घर्षणामुळे या खुंट्या झिजून तसेच लाकडाच्या आयुर्मानामुळे हा दरवाजा हळूहळू खराब होऊ लागला होता .काल हा जुना दरवाजा बदलून त्या ठिकाणी सुंदर असा सागवानी लाकडाने तयार केलेला नवा दरवाजा या ठिकाणी बसवण्यात आला. जुन्या दरवाजापेक्षा वजनाने थोडा हलका परंतु ताकतीने तितकाच भक्कम असा हा दरवाजा कालपासून आईसाहेबांच्या सेवेत रुजू झाला एका अर्थाने भक्तजनांसाठी स्वर्ग असणाऱ्या जगदंबा चरणांच्या प्रवेशद्वाराचा हा दरवाजा मंदिराच्या वैभवात भर घालणारा ठरेल यात शंका नाही आणि हो यापूर्वी सेवा देणारा दरवाजा असाच जतन करून ठेवला जाईल त्याने दिलेल्या सेवेची स्मृती म्हणून. !!श्री मातृ चरणारविंदस्य दास प्रसन्न सशक्तीकः!!  (Translated by Google) Changed(!) Heaven's Door The temple of Karveer Niwasini Shri Mahalakshmi or Mother Ambabai is a fine specimen of ancient sculptural splendor. This temple has many architectural features. The first mandap in this temple is Mukh Mandap or Ganesha Mandap. This mandap used to have a road from the west but after the construction of Garuda Mandap this west door was closed and the road continued only from north and south. Adjacent to the mandapa to the east is a grand Umbra covered with brass. It also has a grand wooden door, this umber of course, a brass umber, opens into the space pavilion. Antara mandapa is a beautiful concept of temple shastra. Main mandapa or madhyamandapa can be seen from both places but there are many obstacles here. The space pavilion of Karveer Niwasini is known as Patli Umbra and the same space pavilion houses Jagdamba's Jamdar Khana, which is known as Khajina. The Umbra of Sri's Garbhagara is covered with silver, so the gate of the Garbhagara is known as the Silver Umbra. The gabhara is closed every night after the neighborhood by locking the door above the silver umbar. Then a security guard stays inside the interval mandapa for protection and the brass umbra is closed. A door once closed is under no circumstances opened until the early morning Kakad Aarti. For the convenience of this door, there is also a small door known as Dindi door. Generally, this door which served in the court of Jagdamba for one and a half to two centuries was replaced by the West Maharashtra Devasthan Management Committee. This door, weighing approximately 510 kg, is not hinged, but made of wooden and iron pegs. was installed in the original structure of the temple. Due to frequent friction, these pegs were worn out and the age of the wood gradually started to deteriorate the door. Yesterday, the old door was replaced with a new door made of beautiful teak wood. Lighter in weight than the old door but equally strong in strength, this door has joined the service of Aisaheb since yesterday. There is no doubt that this door at the entrance of Jagdamba Charan, which is heaven for devotees, will add to the glory of the temple and yes, the door that served earlier will be preserved in the memory of his service. therefore. !!Sri Matri Charanarvindasya Das Prasanna Sakhtikah!!",an hour ago,2023-02-02 22:06:27.490358,5.0,Veerdhaval Bhosale,0,0,https://www.google.com/maps/contrib/103397675473124590478/reviews?hl=en-US
ChZDSUhNMG9nS0VJQ0FnSURCNzlxNk1nEAE,"Planning to visit Kolhapur,this is must place to visit. Beautiful architecture with stone carvings, but it is very crowded. There are many shops inside the temple for shopping thusi and nath. There are 4 entries thereby helping in managing crowds. It is believed that visiting these temples as a pilgrimage helps to achieve moksha.",an hour ago,2023-02-02 22:06:27.491685,4.0,Damini Patil,0,0,https://www.google.com/maps/contrib/116504061036704969801/reviews?hl=en-US
ChZDSUhNMG9nS0VJQ0FnSUNob0xteFhnEAE,,an hour ago,2023-02-02 22:06:27.492802,5.0,Shefali Bhagwat,0,0,https://www.google.com/maps/contrib/108960218394673096485/reviews?hl=en-US
ChZDSUhNMG9nS0VJQ0FnSUNob015RVlBEAE,,3 hours ago,2023-02-02 22:06:27.493842,5.0,Mihir Divekar,0,0,https://www.google.com/maps/contrib/115630778190907223845/reviews?hl=en-US
ChdDSUhNMG9nS0VJQ0FnSUNob01qbnZ3RRAB,,3 hours ago,2023-02-02 22:06:27.494914,5.0,Vikram Kshirsagar,0,0,https://www.google.com/maps/contrib/104553833377042160687/reviews?hl=en-US
ChZDSUhNMG9nS0VJQ0FnSUNod0ktN2RREAE,,4 hours ago,2023-02-02 22:06:27.496026,1.0,Vikas Davar,0,0,https://www.google.com/maps/contrib/113952782569856301081/reviews?hl=en-US
ChdDSUhNMG9nS0VJQ0FnSUNod1BmLTFBRRAB,,4 hours ago,2023-02-02 22:06:27.497063,5.0,Paresh Haldonkar,0,0,https://www.google.com/maps/contrib/109973512490238489136/reviews?hl=en-US
ChZDSUhNMG9nS0VJQ0FnSUNod01mQld3EAE,Aai ambabai,4 hours ago,2023-02-02 22:06:27.498275,5.0,Shyagi MH Sindhudurg,0,0,https://www.google.com/maps/contrib/114610709232877185855/reviews?hl=en-US
ChdDSUhNMG9nS0VJQ0FnSUNod0thenJ3RRAB,,6 hours ago,2023-02-02 22:06:27.499425,5.0,Akshay More,0,0,https://www.google.com/maps/contrib/104076752301534116701/reviews?hl=en-US
ChZDSUhNMG9nS0VJQ0FnSUNod0x5T1B3EAE,,7 hours ago,2023-02-02 22:06:27.500542,5.0,Vishal Sah,0,0,https://www.google.com/maps/contrib/104853758490756084192/reviews?hl=en-US
ChdDSUhNMG9nS0VJQ0FnSUNod09DNm1RRRAB,Jay maha laxmi,8 hours ago,2023-02-02 22:06:27.501661,5.0,Babu Ram,0,0,https://www.google.com/maps/contrib/102119986476969815380/reviews?hl=en-US
ChdDSUhNMG9nS0VJQ0FnSUNoZ0ttUjB3RRAB,,10 hours ago,2023-02-02 22:06:27.502818,5.0,Shubham Pawar,0,0,https://www.google.com/maps/contrib/104904903398245345948/reviews?hl=en-US
ChdDSUhNMG9nS0VJQ0FnSUNoZ0s3OV93RRAB,,10 hours ago,2023-02-02 22:06:27.503976,5.0,Narendra Deosthale,0,0,https://www.google.com/maps/contrib/113712027522487608161/reviews?hl=en-US
ChZDSUhNMG9nS0VJQ0FnSUNoZ0s2ZFJBEAE,साडेतीन शक्ती पीठांपैकी एक शक्तीपीठ. आई अंबाबाई म्हणजेच श्री महालक्ष्मी मातेचे अतिसुंदर कोल्हापूर येथील प्रसिध्द मंदिर.🪷 जगदंब जगदंब 🪷 …,10 hours ago,2023-02-02 22:06:27.505170,4.0,Milind Bharde,0,0,https://www.google.com/maps/contrib/115869758896809801302/reviews?hl=en-US
ChdDSUhNMG9nS0VJQ0FnSUNoZ0xhM21BRRAB,,10 hours ago,2023-02-02 22:06:27.506305,5.0,vijay nigade,0,0,https://www.google.com/maps/contrib/109995535470542734254/reviews?hl=en-US
ChZDSUhNMG9nS0VJQ0FnSURCXy1mSVNBEAE,🌹🌹🌹🪔🥥🚩🙏🚩 …,14 hours ago,2023-02-02 22:06:27.507511,5.0,Bussa Satish Kumar,0,0,https://www.google.com/maps/contrib/108599782309296377234/reviews?hl=en-US
ChZDSUhNMG9nS0VJQ0FnSURCXzRYZWFnEAE,,15 hours ago,2023-02-02 22:06:27.508778,4.0,V. Srinivas Srinivas1233,0,0,https://www.google.com/maps/contrib/111020706633306107343/reviews?hl=en-US
ChZDSUhNMG9nS0VJQ0FnSURCdjUtbUlBEAE,Amma Laxmi devi,19 hours ago,2023-02-02 22:06:34.472617,5.0,SUBHAHAN BASHA THAKKASILA,0,0,https://www.google.com/maps/contrib/109495684149650066478/reviews?hl=en-US
ChdDSUhNMG9nS0VJQ0FnSURCdjgtXy1nRRAB,"Amazing place.,..love to visit again🙏🙏 …",19 hours ago,2023-02-02 22:06:34.473822,5.0,Aniruddha Jagtap,0,0,https://www.google.com/maps/contrib/100487762676731562295/reviews?hl=en-US
ChZDSUhNMG9nS0VJQ0FnSURCdjYyakxnEAE,,20 hours ago,2023-02-02 22:06:34.475041,5.0,Anil Gadekar,0,0,https://www.google.com/maps/contrib/109978453928161241069/reviews?hl=en-US
ChZDSUhNMG9nS0VJQ0FnSURCdjRIbVZBEAE,,21 hours ago,2023-02-02 22:06:34.476336,4.0,Anurag Mourya,0,0,https://www.google.com/maps/contrib/102876201567787713089/reviews?hl=en-US
ChZDSUhNMG9nS0VJQ0FnSURCdjZLMFh3EAE,,22 hours ago,2023-02-02 22:06:34.477464,4.0,Prashant Bachate,0,0,https://www.google.com/maps/contrib/114097174920996460804/reviews?hl=en-US
ChZDSUhNMG9nS0VJQ0FnSURCcC16N01BEAE,Very Good Historical Temple !,23 hours ago,2023-02-02 22:06:34.478684,5.0,Sunil Tote,0,0,https://www.google.com/maps/contrib/114806411345972267370/reviews?hl=en-US
ChZDSUhNMG9nS0VJQ0FnSURCMzhmX2VREAE,,a day ago,2023-02-02 22:06:34.479957,5.0,Renuka Shenoy,0,0,https://www.google.com/maps/contrib/110297643867185250271/reviews?hl=en-US
ChZDSUhNMG9nS0VJQ0FnSURCMzZuOVFREAE,,a day ago,2023-02-02 22:06:34.481209,5.0,chetan hurude,0,0,https://www.google.com/maps/contrib/106981066087932333955/reviews?hl=en-US
ChZDSUhNMG9nS0VJQ0FnSURCMzhUbUxBEAE,,a day ago,2023-02-02 22:06:34.482367,5.0,2130 29Aniket Kawale,0,0,https://www.google.com/maps/contrib/117080059510422167048/reviews?hl=en-US
ChdDSUhNMG9nS0VJQ0FnSURCbjc2RjF3RRAB,,a day ago,2023-02-02 22:06:34.483469,5.0,Dinesh Achantani,0,0,https://www.google.com/maps/contrib/107718777146293941216/reviews?hl=en-US
ChdDSUhNMG9nS0VJQ0FnSURCNzZXVHFnRRAB,Very beautiful temple,a day ago,2023-02-02 22:06:41.340537,5.0,Pooja Patil,0,0,https://www.google.com/maps/contrib/113310241769657437330/reviews?hl=en-US
ChZDSUhNMG9nS0VJQ0FnSURCNzVibmR3EAE,,a day ago,2023-02-02 22:06:41.342997,5.0,vijayta shet,0,0,https://www.google.com/maps/contrib/112081633269061954031/reviews?hl=en-US
ChdDSUhNMG9nS0VJQ0FnSURCNzh5LTdnRRAB,Amba mata ki Jai,a day ago,2023-02-02 22:06:41.345272,5.0,Monika Suryawanshi,0,0,https://www.google.com/maps/contrib/106242411732315178279/reviews?hl=en-US
ChdDSUhNMG9nS0VJQ0FnSURCcjhlZWlBRRAB,,a day ago,2023-02-02 22:06:41.347409,5.0,sonal seth,0,0,https://www.google.com/maps/contrib/105695336787267833225/reviews?hl=en-US
ChdDSUhNMG9nS0VJQ0FnSURCcjYzY19nRRAB,no crowd in night hours. peaceful darshan.,a day ago,2023-02-02 22:06:41.349521,5.0,Suhas Pawar,0,0,https://www.google.com/maps/contrib/100292747871866031769/reviews?hl=en-US
ChZDSUhNMG9nS0VJQ0FnSURCajhfYUt3EAE,,a day ago,2023-02-02 22:06:41.351502,5.0,arjun verma,0,0,https://www.google.com/maps/contrib/112121838943752626614/reviews?hl=en-US
ChdDSUhNMG9nS0VJQ0FnSURCai1XWTZnRRAB,,a day ago,2023-02-02 22:06:41.353315,5.0,Sagar Jeughale,0,0,https://www.google.com/maps/contrib/110945996212089961342/reviews?hl=en-US
ChZDSUhNMG9nS0VJQ0FnSURCajdEZlZ3EAE,,2 days ago,2023-02-02 22:06:41.357817,5.0,KAILASI Radhakrishnan Varadarajan,0,0,https://www.google.com/maps/contrib/107614319341219790697/reviews?hl=en-US
ChdDSUhNMG9nS0VJQ0FnSURCOTVhVG1RRRAB,,2 days ago,2023-02-02 22:06:41.360178,4.0,Vishwa Arane,0,0,https://www.google.com/maps/contrib/109082664042827849346/reviews?hl=en-US
ChdDSUhNMG9nS0VJQ0FnSURCOTZiZ3lBRRAB,,2 days ago,2023-02-02 22:06:41.362627,5.0,Prashant Parab,0,0,https://www.google.com/maps/contrib/116425576097837975510/reviews?hl=en-US
ChdDSUhNMG9nS0VJQ0FnSURCOThDSDBRRRAB,"Shree Mahalaxmi Prasanna Ambabai Temple (also known as Mahalaxmi Mandir) is an important Hindu temple dedicated to Goddess Lakshmi, who resides here as Supreme Mother Mahalakshmi and is …",2 days ago,2023-02-02 22:06:48.261615,5.0,NAYAN BHOI,0,0,https://www.google.com/maps/contrib/111175176458368734405/reviews?hl=en-US
ChZDSUhNMG9nS0VJQ0FnSURCeDUzcVBREAE,Devine presence of goddess mahalakshmi devi 350 years old temple. Which have cultural values of maharaja chatrapati sahu maharaj. …,2 days ago,2023-02-02 22:06:48.263043,5.0,SAGAR P R,0,0,https://www.google.com/maps/contrib/111603988839268914556/reviews?hl=en-US
ChdDSUhNMG9nS0VJQ0FnSURCdDhtZGhRRRAB,,2 days ago,2023-02-02 22:06:48.264432,4.0,Vinay Krishna CA,0,0,https://www.google.com/maps/contrib/116366162724580200724/reviews?hl=en-US
ChZDSUhNMG9nS0VJQ0FnSURCdDQ2X0xnEAE,,2 days ago,2023-02-02 22:06:48.265615,5.0,REVATI KESARKAR,0,0,https://www.google.com/maps/contrib/103787503576214331473/reviews?hl=en-US
ChdDSUhNMG9nS0VJQ0FnSURCdDdidXJRRRAB,,2 days ago,2023-02-02 22:06:48.266814,5.0,Pradeep Laturkar,0,0,https://www.google.com/maps/contrib/116703802664892721910/reviews?hl=en-US
ChdDSUhNMG9nS0VJQ0FnSURCMThfZ2lRRRAB,"The temple of the goddess Shree Mahalakshmi Devi was built by Kamadeva in 634 CE Chalukya region. Temple is in the middle of the city, its become crowded but parking is available. Very peaceful place to visit.",2 days ago,2023-02-02 22:06:48.268032,5.0,Amolkumar Bhoyar,0,0,https://www.google.com/maps/contrib/112331215536455278982/reviews?hl=en-US
ChZDSUhNMG9nS0VJQ0FnSURCMTRmbGRBEAE,Jai ambe mahalaxmi mata ki jai,2 days ago,2023-02-02 22:06:48.269374,4.0,sagar choudhari,0,0,https://www.google.com/maps/contrib/109485809099836510778/reviews?hl=en-US
ChZDSUhNMG9nS0VJQ0FnSURCMV9Tc0RREAE,"Peacefull, calming and a must visit when in Kolhapur",2 days ago,2023-02-02 22:06:48.270617,5.0,Abhay Arade,0,0,https://www.google.com/maps/contrib/107074200152781242185/reviews?hl=en-US
ChdDSUhNMG9nS0VJQ0FnSURCMTUzcTN3RRAB,Shree Ambabai Mahalaxmi Mata ki jay 👏👏 …,2 days ago,2023-02-02 22:06:48.271938,5.0,Harshal Bairagi (Harsh),0,0,https://www.google.com/maps/contrib/109836437105151520698/reviews?hl=en-US
ChZDSUhNMG9nS0VJQ0FnSURCMTdtWU1nEAE,,2 days ago,2023-02-02 22:06:48.273220,5.0,Prathmesh Patil,0,0,https://www.google.com/maps/contrib/117706380325647005527/reviews?hl=en-US
ChZDSUhNMG9nS0VJQ0FnSURCMTlxbFdREAE,,2 days ago,2023-02-02 22:06:55.517321,5.0,Shrinath Shinde,0,0,https://www.google.com/maps/contrib/113521180160916903006/reviews?hl=en-US
ChZDSUhNMG9nS0VJQ0FnSURCMS1yc0N3EAE,,2 days ago,2023-02-02 22:06:55.518464,5.0,Vinayak Ujalambe,0,0,https://www.google.com/maps/contrib/103391392448500578677/reviews?hl=en-US
ChdDSUhNMG9nS0VJQ0FnSUNVenItcXp3RRAB,"devine place,good ambiance. Queue Management should be proper",2 days ago,2023-02-02 22:06:55.519746,4.0,Kailash Kurle,0,0,https://www.google.com/maps/contrib/107069512847417507258/reviews?hl=en-US
ChZDSUhNMG9nS0VJQ0FnSURPNE5lc2FBEAE,Mahalaxmi temple at Kolhapur Maharashtra very famous temple at Maharashtra and Karnataka border 12 journey from Bangalore,2 days ago,2023-02-02 22:06:55.520986,5.0,Srihari Vk,0,0,https://www.google.com/maps/contrib/101890981550653740462/reviews?hl=en-US
ChZDSUhNMG9nS0VJQ0FnSURCbDVla2JREAE,Devine experience!,2 days ago,2023-02-02 22:06:55.522211,5.0,Swarnagauri Munagekar,0,0,https://www.google.com/maps/contrib/115547359314142681258/reviews?hl=en-US
ChZDSUhNMG9nS0VJQ0FnSURCNThMX1pnEAE,,2 days ago,2023-02-02 22:06:55.523395,5.0,aditya sandilya,0,0,https://www.google.com/maps/contrib/114451913220995293775/reviews?hl=en-US
ChdDSUhNMG9nS0VJQ0FnSURCNTRMYW13RRAB,,2 days ago,2023-02-02 22:06:55.524959,5.0,Ajit Jawale,0,0,https://www.google.com/maps/contrib/101332143132714351331/reviews?hl=en-US
ChZDSUhNMG9nS0VJQ0FnSURCNTRpTFBREAE,"Ambabai temple also known as the Shri Mahalakshmi temple.Godess mahalaxmi is the consort of Lord vishnu and it is customary that to visit Tirumala venkateshwara, Kolhapur Mahalakshmi temple and Padmavati temple as Yatra. …",2 days ago,2023-02-02 22:06:55.526639,5.0,Hrutuja Chougule,0,0,https://www.google.com/maps/contrib/113943948550237933463/reviews?hl=en-US
ChdDSUhNMG9nS0VJQ0FnSURCNTlqbnJBRRAB,,2 days ago,2023-02-02 22:06:55.528570,5.0,Samrudhee Shah,0,0,https://www.google.com/maps/contrib/101793190635113524082/reviews?hl=en-US
ChZDSUhNMG9nS0VJQ0FnSURCcDhfSmVREAE,Feeling blessed,2 days ago,2023-02-02 22:06:55.530045,5.0,Swati Patil,0,0,https://www.google.com/maps/contrib/111736959377948658931/reviews?hl=en-US
ChZDSUhNMG9nS0VJQ0FnSURCcDhpVVBREAE,,3 days ago,2023-02-02 22:07:02.786009,5.0,Santhosh Br,0,0,https://www.google.com/maps/contrib/115265260686764370898/reviews?hl=en-US
ChZDSUhNMG9nS0VJQ0FnSURCeDdmSUpREAE,Nice and devine place. One can feel once visit here. Must have prasaad on visiting,3 days ago,2023-02-02 22:07:02.787371,5.0,Suraj Dev Rai,0,0,https://www.google.com/maps/contrib/113415863353491794121/reviews?hl=en-US
ChdDSUhNMG9nS0VJQ0FnSURCeC1ibjh3RRAB,Better to avoid wekend visit due to heavy rush.,3 days ago,2023-02-02 22:07:02.788769,4.0,Sudheer Kulkarni,0,0,https://www.google.com/maps/contrib/113302486359924253754/reviews?hl=en-US
ChZDSUhNMG9nS0VJQ0FnSURCeF9MWERBEAE,,3 days ago,2023-02-02 22:07:02.790102,5.0,vishal shah,0,0,https://www.google.com/maps/contrib/105885645185847833886/reviews?hl=en-US
ChZDSUhNMG9nS0VJQ0FnSURCaDdfakVREAE,,3 days ago,2023-02-02 22:07:02.791434,5.0,Shweta Thorat,0,0,https://www.google.com/maps/contrib/116772037258069897621/reviews?hl=en-US
ChZDSUhNMG9nS0VJQ0FnSURCaDlPTEFnEAE,देवीची कृपा सर्वावर आहे. तरी पण जनावररुपी मानव असा प्राणी आहे की तो राक्षस गुणांनी खच्चून भरला आहे आणि देव गुण खूप खूप कमी मानवात भरले आहे. देवी जनावरांना सद्बुद्धी देवो.  आ आई अंबामाते कृपा करा हो! …,3 days ago,2023-02-02 22:07:02.793237,5.0,Yuvaraj Shamrao Lahute,0,0,https://www.google.com/maps/contrib/104901609340708592886/reviews?hl=en-US
ChdDSUhNMG9nS0VJQ0FnSURCaDZPSHRRRRAB,,3 days ago,2023-02-02 22:07:02.794682,5.0,Digvijay Pachpute,0,0,https://www.google.com/maps/contrib/108462685772108854714/reviews?hl=en-US
ChZDSUhNMG9nS0VJQ0FnSURCaDVYWGZnEAE,,3 days ago,2023-02-02 22:07:02.796012,5.0,Vishnu Chandgude,0,0,https://www.google.com/maps/contrib/100185595453368664209/reviews?hl=en-US
ChdDSUhNMG9nS0VJQ0FnSURCaDRIUGlnRRAB,This is one of the 51 shaktipeeth of godess. The sculpture on the temple is amazing. In the inner scantum and all the pillars are constructed using black rock with highly precise carving on each of the pillar,3 days ago,2023-02-02 22:07:02.797378,5.0,Mayuresh Deshmukh,0,0,https://www.google.com/maps/contrib/115100332943846132340/reviews?hl=en-US
ChdDSUhNMG9nS0VJQ0FnSUNLX3Q2UF9nRRAB,,3 days ago,2023-02-02 22:07:02.798716,5.0,Vijay Padalkar,0,0,https://www.google.com/maps/contrib/109861235815804256136/reviews?hl=en-US
ChZDSUhNMG9nS0VJQ0FnSURCaDlMY0t3EAE,Jai MahaLaxmi maa  (Translated by Google) Jai mahalaxmi maa,3 days ago,2023-02-02 22:07:11.034876,5.0,Abhi Srkr,0,0,https://www.google.com/maps/contrib/102780383408033202897/reviews?hl=en-US
ChdDSUhNMG9nS0VJQ0FnSURCaC1MYXBBRRAB,,3 days ago,2023-02-02 22:07:11.037763,5.0,Veena Badri,0,0,https://www.google.com/maps/contrib/104398378953727570273/reviews?hl=en-US
ChZDSUhNMG9nS0VJQ0FnSUQybi1tUEdREAE,Very old temple of Devi Mahalaxmi. Feels very divine and blessed.,3 days ago,2023-02-02 22:07:11.040411,5.0,Tanvi naik,0,0,https://www.google.com/maps/contrib/111234243158976542207/reviews?hl=en-US
ChdDSUhNMG9nS0VJQ0FnSURCdTh5TXNRRRAB,Beautiful temple. Crowded on weekends.,3 days ago,2023-02-02 22:07:11.043501,5.0,Chetan,0,0,https://www.google.com/maps/contrib/106481637084055842442/reviews?hl=en-US
ChZDSUhNMG9nS0VJQ0FnSURCMjZXSVhREAE,,3 days ago,2023-02-02 22:07:11.045938,5.0,harish kallimani,0,0,https://www.google.com/maps/contrib/117025155966029256028/reviews?hl=en-US
ChdDSUhNMG9nS0VJQ0FnSURCMjhXVXNRRRAB,One of the Best Holy Place....,3 days ago,2023-02-02 22:07:11.049282,5.0,Udaykumar Chitnis,0,0,https://www.google.com/maps/contrib/104967193766961767320/reviews?hl=en-US
ChZDSUhNMG9nS0VJQ0FnSURZNlBLa0dREAE,One of the shikthi Peet in Maharashtra,3 days ago,2023-02-02 22:07:11.054051,5.0,Vishal Kamble,0,0,https://www.google.com/maps/contrib/100061523182516587053/reviews?hl=en-US
ChZDSUhNMG9nS0VJQ0FnSURCMjZEUFFBEAE,"Jay Mahalaxmi Ma 🙏🏻 Temple was very big made with Black Stone 🪨. Temple was amazing architect with great design.  Mahalaxmi Ma also called as Ambabai of Kolhapur in Maharashtra, India, is one of the three and half Shakti Peethas listed in …",4 days ago,2023-02-02 22:07:11.058340,4.0,Rutvik Shah,0,0,https://www.google.com/maps/contrib/104273811594438644230/reviews?hl=en-US
ChdDSUhNMG9nS0VJQ0FnSURCbThPRXZ3RRAB,,4 days ago,2023-02-02 22:07:11.060801,5.0,JEEVRAJ BHALERAO,0,0,https://www.google.com/maps/contrib/106000395834695968708/reviews?hl=en-US
ChdDSUhNMG9nS0VJQ0FnSURCbTZiNndBRRAB,One of shakit peeth as u enter the place u get all divine and positive  vibes pls visit on weekdays to avoid rush,4 days ago,2023-02-02 22:07:11.062741,5.0,nikunj dharamshi,0,0,https://www.google.com/maps/contrib/107662246498361739197/reviews?hl=en-US
ChdDSUhNMG9nS0VJQ0FnSURCbTdxSDJBRRAB,It's very hard to find the parking for 4 wheeler,4 days ago,2023-02-02 22:07:18.666708,5.0,Akshay Kulkarni,0,0,https://www.google.com/maps/contrib/118256139314064444953/reviews?hl=en-US
ChZDSUhNMG9nS0VJQ0FnSURCbTZLVGNBEAE,,4 days ago,2023-02-02 22:07:18.668542,5.0,raji s,0,0,https://www.google.com/maps/contrib/111842705610739521201/reviews?hl=en-US
ChdDSUhNMG9nS0VJQ0FnSURCbTlTVWlnRRAB,🙏🙏🙏🙏 …,4 days ago,2023-02-02 22:07:18.670477,5.0,Sunil Gawade,0,0,https://www.google.com/maps/contrib/116026907795586632356/reviews?hl=en-US
ChZDSUhNMG9nS0VJQ0FnSURCbTdpSEN3EAE,,4 days ago,2023-02-02 22:07:18.672248,5.0,Anil More,0,0,https://www.google.com/maps/contrib/111974014917825743713/reviews?hl=en-US
ChdDSUhNMG9nS0VJQ0FnSURCbS1DdTRBRRAB,"I always feel blessed to come here for Ambabai darshan, it's so peaceful. But to take darshan you have to stand in line for 2-3 hours, but worth the price, Aai ambabaicha udho, udho🙏 …",4 days ago,2023-02-02 22:07:18.673934,4.0,Tejashri Kashalkar,0,0,https://www.google.com/maps/contrib/104855263804906054359/reviews?hl=en-US
ChdDSUhNMG9nS0VJQ0FnSURCbTlDR2t3RRAB,,4 days ago,2023-02-02 22:07:18.675485,5.0,Janmojay Agwane,0,0,https://www.google.com/maps/contrib/109439263982836328393/reviews?hl=en-US
ChdDSUhNMG9nS0VJQ0FnSURCNjcteGx3RRAB,,4 days ago,2023-02-02 22:07:18.677123,5.0,Aarti Yadav,0,0,https://www.google.com/maps/contrib/115153260248307514046/reviews?hl=en-US
ChdDSUhNMG9nS0VJQ0FnSURCNjQzUnV3RRAB,,4 days ago,2023-02-02 22:07:18.679117,5.0,Abhishek Jha,0,0,https://www.google.com/maps/contrib/117161551477976996690/reviews?hl=en-US
ChZDSUhNMG9nS0VJQ0FnSURCNjRYUllnEAE,,4 days ago,2023-02-02 22:07:18.680996,4.0,Manisha Neel,0,0,https://www.google.com/maps/contrib/101469584323934822935/reviews?hl=en-US
ChdDSUhNMG9nS0VJQ0FnSURCNjVIUHNRRRAB,Nice temple.  Jai Mahalakshmi.... …,4 days ago,2023-02-02 22:07:18.682729,5.0,Niranjan Dalvi,0,0,https://www.google.com/maps/contrib/101370396572485783398/reviews?hl=en-US
ChZDSUhNMG9nS0VJQ0FnSURCNjRxOEdREAE,,4 days ago,2023-02-02 22:07:25.679163,2.0,NIRAJ CHAUDHARI,0,0,https://www.google.com/maps/contrib/106389725171708207172/reviews?hl=en-US
ChZDSUhNMG9nS0VJQ0FnSURCNjlTUVFBEAE,Jai Mahalaxmi,4 days ago,2023-02-02 22:07:25.680974,5.0,VinodKumar Vaddipuri,0,0,https://www.google.com/maps/contrib/117856243461668516950/reviews?hl=en-US
ChdDSUhNMG9nS0VJQ0FnSURCNjZTWnBRRRAB,This temple is so beautiful,4 days ago,2023-02-02 22:07:25.682580,5.0,Atul Patil,0,0,https://www.google.com/maps/contrib/118254057344222628434/reviews?hl=en-US
ChZDSUhNMG9nS0VJQ0FnSURCcTZfcE9BEAE,Best one,4 days ago,2023-02-02 22:07:25.684900,5.0,Rohit Desai,0,0,https://www.google.com/maps/contrib/108616178977509298784/reviews?hl=en-US
ChdDSUhNMG9nS0VJQ0FnSURCcThlQThRRRAB,अप्रतिम मंदिर आहे 🙏  (Translated by Google) It is a wonderful temple …,4 days ago,2023-02-02 22:07:25.688386,5.0,prashant sabale,0,0,https://www.google.com/maps/contrib/102884020273771023414/reviews?hl=en-US
ChdDSUhNMG9nS0VJQ0FnSURCcTluejBBRRAB,आई राजा उधो उधो...... एक सुंदर असे ठिकन जिते सर्व मनोकामना पूर्ण होत. श्री महालक्ष्मी आंबाबाई.🌺🙏 …,4 days ago,2023-02-02 22:07:25.691452,5.0,Anil Kolhapure,0,0,https://www.google.com/maps/contrib/113329499877947417475/reviews?hl=en-US
ChdDSUhNMG9nS0VJQ0FnSURCcTRuLV9nRRAB,Wonderfull place... Full of energy of goddess mahalakshmi 🙏🙏 …,4 days ago,2023-02-02 22:07:25.694155,5.0,deva jairiya,0,0,https://www.google.com/maps/contrib/111868265237225933613/reviews?hl=en-US
ChdDSUhNMG9nS0VJQ0FnSURCcTRIazBnRRAB,,4 days ago,2023-02-02 22:07:25.696215,5.0,sakthi vel,0,0,https://www.google.com/maps/contrib/117695218875080242859/reviews?hl=en-US
ChdDSUhNMG9nS0VJQ0FnSURCcV9pdW1BRRAB,,4 days ago,2023-02-02 22:07:25.697952,5.0,Prasad Sonawane,0,0,https://www.google.com/maps/contrib/116771219188464524765/reviews?hl=en-US
ChdDSUhNMG9nS0VJQ0FnSURCaThlSG5RRRAB,,4 days ago,2023-02-02 22:07:25.699594,5.0,Ameya Charekar,0,0,https://www.google.com/maps/contrib/101821745861551964574/reviews?hl=en-US
ChZDSUhNMG9nS0VJQ0FnSURCaV9QZ0p3EAE,,4 days ago,2023-02-02 22:07:34.034305,5.0,natthu dhakate,0,0,https://www.google.com/maps/contrib/114338209987868563249/reviews?hl=en-US
ChZDSUhNMG9nS0VJQ0FnSURCaS0yMWZ3EAE,,4 days ago,2023-02-02 22:07:34.037483,5.0,suhas hurne,0,0,https://www.google.com/maps/contrib/106005102080286833657/reviews?hl=en-US
ChdDSUhNMG9nS0VJQ0FnSURCaTlXeS1BRRAB,,4 days ago,2023-02-02 22:07:34.039490,5.0,Amritlal Parmar,0,0,https://www.google.com/maps/contrib/100277731931036250101/reviews?hl=en-US
ChZDSUhNMG9nS0VJQ0FnSURCaThIQk5REAE,Divine experience...,5 days ago,2023-02-02 22:07:34.042119,5.0,satyendra rajput,0,0,https://www.google.com/maps/contrib/113038959075935529231/reviews?hl=en-US
ChZDSUhNMG9nS0VJQ0FnSURCaV9La0Z3EAE,Temple of Goddess MAHALAXMI 🙏🏻 …,5 days ago,2023-02-02 22:07:34.048647,5.0,ROHIT THAKKAR,0,0,https://www.google.com/maps/contrib/103234572701040214454/reviews?hl=en-US
ChdDSUhNMG9nS0VJQ0FnSURCaV9Ta2xRRRAB,,5 days ago,2023-02-02 22:07:34.057400,5.0,09 Diksha Barai,0,0,https://www.google.com/maps/contrib/101243783370187360043/reviews?hl=en-US
ChdDSUhNMG9nS0VJQ0FnSURCaTVpOWlRRRAB,खुप छान  (Translated by Google) very nice,5 days ago,2023-02-02 22:07:34.059865,5.0,Sagarsinh Patil,0,0,https://www.google.com/maps/contrib/105619589472347996917/reviews?hl=en-US
ChZDSUhNMG9nS0VJQ0FnSURCaTVEbk53EAE,,5 days ago,2023-02-02 22:07:34.068192,5.0,Ajay Shetty,0,0,https://www.google.com/maps/contrib/102538629089625536131/reviews?hl=en-US
ChdDSUhNMG9nS0VJQ0FnSURCOC0tSmpnRRAB,,5 days ago,2023-02-02 22:07:34.072415,5.0,Ajay Potdar,0,0,https://www.google.com/maps/contrib/112990963049039653990/reviews?hl=en-US
ChdDSUhNMG9nS0VJQ0FnSURCODliOThRRRAB,,5 days ago,2023-02-02 22:07:34.085049,5.0,Gaurish Gaunso,0,0,https://www.google.com/maps/contrib/103953262946447050272/reviews?hl=en-US
ChZDSUhNMG9nS0VJQ0FnSURCZzRhaUpnEAE,"Mahalaxmi Mandir is a Hindu temple dedicated to Goddess Lakshmi, Temple was built many centuries ago and the beaitiful stone architecture is still in tact. The temple is located right in the midst of the city.",5 days ago,2023-02-02 22:07:43.609302,5.0,Yogesh Sankhé,0,0,https://www.google.com/maps/contrib/104551460073313318138/reviews?hl=en-US
ChdDSUhNMG9nS0VJQ0FnSURCODZyVTdnRRAB,"Just fabulous. It's a boon for us as a kolhapurkar  to have Shri Ambabai mandir. The energy you feel is outstanding. There are many Devi and Devta temples like Shri Ganesha, Shivlinga, Hanuman, etc. But one thing I want to point out is that …",5 days ago,2023-02-02 22:07:43.612413,5.0,Abhijit Shetty,0,0,https://www.google.com/maps/contrib/108213646657953013528/reviews?hl=en-US
ChZDSUhNMG9nS0VJQ0FnSURCOC1LNUd3EAE,,5 days ago,2023-02-02 22:07:43.617287,4.0,santosh yesale,0,0,https://www.google.com/maps/contrib/109198369181172714077/reviews?hl=en-US
ChdDSUhNMG9nS0VJQ0FnSURCczVfeXFnRRAB,Very nice service and tasty food,5 days ago,2023-02-02 22:07:43.619218,5.0,Abhinav Peddi,0,0,https://www.google.com/maps/contrib/107569302546459603947/reviews?hl=en-US
ChZDSUhNMG9nS0VJQ0FnSURCczRmNFdBEAE,,5 days ago,2023-02-02 22:07:43.621174,5.0,Aman Nyayadhish,0,0,https://www.google.com/maps/contrib/112389169830278214844/reviews?hl=en-US
ChZDSUhNMG9nS0VJQ0FnSURCcy1QT0pBEAE,,5 days ago,2023-02-02 22:07:43.623166,5.0,Simran Hassija,0,0,https://www.google.com/maps/contrib/113798342463669343127/reviews?hl=en-US
ChZDSUhNMG9nS0VJQ0FnSURCczRQUWNnEAE,,5 days ago,2023-02-02 22:07:43.624986,5.0,Raj Thapa,0,0,https://www.google.com/maps/contrib/106706267907221973885/reviews?hl=en-US
ChZDSUhNMG9nS0VJQ0FnSURCczhITlRREAE,,5 days ago,2023-02-02 22:07:43.626763,5.0,Ajay Koria,0,0,https://www.google.com/maps/contrib/106670191983898767354/reviews?hl=en-US
ChZDSUhNMG9nS0VJQ0FnSURCc19TVEpnEAE,आछा  (Translated by Google) nice,5 days ago,2023-02-02 22:07:43.636084,1.0,Bibhishan Kamble,0,0,https://www.google.com/maps/contrib/104129375921954987800/reviews?hl=en-US
ChdDSUhNMG9nS0VJQ0FnSURCMDZfQ3l3RRAB,Best,5 days ago,2023-02-02 22:07:43.638534,5.0,ANKUSH GARULE,0,0,https://www.google.com/maps/contrib/106202168542846479592/reviews?hl=en-US
ChdDSUhNMG9nS0VJQ0FnSURCMDVmdHBnRRAB,,5 days ago,2023-02-02 22:07:51.861034,5.0,vishal jadhav,0,0,https://www.google.com/maps/contrib/114749696927497441382/reviews?hl=en-US
ChdDSUhNMG9nS0VJQ0FnSURCMDkyc3pBRRAB,,5 days ago,2023-02-02 22:07:51.862554,5.0,Ramesh Lipane,0,0,https://www.google.com/maps/contrib/112049492075813185088/reviews?hl=en-US
ChdDSUhNMG9nS0VJQ0FnSURCMDhHZWtRRRAB,Divine Place of goddess!! Gives you super spiritual experience. Time taken for darshan is approx 1 hr to 1.30 hr.,5 days ago,2023-02-02 22:07:51.865155,5.0,swapnil rajemahadik,0,0,https://www.google.com/maps/contrib/101975560688450878989/reviews?hl=en-US
ChdDSUhNMG9nS0VJQ0FnSURCMC1hVzF3RRAB,budhha  (Translated by Google) Buddha,5 days ago,2023-02-02 22:07:51.869212,5.0,Kumari Reena behera,0,0,https://www.google.com/maps/contrib/112505105878915354110/reviews?hl=en-US
ChdDSUhNMG9nS0VJQ0FnSURCMDlyanpBRRAB,,5 days ago,2023-02-02 22:07:51.873431,5.0,Balkrishna Kulkarni,0,0,https://www.google.com/maps/contrib/107986845232900045034/reviews?hl=en-US
ChdDSUhNMG9nS0VJQ0FnSURCNF83a3FRRRAB,Trust no mentioned temple building and area. I suggest take tickets every person but take care all area like Padmawati tempel at Tirupati,5 days ago,2023-02-02 22:07:51.877480,1.0,Avinash Sapkal,0,0,https://www.google.com/maps/contrib/100563904544538573365/reviews?hl=en-US
ChZDSUhNMG9nS0VJQ0FnSURCNDhhaVB3EAE,Main reason for coming to Kolhapur. Totally divine place full of positivity and energy. Felt really blessed after visiting.,5 days ago,2023-02-02 22:07:51.880707,5.0,Saurabh 08,0,0,https://www.google.com/maps/contrib/117455750217375602623/reviews?hl=en-US
ChdDSUhNMG9nS0VJQ0FnSURCNDRTenNBRRAB,,6 days ago,2023-02-02 22:07:51.882686,5.0,Pavan Kumar J,0,0,https://www.google.com/maps/contrib/105264132229659655496/reviews?hl=en-US
ChZDSUhNMG9nS0VJQ0FnSURCNDlDUE9BEAE,,6 days ago,2023-02-02 22:07:51.884488,5.0,Mayu Patil,0,0,https://www.google.com/maps/contrib/109150552552492682309/reviews?hl=en-US
ChZDSUhNMG9nS0VJQ0FnSURCby1HZVN3EAE,,6 days ago,2023-02-02 22:07:51.886223,5.0,Bhaiyyasaheb Desai,0,0,https://www.google.com/maps/contrib/106886920230245534383/reviews?hl=en-US
ChdDSUhNMG9nS0VJQ0FnSURCbzdiMzVBRRAB,,6 days ago,2023-02-02 22:08:00.344648,5.0,Hrishikesh Chavan,0,0,https://www.google.com/maps/contrib/112008305822810574700/reviews?hl=en-US
ChdDSUhNMG9nS0VJQ0FnSURCbzd6NXV3RRAB,,6 days ago,2023-02-02 22:08:00.346486,5.0,Yuvraj Polade,0,0,https://www.google.com/maps/contrib/102964464960088226985/reviews?hl=en-US
ChdDSUhNMG9nS0VJQ0FnSURCbzlUYTZ3RRAB,,6 days ago,2023-02-02 22:08:00.348281,5.0,Prajapati Padmaram,0,0,https://www.google.com/maps/contrib/101837448601473109662/reviews?hl=en-US
ChdDSUhNMG9nS0VJQ0FnSURCdzVmVGdRRRAB,,6 days ago,2023-02-02 22:08:00.350197,5.0,Mayur G.,0,0,https://www.google.com/maps/contrib/102548147130597691359/reviews?hl=en-US
ChZDSUhNMG9nS0VJQ0FnSURCd19tTVlnEAE,,6 days ago,2023-02-02 22:08:00.352117,5.0,mithun bhaleghare,0,0,https://www.google.com/maps/contrib/102356380498709563502/reviews?hl=en-US
ChdDSUhNMG9nS0VJQ0FnSURCdzV6QXp3RRAB,,6 days ago,2023-02-02 22:08:00.354079,5.0,Amit Gaikwad,0,0,https://www.google.com/maps/contrib/107625266149736295736/reviews?hl=en-US
ChdDSUhNMG9nS0VJQ0FnSURCdzlDWjZ3RRAB,,6 days ago,2023-02-02 22:08:00.355864,5.0,55.rhutwik sutar,0,0,https://www.google.com/maps/contrib/108277944204286798660/reviews?hl=en-US
ChZDSUhNMG9nS0VJQ0FnSURCZzl2V0lnEAE,,6 days ago,2023-02-02 22:08:00.358857,5.0,Kunal Patil,0,0,https://www.google.com/maps/contrib/114851056561846758611/reviews?hl=en-US
ChZDSUhNMG9nS0VJQ0FnSURCZzZxd1J3EAE,Great temple for devotees,6 days ago,2023-02-02 22:08:00.360614,4.0,mohan brahmam,0,0,https://www.google.com/maps/contrib/107278303468825872869/reviews?hl=en-US
ChZDSUhNMG9nS0VJQ0FnSURCZy1MNkZ3EAE,,6 days ago,2023-02-02 22:08:00.362331,5.0,Sameer khatavkar,0,0,https://www.google.com/maps/contrib/101451219025630243265/reviews?hl=en-US
ChZDSUhNMG9nS0VJQ0FnSURCZ196V1pREAE,,6 days ago,2023-02-02 22:08:08.629429,5.0,Dr balaji,0,0,https://www.google.com/maps/contrib/112723703369645589620/reviews?hl=en-US
ChdDSUhNMG9nS0VJQ0FnSURCX1p2dy1BRRAB,,6 days ago,2023-02-02 22:08:08.631333,5.0,Prajakta K,0,0,https://www.google.com/maps/contrib/110831823326829388652/reviews?hl=en-US
ChZDSUhNMG9nS0VJQ0FnSURCdmVUZVlBEAE,Goddess Ambabai,6 days ago,2023-02-02 22:08:08.633425,5.0,ज्ञानेश्वर आर्दड,0,0,https://www.google.com/maps/contrib/117833820314457119018/reviews?hl=en-US
ChZDSUhNMG9nS0VJQ0FnSURCdmN5eFVREAE,,6 days ago,2023-02-02 22:08:08.636333,5.0,Sachin Kharmale,0,0,https://www.google.com/maps/contrib/111762699136503984792/reviews?hl=en-US
ChdDSUhNMG9nS0VJQ0FnSURCdmJqTnlRRRAB,(Translated by Google) look at me  (Original) jai mata di,6 days ago,2023-02-02 22:08:08.638755,5.0,India culture,0,0,https://www.google.com/maps/contrib/111270153696961537753/reviews?hl=en-US
ChdDSUhNMG9nS0VJQ0FnSURCM2V2NDN3RRAB,,6 days ago,2023-02-02 22:08:08.640878,5.0,Chaitanya Kamble,0,0,https://www.google.com/maps/contrib/100808422686382537096/reviews?hl=en-US
ChZDSUhNMG9nS0VJQ0FnSURCM2E2T05BEAE,,a week ago,2023-02-02 22:08:08.643044,5.0,OMKAR,0,0,https://www.google.com/maps/contrib/114000668217107817605/reviews?hl=en-US
ChdDSUhNMG9nS0VJQ0FnSURCM1pUczhnRRAB,,a week ago,2023-02-02 22:08:08.645571,5.0,Harshad Deshmukh,0,0,https://www.google.com/maps/contrib/112645571076465197989/reviews?hl=en-US
ChdDSUhNMG9nS0VJQ0FnSURCM2JqeHBnRRAB,"Maharashtra state kuldevi and very powerful shaktipith , very delightful environment present in temple , lots of people visit here by the devotion of devi laxmi ,",a week ago,2023-02-02 22:08:08.647488,5.0,ADITYA LAGAD CREATION,0,0,https://www.google.com/maps/contrib/113701928865727625109/reviews?hl=en-US
ChZDSUhNMG9nS0VJQ0FnSURCbllfSFh3EAE,,a week ago,2023-02-02 22:08:08.649263,5.0,Anushree Ghatate,0,0,https://www.google.com/maps/contrib/100742812202036201797/reviews?hl=en-US
ChdDSUhNMG9nS0VJQ0FnSURCbmNubnZ3RRAB,Very nice place located on top hill and about may be approximately 4.5K feet above the sea level. Came in Satara district and wai tehsil. Various routes available to reach at hill. One can use form bhor side or one can use from wai side.,a week ago,2023-02-02 22:08:17.036017,5.0,AMOL NAZIRKAR,0,0,https://www.google.com/maps/contrib/115589128832811102038/reviews?hl=en-US
ChdDSUhNMG9nS0VJQ0FnSURCbmNMaDJRRRAB,,a week ago,2023-02-02 22:08:17.038573,5.0,Veeresh K,0,0,https://www.google.com/maps/contrib/101871058378711990084/reviews?hl=en-US
ChZDSUhNMG9nS0VJQ0FnSURCbmVETVVBEAE,,a week ago,2023-02-02 22:08:17.042650,5.0,Kundlik Pawar,0,0,https://www.google.com/maps/contrib/100984376307051067838/reviews?hl=en-US
ChdDSUhNMG9nS0VJQ0FnSURCbllDVndnRRAB,Nice place to worship,a week ago,2023-02-02 22:08:17.046394,5.0,rajesh verlekar,0,0,https://www.google.com/maps/contrib/109450485509033711529/reviews?hl=en-US
ChdDSUhNMG9nS0VJQ0FnSURCN2VmUS1BRRAB,,a week ago,2023-02-02 22:08:17.048760,5.0,Uttam Kamate,0,0,https://www.google.com/maps/contrib/104811344585388303288/reviews?hl=en-US
ChZDSUhNMG9nS0VJQ0FnSURCN1lmaVZ3EAE,,a week ago,2023-02-02 22:08:17.051071,5.0,Sanket Ambale,0,0,https://www.google.com/maps/contrib/108864927067310924265/reviews?hl=en-US
ChdDSUhNMG9nS0VJQ0FnSURCN2VHNXZnRRAB,,a week ago,2023-02-02 22:08:17.053392,5.0,Amit Patil,0,0,https://www.google.com/maps/contrib/111931363320207395354/reviews?hl=en-US
ChZDSUhNMG9nS0VJQ0FnSURCN1o2X1VnEAE,,a week ago,2023-02-02 22:08:17.055128,1.0,Rajesh Paraskar,0,0,https://www.google.com/maps/contrib/110181904639820731830/reviews?hl=en-US
ChZDSUhNMG9nS0VJQ0FnSURCN1lUX0xREAE,,a week ago,2023-02-02 22:08:17.057037,5.0,Nitish Thakur,0,0,https://www.google.com/maps/contrib/114812368225424146709/reviews?hl=en-US
ChdDSUhNMG9nS0VJQ0FnSURCclplcC13RRAB,Awesome place,a week ago,2023-02-02 22:08:17.058823,5.0,Mr_ Rudra_RD,0,0,https://www.google.com/maps/contrib/110021758124668784034/reviews?hl=en-US
ChdDSUhNMG9nS0VJQ0FnSURCclpIMzVRRRAB,,a week ago,2023-02-02 22:08:25.337335,5.0,Digambar Ghongte,0,0,https://www.google.com/maps/contrib/101696351416687473608/reviews?hl=en-US
ChdDSUhNMG9nS0VJQ0FnSURCcGY2U3hBRRAB,Maa Ambabai mandir is awesome. They have provision to see maa from some distance. No distractions,a week ago,2023-02-02 22:08:25.339171,5.0,Deepak Verma,0,0,https://www.google.com/maps/contrib/108537178873018839413/reviews?hl=en-US
ChdDSUhNMG9nS0VJQ0FnSURCamNPZnBnRRAB,,a week ago,2023-02-02 22:08:25.340959,5.0,Manoj Suradkar,0,0,https://www.google.com/maps/contrib/113238049970682784353/reviews?hl=en-US
ChdDSUhNMG9nS0VJQ0FnSURCamFXbDVBRRAB,,a week ago,2023-02-02 22:08:25.342533,5.0,ramesh khadepatil,0,0,https://www.google.com/maps/contrib/106705259269267435489/reviews?hl=en-US
ChZDSUhNMG9nS0VJQ0FnSURCamZiQ1J3EAE,,a week ago,2023-02-02 22:08:25.344567,4.0,Amol Sanas,0,0,https://www.google.com/maps/contrib/113943383722021079929/reviews?hl=en-US
ChdDSUhNMG9nS0VJQ0FnSURCOWMtanhnRRAB,,a week ago,2023-02-02 22:08:25.346242,5.0,Mahesh Bobade,0,0,https://www.google.com/maps/contrib/107296533022788342415/reviews?hl=en-US
ChZDSUhNMG9nS0VJQ0FnSURCOWVPMkx3EAE,,a week ago,2023-02-02 22:08:25.348076,5.0,Milind Patil,0,0,https://www.google.com/maps/contrib/117843380722349795587/reviews?hl=en-US
ChdDSUhNMG9nS0VJQ0FnSUQ2N19UNTFBRRAB,Holy place. And historical construction. You would find the finest ancient architecture here. After covid the trust has made temple very clean and attractive by adding lighting properly. One of the must visit places in kolhaur,a week ago,2023-02-02 22:08:25.349894,5.0,Aniruddha Ghewade,0,0,https://www.google.com/maps/contrib/110142747009833794226/reviews?hl=en-US
ChdDSUhNMG9nS0VJQ0FnSURCOVk3WXVnRRAB,,a week ago,2023-02-02 22:08:25.351647,5.0,Ganesh Khandekar,0,0,https://www.google.com/maps/contrib/117455736818993786669/reviews?hl=en-US
ChZDSUhNMG9nS0VJQ0FnSURCdGJuWFlnEAE,Superb,a week ago,2023-02-02 22:08:25.353579,5.0,Dhiren Mehta,0,0,https://www.google.com/maps/contrib/113824050150935030582/reviews?hl=en-US
ChdDSUhNMG9nS0VJQ0FnSURCdGViSGxBRRAB,,a week ago,2023-02-02 22:08:34.464118,5.0,Ramu Murthy,0,0,https://www.google.com/maps/contrib/100812224093571446029/reviews?hl=en-US
ChdDSUhNMG9nS0VJQ0FnSURCdFlTV3hBRRAB,,a week ago,2023-02-02 22:08:34.466922,5.0,MALLIKARJUN CHANNALLI,0,0,https://www.google.com/maps/contrib/101931083196851331725/reviews?hl=en-US
ChZDSUhNMG9nS0VJQ0FnSURCMWJia0RBEAE,,a week ago,2023-02-02 22:08:34.469123,5.0,Prasanna Thanekar,0,0,https://www.google.com/maps/contrib/110440642930528476283/reviews?hl=en-US
ChdDSUhNMG9nS0VJQ0FnSURCMWNMSjl3RRAB,,a week ago,2023-02-02 22:08:34.470860,5.0,Shubham Shende,0,0,https://www.google.com/maps/contrib/100567006384729885744/reviews?hl=en-US
ChZDSUhNMG9nS0VJQ0FnSURCbFotc01nEAE,,a week ago,2023-02-02 22:08:34.472633,5.0,Rohit Goel,0,0,https://www.google.com/maps/contrib/102625995937562854190/reviews?hl=en-US
ChdDSUhNMG9nS0VJQ0FnSURCbGZmVDFnRRAB,,a week ago,2023-02-02 22:08:34.474237,5.0,Mangesh Kshirsagar,0,0,https://www.google.com/maps/contrib/109528351350688380658/reviews?hl=en-US
ChZDSUhNMG9nS0VJQ0FnSURCNWFqMlZnEAE,Peace of mind,a week ago,2023-02-02 22:08:34.476046,5.0,Shubhangi Bhosale,0,0,https://www.google.com/maps/contrib/114370155327007512828/reviews?hl=en-US
ChdDSUhNMG9nS0VJQ0FnSURCcFlHUGxBRRAB,,a week ago,2023-02-02 22:08:34.477779,5.0,252 Ranjeet Rajendra Shinde,0,0,https://www.google.com/maps/contrib/116767261410197901741/reviews?hl=en-US
ChdDSUhNMG9nS0VJQ0FnSURrM3VEeWxRRRAB,"The only place where I get peace, encouragement,energy and hopes....I always go to the temple whenever iam in kop....I go there with empty hand and return with full of confidence and positivity....",a week ago,2023-02-02 22:08:34.481393,5.0,shivaji powar,0,0,https://www.google.com/maps/contrib/105225412138789857299/reviews?hl=en-US
ChdDSUhNMG9nS0VJQ0FnSURCcGJyUGh3RRAB,,a week ago,2023-02-02 22:08:34.488641,5.0,Sandesh More,0,0,https://www.google.com/maps/contrib/110760748784965377194/reviews?hl=en-US
ChdDSUhNMG9nS0VJQ0FnSURCeGMzV25RRRAB,,a week ago,2023-02-02 22:08:43.625002,5.0,manikchand malu,0,0,https://www.google.com/maps/contrib/113725483717277328689/reviews?hl=en-US
ChZDSUhNMG9nS0VJQ0FnSURCeGVLNktBEAE,Religious places should not be here for review. God is always great 🙏 …,a week ago,2023-02-02 22:08:43.626743,5.0,ashok gaikwad,0,0,https://www.google.com/maps/contrib/110610988283298547287/reviews?hl=en-US
ChdDSUhNMG9nS0VJQ0FnSURCaGJ2QnlBRRAB,,a week ago,2023-02-02 22:08:43.628607,4.0,Dattaram Barkade,0,0,https://www.google.com/maps/contrib/102000368884134295196/reviews?hl=en-US
ChZDSUhNMG9nS0VJQ0FnSURCaGVIbFR3EAE,जगात भारी आम्ही कोल्हापुरी 🚩 …,a week ago,2023-02-02 22:08:43.630235,5.0,Rajat Mote,0,0,https://www.google.com/maps/contrib/108683304829113813989/reviews?hl=en-US
ChdDSUhNMG9nS0VJQ0FnSURCaGU2MDdnRRAB,Pilgrim Places,a week ago,2023-02-02 22:08:43.632333,5.0,Rohan,0,0,https://www.google.com/maps/contrib/111211611367665023509/reviews?hl=en-US
ChdDSUhNMG9nS0VJQ0FnSURCaGVUUHZRRRAB,,a week ago,2023-02-02 22:08:43.634126,5.0,Abhishek Keshavshetti,0,0,https://www.google.com/maps/contrib/109839732147670161501/reviews?hl=en-US
ChZDSUhNMG9nS0VJQ0FnSURCaGNpVWF3EAE,Awesome place and very happy & delightful place for visit......,a week ago,2023-02-02 22:08:43.636213,5.0,jigar brahmbhatt,0,0,https://www.google.com/maps/contrib/111283473133204022222/reviews?hl=en-US
ChdDSUhNMG9nS0VJQ0FnSURCLVktSW9BRRAB,Nice place,a week ago,2023-02-02 22:08:43.638451,5.0,kvs kvs,0,0,https://www.google.com/maps/contrib/118166342332702199303/reviews?hl=en-US
ChZDSUhNMG9nS0VJQ0FnSURCLWVlTGJnEAE,,a week ago,2023-02-02 22:08:43.640352,5.0,Prathamesh Kelkar,0,0,https://www.google.com/maps/contrib/107468917221489105942/reviews?hl=en-US
ChZDSUhNMG9nS0VJQ0FnSURCLWR1UUtREAE,जय लक्ष्मी  मैया  (Translated by Google) jai laxmi maiya,a week ago,2023-02-02 22:08:43.642150,5.0,Kanaram Patel,0,0,https://www.google.com/maps/contrib/110507504664869535481/reviews?hl=en-US
ChdDSUhNMG9nS0VJQ0FnSURCLVl2TjRBRRAB,Religious place most popular in Maharashtra for Mahalaxmi. It is said that she is wife of lord Tirupati Balaji so after visiting Tirupati Balaji you have to visit here. Peaceful place.,a week ago,2023-02-02 22:08:52.614023,5.0,sneha durge,0,0,https://www.google.com/maps/contrib/116549091480725362229/reviews?hl=en-US
ChdDSUhNMG9nS0VJQ0FnSURCMlpHUV9nRRAB,Beautiful temple of goddess Mahalakshmi in kolhapur.,a week ago,2023-02-02 22:08:52.616930,5.0,shwetanjali pardeshi,0,0,https://www.google.com/maps/contrib/101909455008571434532/reviews?hl=en-US
ChZDSUhNMG9nS0VJQ0FnSURCMlppQ0lnEAE,"My only concern is with respect to PARKING our cars, literally management have not properly organized the parking stuff. Apart from that everything is Awesome. Hope Management will take care WRT parking. 🙏🙏🙏🙏🙏🙏🙏 …",a week ago,2023-02-02 22:08:52.621168,1.0,Roshan B Vaijapur,0,0,https://www.google.com/maps/contrib/109707722496873705833/reviews?hl=en-US
ChZDSUhNMG9nS0VJQ0FnSURCbWJUVVl3EAE,,a week ago,2023-02-02 22:08:52.624450,4.0,Akshay Thorat,0,0,https://www.google.com/maps/contrib/113662743913432758814/reviews?hl=en-US
ChZDSUhNMG9nS0VJQ0FnSURCNmZlOVd3EAE,,a week ago,2023-02-02 22:08:52.627413,4.0,Vyas Gaddam,0,0,https://www.google.com/maps/contrib/104025307779858982731/reviews?hl=en-US
ChdDSUhNMG9nS0VJQ0FnSURCNmZ1dXRnRRAB,,a week ago,2023-02-02 22:08:52.629319,5.0,Deepak Barwal,0,0,https://www.google.com/maps/contrib/113041281392240687175/reviews?hl=en-US
ChdDSUhNMG9nS0VJQ0FnSURCNmJITTZBRRAB,Vhari Nais Temple,a week ago,2023-02-02 22:08:52.631246,4.0,Prashant Mestry,0,0,https://www.google.com/maps/contrib/102764351451720358861/reviews?hl=en-US
ChZDSUhNMG9nS0VJQ0FnSURCNlk3MGN3EAE,,a week ago,2023-02-02 22:08:52.633599,5.0,Rahul Jatkar,0,0,https://www.google.com/maps/contrib/104573434109859708532/reviews?hl=en-US
ChdDSUhNMG9nS0VJQ0FnSURCNmZEVDVRRRAB,,a week ago,2023-02-02 22:08:52.636574,5.0,GH22,0,0,https://www.google.com/maps/contrib/103199834379560929495/reviews?hl=en-US
ChZDSUhNMG9nS0VJQ0FnSURCcWZPRGR3EAE,Amazing place to visit. Enjoy the Darshan of lord Mahalakshmi. On fridays there is considerable queue for darshan,a week ago,2023-02-02 22:08:52.642852,5.0,Ram Subramanian (Ram),0,0,https://www.google.com/maps/contrib/102688690414467897118/reviews?hl=en-US
ChZDSUhNMG9nS0VJQ0FnSURCcVpQeFVREAE,,a week ago,2023-02-02 22:09:05.013327,5.0,Kishoe Shirsekar,0,0,https://www.google.com/maps/contrib/101813302791734066519/reviews?hl=en-US
ChZDSUhNMG9nS0VJQ0FnSURCcVo3NmZREAE,,a week ago,2023-02-02 22:09:05.015180,5.0,Dhananjay gavade,0,0,https://www.google.com/maps/contrib/101219485542165678403/reviews?hl=en-US
ChdDSUhNMG9nS0VJQ0FnSURCcWNhUXhnRRAB,जय अंबाबाई  (Translated by Google) Jai Ambabai,a week ago,2023-02-02 22:09:05.017894,5.0,Bramhappa Helawar,0,0,https://www.google.com/maps/contrib/100345690265899792369/reviews?hl=en-US
ChdDSUhNMG9nS0VJQ0FnSURCcWJLb29nRRAB,,a week ago,2023-02-02 22:09:05.024816,5.0,NITIN SHINDE,0,0,https://www.google.com/maps/contrib/112191799173247845736/reviews?hl=en-US
ChZDSUhNMG9nS0VJQ0FnSURCeVpTWlZBEAE,आमचे ग्रामदैवत.... आमची आई..... आमची श्रद्धा.... करवीनिवासिनी माता....,a week ago,2023-02-02 22:09:05.026956,5.0,Vishal Mehta,0,0,https://www.google.com/maps/contrib/108037033120609925205/reviews?hl=en-US
ChZDSUhNMG9nS0VJQ0FnSURCaVlPb053EAE,,a week ago,2023-02-02 22:09:05.028922,1.0,A B SOMA SHEKAR,0,0,https://www.google.com/maps/contrib/113126362105778365612/reviews?hl=en-US
ChdDSUhNMG9nS0VJQ0FnSURCaWFHMTh3RRAB,Too much crowd.,a week ago,2023-02-02 22:09:05.030667,4.0,sanitha kushwaha,0,0,https://www.google.com/maps/contrib/110655598477639133759/reviews?hl=en-US
ChZDSUhNMG9nS0VJQ0FnSURCaWFEZFRnEAE,,a week ago,2023-02-02 22:09:05.032578,5.0,Amit Kuldhar,0,0,https://www.google.com/maps/contrib/106099338211004537504/reviews?hl=en-US
ChdDSUhNMG9nS0VJQ0FnSURCOFozRnJ3RRAB,Good place at Kolhapur anba bai niwas trust,a week ago,2023-02-02 22:09:05.035954,5.0,Nilesh Kerure,0,0,https://www.google.com/maps/contrib/104652829084936324703/reviews?hl=en-US
ChdDSUhNMG9nS0VJQ0FnSURCOFo2OTJBRRAB,,a week ago,2023-02-02 22:09:05.040392,5.0,nitin bhosle,0,0,https://www.google.com/maps/contrib/116930269678823857508/reviews?hl=en-US
ChdDSUhNMG9nS0VJQ0FnSURCOGZhMHVnRRAB,,a week ago,2023-02-02 22:09:18.871448,5.0,ajitrao bhosle,0,0,https://www.google.com/maps/contrib/118269538208465755372/reviews?hl=en-US
ChdDSUhNMG9nS0VJQ0FnSURCOGJxSnpRRRAB,,a week ago,2023-02-02 22:09:18.873741,5.0,Nandini kale,0,0,https://www.google.com/maps/contrib/102240461849290189457/reviews?hl=en-US
ChZDSUhNMG9nS0VJQ0FnSURCc2J2dUF3EAE,दर्शन फार लांबून मिळते. थोड जवळून मिळाल्यास आनंद होईल व देवीचे रुप व दर्शन व्यवस्थित मिळेल …,a week ago,2023-02-02 22:09:18.875849,5.0,Aajjay Vanjpey,0,0,https://www.google.com/maps/contrib/105060052481174889573/reviews?hl=en-US
ChdDSUhNMG9nS0VJQ0FnSURCc1lMcjd3RRAB,,a week ago,2023-02-02 22:09:18.877633,5.0,Nitin Sarade,0,0,https://www.google.com/maps/contrib/106048797047168413366/reviews?hl=en-US
ChZDSUhNMG9nS0VJQ0FnSURCc2JER0J3EAE,,a week ago,2023-02-02 22:09:18.882865,5.0,Shivaprasad K,0,0,https://www.google.com/maps/contrib/117756058599574776436/reviews?hl=en-US
ChdDSUhNMG9nS0VJQ0FnSURCc2FDaDl3RRAB,,a week ago,2023-02-02 22:09:18.889820,2.0,Chandrashekhar Sonawane,0,0,https://www.google.com/maps/contrib/114300925233653881251/reviews?hl=en-US
ChdDSUhNMG9nS0VJQ0FnSURCMGMyYjJ3RRAB,,a week ago,2023-02-02 22:09:18.892911,5.0,ketaki phule,0,0,https://www.google.com/maps/contrib/107489202627207386823/reviews?hl=en-US
ChdDSUhNMG9nS0VJQ0FnSURCMGZ6RTdnRRAB,Normal crowd Temple architecture is nice,a week ago,2023-02-02 22:09:18.894965,4.0,Lenin Babu,0,0,https://www.google.com/maps/contrib/110797731469587456098/reviews?hl=en-US
ChdDSUhNMG9nS0VJQ0FnSURCa2UyWWh3RRAB,,a week ago,2023-02-02 22:09:18.900068,3.0,Manoj Borse,0,0,https://www.google.com/maps/contrib/112115382171397369365/reviews?hl=en-US
ChdDSUhNMG9nS0VJQ0FnSURCa1k2R3NBRRAB,,a week ago,2023-02-02 22:09:18.904296,5.0,Pooja Sonar,0,0,https://www.google.com/maps/contrib/109256910809183145442/reviews?hl=en-US
ChdDSUhNMG9nS0VJQ0FnSURCNGEzTWdRRRAB,,a week ago,2023-02-02 22:09:33.215636,5.0,neha salokhe,0,0,https://www.google.com/maps/contrib/111594803462092143527/reviews?hl=en-US
ChZDSUhNMG9nS0VJQ0FnSURCNGFIOGZ3EAE,अंबाबाई चा उदो उदो.. 🚩  (Translated by Google) Udo Udo of Ambabai.. 🚩 …,a week ago,2023-02-02 22:09:33.217585,5.0,Kaustubh Pawar,0,0,https://www.google.com/maps/contrib/108653067439514039951/reviews?hl=en-US
ChdDSUhNMG9nS0VJQ0FnSURCNFlxS29nRRAB,Spiritual; Amazing; Blissful.,a week ago,2023-02-02 22:09:33.219518,5.0,Mahesh Jagirdar,0,0,https://www.google.com/maps/contrib/118166250668607178282/reviews?hl=en-US
ChZDSUhNMG9nS0VJQ0FnSURCb1p2YkJBEAE,,a week ago,2023-02-02 22:09:33.221379,5.0,RMS Dhruvan,0,0,https://www.google.com/maps/contrib/107997134647486436830/reviews?hl=en-US
ChZDSUhNMG9nS0VJQ0FnSURCb1p5UFdBEAE,"Peaceful, nice ambience",a week ago,2023-02-02 22:09:33.223277,4.0,Mounika Satish Adabala,0,0,https://www.google.com/maps/contrib/103659748825557419140/reviews?hl=en-US
ChZDSUhNMG9nS0VJQ0FnSURCb1pTQ0lnEAE,Very divine,a week ago,2023-02-02 22:09:33.234422,5.0,Daksh Phatak,0,0,https://www.google.com/maps/contrib/100770843904077635168/reviews?hl=en-US
ChdDSUhNMG9nS0VJQ0FnSURCd2Ffbm9nRRAB,,a week ago,2023-02-02 22:09:33.236543,5.0,Divyadeep harbola,0,0,https://www.google.com/maps/contrib/111219118622943460050/reviews?hl=en-US
ChdDSUhNMG9nS0VJQ0FnSURCd2NmRnRBRRAB,,a week ago,2023-02-02 22:09:33.238480,4.0,vishal deep,0,0,https://www.google.com/maps/contrib/111378954114370365812/reviews?hl=en-US
ChdDSUhNMG9nS0VJQ0FnSURCd2J2WnhBRRAB,Ancient hindu temple which was build around 5000 years ago.,a week ago,2023-02-02 22:09:33.240477,5.0,Nikhil Kudale,0,0,https://www.google.com/maps/contrib/112010451587763185879/reviews?hl=en-US
ChdDSUhNMG9nS0VJQ0FnSURCd2Uyd2p3RRAB,,a week ago,2023-02-02 22:09:33.247480,4.0,Subodh Naik,0,0,https://www.google.com/maps/contrib/113877053286299710843/reviews?hl=en-US
ChdDSUhNMG9nS0VJQ0FnSURCd2FIRnBnRRAB,,a week ago,2023-02-02 22:09:45.648240,5.0,Artistacyy !,0,0,https://www.google.com/maps/contrib/103919046769439728203/reviews?hl=en-US
ChZDSUhNMG9nS0VJQ0FnSURCd1k2Y0F3EAE,,a week ago,2023-02-02 22:09:45.650431,5.0,Himanshu Rana,0,0,https://www.google.com/maps/contrib/113563223469952027297/reviews?hl=en-US
ChdDSUhNMG9nS0VJQ0FnSURCd2VyeGdBRRAB,,a week ago,2023-02-02 22:09:45.652696,5.0,Manoj Shinde,0,0,https://www.google.com/maps/contrib/117184120747004645702/reviews?hl=en-US
ChdDSUhNMG9nS0VJQ0FnSURCd1lxUDFRRRAB,Nice place,a week ago,2023-02-02 22:09:45.657245,5.0,alok mehta,0,0,https://www.google.com/maps/contrib/114363866131785885465/reviews?hl=en-US
ChZDSUhNMG9nS0VJQ0FnSURCd1lMdVl3EAE,,a week ago,2023-02-02 22:09:45.661684,5.0,Yuvraj Mahindkar,0,0,https://www.google.com/maps/contrib/113976169537530966062/reviews?hl=en-US
ChZDSUhNMG9nS0VJQ0FnSURCd1lpYkl3EAE,,a week ago,2023-02-02 22:09:45.665705,5.0,Vinayak Bagale,0,0,https://www.google.com/maps/contrib/113399359838544990247/reviews?hl=en-US
ChZDSUhNMG9nS0VJQ0FnSURCZ2VfZFB3EAE,,a week ago,2023-02-02 22:09:45.669356,5.0,Niranjan Apte,0,0,https://www.google.com/maps/contrib/102164347174587869555/reviews?hl=en-US
ChZDSUhNMG9nS0VJQ0FnSURCZ1plNkx3EAE,,a week ago,2023-02-02 22:09:45.672776,5.0,Abhinav Suresh,0,0,https://www.google.com/maps/contrib/114663005675081586478/reviews?hl=en-US
ChZDSUhNMG9nS0VJQ0FnSURCZ2IzVVN3EAE,,a week ago,2023-02-02 22:09:45.676226,5.0,Sunil Palshikar,0,0,https://www.google.com/maps/contrib/103112777484099762480/reviews?hl=en-US
ChZDSUhNMG9nS0VJQ0FnSURCZ1k2Tk1BEAE,,a week ago,2023-02-02 22:09:45.679441,5.0,Aditya Sutar,0,0,https://www.google.com/maps/contrib/102882380846989848115/reviews?hl=en-US
ChZDSUhNMG9nS0VJQ0FnSURCX3I3ZlV3EAE,,a week ago,2023-02-02 22:09:58.734051,5.0,Asawari Honale,0,0,https://www.google.com/maps/contrib/100951992355305273964/reviews?hl=en-US
ChZDSUhNMG9nS0VJQ0FnSURCX3FieEZ3EAE,,a week ago,2023-02-02 22:09:58.740020,5.0,Kiran Konnur,0,0,https://www.google.com/maps/contrib/109480764471874470656/reviews?hl=en-US
ChdDSUhNMG9nS0VJQ0FnSURCdnRIay13RRAB,,a week ago,2023-02-02 22:09:58.745618,5.0,swapnil sonar,0,0,https://www.google.com/maps/contrib/109385394085283166638/reviews?hl=en-US
ChdDSUhNMG9nS0VJQ0FnSURCdnJ5RGtRRRAB,🙏 …,a week ago,2023-02-02 22:09:58.749324,5.0,Anil Kumar Madisetty,0,0,https://www.google.com/maps/contrib/111675632297224770226/reviews?hl=en-US
ChdDSUhNMG9nS0VJQ0FnSURCdnB6QzZRRRAB,Nice temple,a week ago,2023-02-02 22:09:58.753954,5.0,Dhanashri Salekar,0,0,https://www.google.com/maps/contrib/109590777462200264369/reviews?hl=en-US
ChdDSUhNMG9nS0VJQ0FnSURCM3BLVHh3RRAB,Temple close at 10 pm,a week ago,2023-02-02 22:09:58.761987,5.0,Shubham Yadav,0,0,https://www.google.com/maps/contrib/103791953601020773775/reviews?hl=en-US
ChZDSUhNMG9nS0VJQ0FnSURCM29UcFZnEAE,Devine,a week ago,2023-02-02 22:09:58.766759,5.0,Sachin Deshmukh,0,0,https://www.google.com/maps/contrib/106624364634693935794/reviews?hl=en-US
ChdDSUhNMG9nS0VJQ0FnSURCbnN1SDhnRRAB,,a week ago,2023-02-02 22:09:58.772450,5.0,Sunil Rochlani,0,0,https://www.google.com/maps/contrib/107585025650012903120/reviews?hl=en-US
ChdDSUhNMG9nS0VJQ0FnSURCbnVQZzZnRRAB,A place of mythological importance. Here the Sathi Devi's left hand has fallen. So it's known as a Shakthi peeth. It's also related to an incidence in which lord Vishnu destroyed the third eye (anguish and proud) in the feet of Bhrugu …,a week ago,2023-02-02 22:09:58.784649,5.0,Laxmi narayana,0,0,https://www.google.com/maps/contrib/113408173686301677453/reviews?hl=en-US
ChdDSUhNMG9nS0VJQ0FnSURCbnBXLTBnRRAB,Blessed ❤️,a week ago,2023-02-02 22:09:58.791912,5.0,Amit Ajit govekar,0,0,https://www.google.com/maps/contrib/110829298596662741558/reviews?hl=en-US
ChdDSUhNMG9nS0VJQ0FnSURCbnRTRnhBRRAB,,a week ago,2023-02-02 22:10:09.627639,5.0,Aakash Palande,0,0,https://www.google.com/maps/contrib/103695345456250675033/reviews?hl=en-US
ChdDSUhNMG9nS0VJQ0FnSURCbnZqR3hRRRAB,Excellent,a week ago,2023-02-02 22:10:09.629778,5.0,Hrushikesh Godse,0,0,https://www.google.com/maps/contrib/106595191754004429154/reviews?hl=en-US
ChZDSUhNMG9nS0VJQ0FnSURCbnBEVlhBEAE,,a week ago,2023-02-02 22:10:09.631789,5.0,Darshan More,0,0,https://www.google.com/maps/contrib/105357271610128892077/reviews?hl=en-US
ChdDSUhNMG9nS0VJQ0FnSURCbnVEam93RRAB,,a week ago,2023-02-02 22:10:09.634199,5.0,Milind Chandwadkar,0,0,https://www.google.com/maps/contrib/115558380930414806224/reviews?hl=en-US
ChdDSUhNMG9nS0VJQ0FnSURCN3BPcm5BRRAB,Beautiful 😍😍 …,a week ago,2023-02-02 22:10:09.636727,5.0,Mallari Bachute,0,0,https://www.google.com/maps/contrib/106528977585285806425/reviews?hl=en-US
ChdDSUhNMG9nS0VJQ0FnSURCN3VYRXZnRRAB,,a week ago,2023-02-02 22:10:09.638586,4.0,Medha Kattige,0,0,https://www.google.com/maps/contrib/107110626212206382055/reviews?hl=en-US
ChZDSUhNMG9nS0VJQ0FnSURCenZPeFN3EAE,Just feel at this place. Power of Mahalaskhmi devi will guide you everywhere...🌸🌸🌸 …,a week ago,2023-02-02 22:10:09.640441,5.0,ShaiLesh Bahir,0,0,https://www.google.com/maps/contrib/115804754022179269360/reviews?hl=en-US
ChdDSUhNMG9nS0VJQ0FnSURCenFPaC1BRRAB,,a week ago,2023-02-02 22:10:09.642134,5.0,Gaurav Naik,0,0,https://www.google.com/maps/contrib/110485782186186952416/reviews?hl=en-US
ChdDSUhNMG9nS0VJQ0FnSURCenVhcDRnRRAB,,2 weeks ago,2023-02-02 22:10:09.643875,5.0,Sujay Bhondwe,0,0,https://www.google.com/maps/contrib/102001090747343851182/reviews?hl=en-US
ChZDSUhNMG9nS0VJQ0FnSURCem9LREN3EAE,,2 weeks ago,2023-02-02 22:10:09.645448,5.0,Chirag Mk,0,0,https://www.google.com/maps/contrib/116855474437129996967/reviews?hl=en-US
ChZDSUhNMG9nS0VJQ0FnSURCenV6clh3EAE,Nice Pilgrim Place to visit,2 weeks ago,2023-02-02 22:10:19.818563,5.0,DIPESH PATEL M,0,0,https://www.google.com/maps/contrib/115356386411842224723/reviews?hl=en-US
ChdDSUhNMG9nS0VJQ0FnSURCem95czB3RRAB,,2 weeks ago,2023-02-02 22:10:19.820227,5.0,Archana Kamath,0,0,https://www.google.com/maps/contrib/115635714330824341495/reviews?hl=en-US
ChZDSUhNMG9nS0VJQ0FnSURCanQyQ1hnEAE,Nice place must visit and take blessing of maha laxmi,2 weeks ago,2023-02-02 22:10:19.823674,5.0,Ganesh Mishra,0,0,https://www.google.com/maps/contrib/102441467276732690977/reviews?hl=en-US
ChdDSUhNMG9nS0VJQ0FnSURCOXVfd3R3RRAB,Divinity at its best,2 weeks ago,2023-02-02 22:10:19.825282,5.0,Boss,0,0,https://www.google.com/maps/contrib/100215073994863140059/reviews?hl=en-US
ChZDSUhNMG9nS0VJQ0FnSURCOXNQSUNREAE,No management for darshan line.,2 weeks ago,2023-02-02 22:10:19.826808,4.0,Gauri Sutar Joshi,0,0,https://www.google.com/maps/contrib/107243820191643975189/reviews?hl=en-US
ChZDSUhNMG9nS0VJQ0FnSURCOXVtZlNREAE,A very old historical temple of Goddess Lakshmi,2 weeks ago,2023-02-02 22:10:19.828326,5.0,Ramesh Iyer,0,0,https://www.google.com/maps/contrib/102473000373017643717/reviews?hl=en-US
ChdDSUhNMG9nS0VJQ0FnSURCOXZHWHFRRRAB,,2 weeks ago,2023-02-02 22:10:19.829761,5.0,Omkar Kulkarni,0,0,https://www.google.com/maps/contrib/114920677776610670971/reviews?hl=en-US
ChZDSUhNMG9nS0VJQ0FnSUNXdjdYcE5REAE,Divine...,2 weeks ago,2023-02-02 22:10:19.831167,4.0,Abhijit Kalamnurikar,0,0,https://www.google.com/maps/contrib/108353942918100164350/reviews?hl=en-US
ChZDSUhNMG9nS0VJQ0FnSURCOW9xV2NnEAE,,2 weeks ago,2023-02-02 22:10:19.832675,5.0,Anusha Nagarale,0,0,https://www.google.com/maps/contrib/116904030469981390107/reviews?hl=en-US
ChdDSUhNMG9nS0VJQ0FnSURCOXNLenBnRRAB,,2 weeks ago,2023-02-02 22:10:19.834087,5.0,shraddha ture,0,0,https://www.google.com/maps/contrib/109775206428689745497/reviews?hl=en-US
ChZDSUhNMG9nS0VJQ0FnSURCOXNqTkpnEAE,Blessed Place..❤️ Ancient And Historical Place With Great Stone Art..,2 weeks ago,2023-02-02 22:10:30.008868,5.0,Somesh Sudhir Priya Khodke,0,0,https://www.google.com/maps/contrib/106004139889893438476/reviews?hl=en-US
ChZDSUhNMG9nS0VJQ0FnSURCdHJ1ak93EAE,Divine experience! Mahalaxmi Mata Ki Jay❤🙏 …,2 weeks ago,2023-02-02 22:10:30.010892,5.0,Siddharth Kshatriya,0,0,https://www.google.com/maps/contrib/106343651384816870459/reviews?hl=en-US
ChZDSUhNMG9nS0VJQ0FnSURCdHMzQ01BEAE,,2 weeks ago,2023-02-02 22:10:30.012835,5.0,Ram Shinge,0,0,https://www.google.com/maps/contrib/106376309399050478021/reviews?hl=en-US
ChZDSUhNMG9nS0VJQ0FnSURCdHMzRVBBEAE,,2 weeks ago,2023-02-02 22:10:30.014731,5.0,Aakash Jadhav,0,0,https://www.google.com/maps/contrib/115978098650455836606/reviews?hl=en-US
ChdDSUhNMG9nS0VJQ0FnSURCdHNhMjRnRRAB,Karveer nivasini had a blessings over kolhapur. Good vibes being generated..The temple is still Historical  and memorable too.,2 weeks ago,2023-02-02 22:10:30.016746,5.0,Ishu Sharma,0,0,https://www.google.com/maps/contrib/110777862754590032454/reviews?hl=en-US
ChZDSUhNMG9nS0VJQ0FnSURCbHNEeU9BEAE,Holy place for devotees,2 weeks ago,2023-02-02 22:10:30.018632,5.0,GAURAV NAGWAN,0,0,https://www.google.com/maps/contrib/116034644061292008958/reviews?hl=en-US
ChZDSUhNMG9nS0VJQ0FnSURCNXNidGJnEAE,,2 weeks ago,2023-02-02 22:10:30.021837,5.0,anirudh borgave,0,0,https://www.google.com/maps/contrib/109328638153438188951/reviews?hl=en-US
ChdDSUhNMG9nS0VJQ0FnSURCcHVQT2dRRRAB,,2 weeks ago,2023-02-02 22:10:30.023870,5.0,Yatin Durge,0,0,https://www.google.com/maps/contrib/113596354029774909364/reviews?hl=en-US
ChdDSUhNMG9nS0VJQ0FnSURCcHNPa3NnRRAB,Always a peaceful visit,2 weeks ago,2023-02-02 22:10:30.025706,5.0,Devdatta Sawant,0,0,https://www.google.com/maps/contrib/108827243535183231170/reviews?hl=en-US
ChZDSUhNMG9nS0VJQ0FnSURCcHJxTmJ3EAE,,2 weeks ago,2023-02-02 22:10:30.027552,5.0,Kiranlal Nair,0,0,https://www.google.com/maps/contrib/108911481042962379057/reviews?hl=en-US
ChdDSUhNMG9nS0VJQ0FnSURCcHBDQjlRRRAB,Holy place to visit,2 weeks ago,2023-02-02 22:10:41.093424,5.0,Pranav Satardekar,0,0,https://www.google.com/maps/contrib/107906403994696259329/reviews?hl=en-US
ChZDSUhNMG9nS0VJQ0FnSURCeG9PRVNREAE,,2 weeks ago,2023-02-02 22:10:41.095109,5.0,AKSHAY KIRVE,0,0,https://www.google.com/maps/contrib/107038552678661179589/reviews?hl=en-US
ChdDSUhNMG9nS0VJQ0FnSURCeHZ5S3ZRRRAB,Superb 🙏🙏🙏🙏🙏🙏 …,2 weeks ago,2023-02-02 22:10:41.096784,5.0,guru mathapati,0,0,https://www.google.com/maps/contrib/102662492630914098263/reviews?hl=en-US
ChdDSUhNMG9nS0VJQ0FnSURCLXRQS2pnRRAB,Beautiful temple.,2 weeks ago,2023-02-02 22:10:41.098347,5.0,Ankita Jha,0,0,https://www.google.com/maps/contrib/107565733442540281307/reviews?hl=en-US
ChdDSUhNMG9nS0VJQ0FnSURCLXZXM2pRRRAB,,2 weeks ago,2023-02-02 22:10:41.099848,5.0,Sandeep mali,0,0,https://www.google.com/maps/contrib/113730922255308902502/reviews?hl=en-US
ChdDSUhNMG9nS0VJQ0FnSURCLXBXTzFRRRAB,Good environment,2 weeks ago,2023-02-02 22:10:41.101490,4.0,Pravin Sunkewar,0,0,https://www.google.com/maps/contrib/110734460519201717928/reviews?hl=en-US
ChdDSUhNMG9nS0VJQ0FnSURCLXVtUHdRRRAB,Shri mahalaxmi mandir  (Translated by Google) shri mahalaxmi mandir,2 weeks ago,2023-02-02 22:10:41.103179,5.0,shantanu shirpurkar,0,0,https://www.google.com/maps/contrib/117559452923908333251/reviews?hl=en-US
ChZDSUhNMG9nS0VJQ0FnSURCLXJhM2FnEAE,Amma... Really Amma... No words to Say..🙏 …,2 weeks ago,2023-02-02 22:10:41.104986,5.0,Boyapati Raghu,0,0,https://www.google.com/maps/contrib/107015258036087541681/reviews?hl=en-US
ChZDSUhNMG9nS0VJQ0FnSURCLXRMSlRREAE,,2 weeks ago,2023-02-02 22:10:41.106618,5.0,Mayuresh,0,0,https://www.google.com/maps/contrib/104455270660230051273/reviews?hl=en-US
ChdDSUhNMG9nS0VJQ0FnSURCdXZXMmhBRRAB,,2 weeks ago,2023-02-02 22:10:41.108151,5.0,KHIDRAPURKAR 01,0,0,https://www.google.com/maps/contrib/110131813696388822558/reviews?hl=en-US
ChZDSUhNMG9nS0VJQ0FnSURCdXJYc1p3EAE,Loved the architecture of the temple. must visit,2 weeks ago,2023-02-02 22:10:51.555896,5.0,vinaykumar Byahatti,0,0,https://www.google.com/maps/contrib/107740736683566806563/reviews?hl=en-US
ChZDSUhNMG9nS0VJQ0FnSUN5NnR5cGVBEAE,My goddess Lakshmi,2 weeks ago,2023-02-02 22:10:51.557667,5.0,Yogesh Kulkarni,0,0,https://www.google.com/maps/contrib/116198955296999064357/reviews?hl=en-US
ChdDSUhNMG9nS0VJQ0FnSURCMnBfZzJBRRAB,,2 weeks ago,2023-02-02 22:10:51.559339,5.0,Ravish Agarwal,0,0,https://www.google.com/maps/contrib/110571162603485084377/reviews?hl=en-US
ChdDSUhNMG9nS0VJQ0FnSURCMnVYX253RRAB,,2 weeks ago,2023-02-02 22:10:51.561214,5.0,Shruti Pangare,0,0,https://www.google.com/maps/contrib/100184378796676882326/reviews?hl=en-US
ChdDSUhNMG9nS0VJQ0FnSURCMnY2cHR3RRAB,🙏 …,2 weeks ago,2023-02-02 22:10:51.562838,5.0,Amit Paradkar,0,0,https://www.google.com/maps/contrib/107557825233099395649/reviews?hl=en-US
ChZDSUhNMG9nS0VJQ0FnSURCMnJiNUJnEAE,,2 weeks ago,2023-02-02 22:10:51.564589,5.0,Prasad Kale,0,0,https://www.google.com/maps/contrib/106371028120497111518/reviews?hl=en-US
ChZDSUhNMG9nS0VJQ0FnSURCMnRxcVlnEAE,,2 weeks ago,2023-02-02 22:10:51.566715,5.0,anjali balani,0,0,https://www.google.com/maps/contrib/106448442193299966019/reviews?hl=en-US
ChZDSUhNMG9nS0VJQ0FnSURCMnFMQUN3EAE,Nice,2 weeks ago,2023-02-02 22:10:51.568721,5.0,Kalpesh Patel,0,0,https://www.google.com/maps/contrib/105676603489662506322/reviews?hl=en-US
ChdDSUhNMG9nS0VJQ0FnSURCMnJUcmx3RRAB,If you want some internal peace then you can visit it,2 weeks ago,2023-02-02 22:10:51.570684,5.0,samarth Patil,0,0,https://www.google.com/maps/contrib/103929821794316744663/reviews?hl=en-US
ChZDSUhNMG9nS0VJQ0FnSURCMnBpV09BEAE,,2 weeks ago,2023-02-02 22:10:51.572855,5.0,Shridhar Sarangdhar,0,0,https://www.google.com/maps/contrib/115445484571260546171/reviews?hl=en-US
ChZDSUhNMG9nS0VJQ0FnSURCMnVpNExREAE,Very nice place,2 weeks ago,2023-02-02 22:11:02.575074,5.0,Vinayak D,0,0,https://www.google.com/maps/contrib/117282414674663265140/reviews?hl=en-US
ChdDSUhNMG9nS0VJQ0FnSURCbXYtQnpRRRAB,🙏🏻🙏🏻🙏🏻 …,2 weeks ago,2023-02-02 22:11:02.577182,5.0,archana badhe,0,0,https://www.google.com/maps/contrib/113734792865378638371/reviews?hl=en-US
ChdDSUhNMG9nS0VJQ0FnSURCbW9pRjFBRRAB,,2 weeks ago,2023-02-02 22:11:02.579011,5.0,Ajay Kamthe,0,0,https://www.google.com/maps/contrib/116123797100504844227/reviews?hl=en-US
ChdDSUhNMG9nS0VJQ0FnSUMtZ2FXQThnRRAB,🙏 …,2 weeks ago,2023-02-02 22:11:02.580821,5.0,Sarthak Mayekar,0,0,https://www.google.com/maps/contrib/107009766605135682202/reviews?hl=en-US
ChdDSUhNMG9nS0VJQ0FnSURCcXBtLWd3RRAB,,2 weeks ago,2023-02-02 22:11:02.584909,5.0,Dr. Nitin S. Sonar,0,0,https://www.google.com/maps/contrib/105873738369974264911/reviews?hl=en-US
ChdDSUhNMG9nS0VJQ0FnSURCcXZicnF3RRAB,,2 weeks ago,2023-02-02 22:11:02.586666,5.0,Pooja Choudhari,0,0,https://www.google.com/maps/contrib/107923780826373692910/reviews?hl=en-US
ChZDSUhNMG9nS0VJQ0FnSURCcXFyN2NnEAE,,2 weeks ago,2023-02-02 22:11:02.588557,5.0,Neeraj Patil,0,0,https://www.google.com/maps/contrib/112756615936845292283/reviews?hl=en-US
ChZDSUhNMG9nS0VJQ0FnSURCcW9qV0ZBEAE,,2 weeks ago,2023-02-02 22:11:02.590381,5.0,Chetan Gore,0,0,https://www.google.com/maps/contrib/102107403332051194681/reviews?hl=en-US
ChdDSUhNMG9nS0VJQ0FnSURCcXRDV2xBRRAB,Peaceful temple Prasad laddu of INR 10. Super testy laddu,2 weeks ago,2023-02-02 22:11:02.592269,4.0,Praktan Dhaneshwar,0,0,https://www.google.com/maps/contrib/101615038037213625257/reviews?hl=en-US
ChdDSUhNMG9nS0VJQ0FnSURCeXNQcjFnRRAB,"Must visit once in life, most energetic vibes, one of the Oldest temple.",2 weeks ago,2023-02-02 22:11:02.594118,4.0,Devdatt Sharma,0,0,https://www.google.com/maps/contrib/106721911702127583708/reviews?hl=en-US
ChdDSUhNMG9nS0VJQ0FnSURCeXYyLS13RRAB,please Visit,2 weeks ago,2023-02-02 22:11:13.634038,5.0,Santoshgite _official,0,0,https://www.google.com/maps/contrib/104836547024858391727/reviews?hl=en-US
ChdDSUhNMG9nS0VJQ0FnSURCeXNiZ2d3RRAB,Devine!,2 weeks ago,2023-02-02 22:11:13.635822,5.0,Sandeep Raut,0,0,https://www.google.com/maps/contrib/102664013828319072592/reviews?hl=en-US
ChdDSUhNMG9nS0VJQ0FnSURCeW9MUHlnRRAB,,2 weeks ago,2023-02-02 22:11:13.637498,5.0,Keerthi Keerthi,0,0,https://www.google.com/maps/contrib/101060622506025598929/reviews?hl=en-US
ChdDSUhNMG9nS0VJQ0FnSURCeW95NzB3RRAB,,2 weeks ago,2023-02-02 22:11:13.639110,5.0,Amol Barshikar,0,0,https://www.google.com/maps/contrib/104500877433332953357/reviews?hl=en-US
ChdDSUhNMG9nS0VJQ0FnSURCaXMtVG5RRRAB,,2 weeks ago,2023-02-02 22:11:13.640848,5.0,Samikshadeepakshinde@gmail.com Samikshadeepakshinde@gmail.com,0,0,https://www.google.com/maps/contrib/116901141084992590161/reviews?hl=en-US
ChZDSUhNMG9nS0VJQ0FnSURCaXZ1Mkh3EAE,,2 weeks ago,2023-02-02 22:11:13.642491,5.0,Amit Salunke,0,0,https://www.google.com/maps/contrib/111825263460457705029/reviews?hl=en-US
ChZDSUhNMG9nS0VJQ0FnSURCaXVPX1ZBEAE,Super,2 weeks ago,2023-02-02 22:11:13.644117,5.0,Shanthi Sri,0,0,https://www.google.com/maps/contrib/107656018432410928081/reviews?hl=en-US
ChZDSUhNMG9nS0VJQ0FnSURCaXFQQ01BEAE,Very powerful temple of Laxmi devi Amman,2 weeks ago,2023-02-02 22:11:13.645822,5.0,Raparti Pavan,0,0,https://www.google.com/maps/contrib/111167048974240278950/reviews?hl=en-US
ChdDSUhNMG9nS0VJQ0FnSURCOHB2ZHFnRRAB,DO READ THESE POINTS FOR A EASY EXPERIENCE.  1. Parking here is a main problem and most of the time parking wont be available …,2 weeks ago,2023-02-02 22:11:13.650869,5.0,Siddhant Bhandari,0,0,https://www.google.com/maps/contrib/101359248004089775188/reviews?hl=en-US
ChdDSUhNMG9nS0VJQ0FnSURCdlBYcnpBRRAB,"The temple belongs architecturally to the Chalukya empire and was first built in the 7th century. The temple is referred to in multiple Puranas. There is evidence to show that the Konkan king Kamadeo, Chalukyas, Shilahara, Yadavas of Devagiri dynasties visited this city. Adi Shankaracharya also visited.",2 weeks ago,2023-02-02 22:11:13.652962,5.0,Aditya Bhingude,0,0,https://www.google.com/maps/contrib/102354217880319363686/reviews?hl=en-US
ChdDSUhNMG9nS0VJQ0FnSURCOHFIRzl3RRAB,"Very nice temple. worth a visit if you are in Kolhapur. This shrine is one of the 18 sakthipeetams. The temple is very small and during normal days, the darshan will take around 10 minutes.",2 weeks ago,2023-02-02 22:11:25.681488,4.0,gopi krishna madugula,0,0,https://www.google.com/maps/contrib/112502532012269668568/reviews?hl=en-US
ChZDSUhNMG9nS0VJQ0FnSURCOHNDMFdBEAE,,2 weeks ago,2023-02-02 22:11:25.683225,5.0,Kishor Khandve,0,0,https://www.google.com/maps/contrib/100971081384747283419/reviews?hl=en-US
ChZDSUhNMG9nS0VJQ0FnSURCc3NfS0h3EAE,Good place good temple,2 weeks ago,2023-02-02 22:11:25.684833,5.0,RS KAMATH,0,0,https://www.google.com/maps/contrib/118169132801634741773/reviews?hl=en-US
ChdDSUhNMG9nS0VJQ0FnSURCc3ZXUTNBRRAB,,2 weeks ago,2023-02-02 22:11:25.686440,5.0,milka desai,0,0,https://www.google.com/maps/contrib/100782072147247690661/reviews?hl=en-US
ChZDSUhNMG9nS0VJQ0FnSURCMHBub1d3EAE,#SUKOON 🌍💯🙌❣ …,2 weeks ago,2023-02-02 22:11:25.688217,5.0,Suraj Singh,0,0,https://www.google.com/maps/contrib/102311136437551051814/reviews?hl=en-US
ChZDSUhNMG9nS0VJQ0FnSURCMHBLZkp3EAE,,2 weeks ago,2023-02-02 22:11:25.689885,3.0,Anand Pipare,0,0,https://www.google.com/maps/contrib/101951905770213403856/reviews?hl=en-US
ChdDSUhNMG9nS0VJQ0FnSURCMHVUY3lRRRAB,21 peeth  (Translated by Google) 21 pet,2 weeks ago,2023-02-02 22:11:25.691410,5.0,Santosh Dulhani,0,0,https://www.google.com/maps/contrib/116372743016594515855/reviews?hl=en-US
ChZDSUhNMG9nS0VJQ0FnSURCa3VQSlR3EAE,"Temple is good would have given 5 star rating as inside of the temple premises was good. However there is no public conveniences near the temple. I was told there is a urinal near parking which is about one km from the temple, there was no …",2 weeks ago,2023-02-02 22:11:25.693129,3.0,Vijay K Patil,0,0,https://www.google.com/maps/contrib/109561486411798042650/reviews?hl=en-US
ChdDSUhNMG9nS0VJQ0FnSURCa3BhRnVnRRAB,Very nice,2 weeks ago,2023-02-02 22:11:25.694934,5.0,Awadhut Palnitkar,0,0,https://www.google.com/maps/contrib/114551692809935754579/reviews?hl=en-US
ChZDSUhNMG9nS0VJQ0FnSURCa3BxcFF3EAE,A Divine place - Temple of Shri Mahalaxmi Devi also known as Amba Bai. Has the history of several hundreds of years. The architecture of temple is really a master piece of that era,2 weeks ago,2023-02-02 22:11:25.696874,5.0,Akshay Surve,0,0,https://www.google.com/maps/contrib/106602527487751939323/reviews?hl=en-US
ChZDSUhNMG9nS0VJQ0FnSURCNHNfV0ZREAE,5 वर्ष अनुभव  (Translated by Google) 5 years experience,2 weeks ago,2023-02-02 22:11:38.287500,1.0,MANGESH PAWAR,0,0,https://www.google.com/maps/contrib/116654041268176621400/reviews?hl=en-US
ChdDSUhNMG9nS0VJQ0FnSURCNG9fMzNRRRAB,Most beautiful place and best time to visit is from December to February. Best time to witness sun rays falling on goddess face. Architecture of temple is very beautiful.,2 weeks ago,2023-02-02 22:11:38.289348,5.0,Asmita Maske,0,0,https://www.google.com/maps/contrib/118409310084473645898/reviews?hl=en-US
ChdDSUhNMG9nS0VJQ0FnSURCNG9qazFRRRAB,,2 weeks ago,2023-02-02 22:11:38.291075,5.0,Suraj Karekar,0,0,https://www.google.com/maps/contrib/110001362893239257436/reviews?hl=en-US
ChdDSUhNMG9nS0VJQ0FnSURCb3RmNnlnRRAB,,2 weeks ago,2023-02-02 22:11:38.292714,5.0,Alpana Alat,0,0,https://www.google.com/maps/contrib/117354448406551984395/reviews?hl=en-US
ChdDSUhNMG9nS0VJQ0FnSURCb3BmYjV3RRAB,Jai Maa Mahalaxmi Ambabai 🙏 Great Unique and historical Temple of Goddess Shri Mahalakshmi and Locally known as Shri Ambabai Mahalaxmi Devi. …,2 weeks ago,2023-02-02 22:11:38.294366,5.0,vishal singh,0,0,https://www.google.com/maps/contrib/116005724343982959993/reviews?hl=en-US
ChdDSUhNMG9nS0VJQ0FnSUNXNWVyTjd3RRAB,"The temple of the goddess Mahalakshmi was built by Karnadeva in 634 CE Chalukya reign.[2] Mounted on a stone platform, the murti of the crowned goddess is made of gemstone and weighs about 40 kilograms. The image of Mahalakshmi carved in …",2 weeks ago,2023-02-02 22:11:38.296158,5.0,Vaibhav Bhagwan Kashyap.,0,0,https://www.google.com/maps/contrib/101446840488163378501/reviews?hl=en-US
ChdDSUhNMG9nS0VJQ0FnSURCb3FuejV3RRAB,🌺🌺🙏🏻🌺🌺 …,2 weeks ago,2023-02-02 22:11:38.297730,5.0,Sagar Sutar,0,0,https://www.google.com/maps/contrib/115556812760775106995/reviews?hl=en-US
ChdDSUhNMG9nS0VJQ0FnSURCb29tNnB3RRAB,,2 weeks ago,2023-02-02 22:11:38.299200,5.0,Amar Gavali,0,0,https://www.google.com/maps/contrib/105107209407156817317/reviews?hl=en-US
ChdDSUhNMG9nS0VJQ0FnSURCb3Jyd3Z3RRAB,"Awesome place with great too much feelings together, happiness love",2 weeks ago,2023-02-02 22:11:38.300709,5.0,Jyoti Jadhav,0,0,https://www.google.com/maps/contrib/117331729089807880976/reviews?hl=en-US
ChdDSUhNMG9nS0VJQ0FnSURCb3RUU3Z3RRAB,,2 weeks ago,2023-02-02 22:11:38.302164,5.0,Soumya Roy,0,0,https://www.google.com/maps/contrib/108505800636704036815/reviews?hl=en-US
ChZDSUhNMG9nS0VJQ0FnSURCZ29Ydkp3EAE,,2 weeks ago,2023-02-02 22:11:51.390757,5.0,MARY SHAHARE,0,0,https://www.google.com/maps/contrib/117270821965460565822/reviews?hl=en-US
ChdDSUhNMG9nS0VJQ0FnSURCZ29MenhnRRAB,,2 weeks ago,2023-02-02 22:11:51.392235,5.0,Krishna Waidande,0,0,https://www.google.com/maps/contrib/103059753913956710054/reviews?hl=en-US
ChdDSUhNMG9nS0VJQ0FnSURCZ3R5R3l3RRAB,Nice,2 weeks ago,2023-02-02 22:11:51.393744,5.0,anand sawant,0,0,https://www.google.com/maps/contrib/104101337466243035572/reviews?hl=en-US
ChdDSUhNMG9nS0VJQ0FnSURCZ3N6SDR3RRAB,Excellent Matha temple,2 weeks ago,2023-02-02 22:11:51.395204,5.0,Thippe Swamy,0,0,https://www.google.com/maps/contrib/106505792102013193510/reviews?hl=en-US
ChdDSUhNMG9nS0VJQ0FnSURCZ3JqcXlBRRAB,You can feel the Divinity Of Mata Mahalaxmi here.🙏🌹 …,2 weeks ago,2023-02-02 22:11:51.396843,5.0,Neelam Yadav,0,0,https://www.google.com/maps/contrib/105719096316911503781/reviews?hl=en-US
ChZDSUhNMG9nS0VJQ0FnSURCX0xQd0xREAE,Even though it's market place the temple is maintained well,2 weeks ago,2023-02-02 22:11:51.398407,5.0,Nagaraj PW,0,0,https://www.google.com/maps/contrib/117998389346705724519/reviews?hl=en-US
ChdDSUhNMG9nS0VJQ0FnSURCX01HUjlnRRAB,,2 weeks ago,2023-02-02 22:11:51.399859,5.0,Makarand,0,0,https://www.google.com/maps/contrib/109873712277817474896/reviews?hl=en-US
ChZDSUhNMG9nS0VJQ0FnSURCX002bkpREAE,"Aadi Shakti swaroopini Ashtalakshmi plus to visit her in this life,It's an amazing place to visit peaceful spiritual enlightment.",2 weeks ago,2023-02-02 22:11:51.402341,5.0,shweta gk,0,0,https://www.google.com/maps/contrib/114939875333561356662/reviews?hl=en-US
ChdDSUhNMG9nS0VJQ0FnSURCX1BMY3JBRRAB,,2 weeks ago,2023-02-02 22:11:51.405451,5.0,vishal patil,0,0,https://www.google.com/maps/contrib/110429471725295594507/reviews?hl=en-US
ChZDSUhNMG9nS0VJQ0FnSURCX05EM2RREAE,Devi Amba bai 🙏 …,2 weeks ago,2023-02-02 22:11:51.407139,5.0,Kanchan Sonawane,0,0,https://www.google.com/maps/contrib/115942051566677586566/reviews?hl=en-US
ChZDSUhNMG9nS0VJQ0FnSURCdkttSUxREAE,,2 weeks ago,2023-02-02 22:12:04.547963,5.0,Mahesh Kaware,0,0,https://www.google.com/maps/contrib/116078583954467268380/reviews?hl=en-US
ChdDSUhNMG9nS0VJQ0FnSURCdktHYmhnRRAB,,2 weeks ago,2023-02-02 22:12:04.549448,5.0,Ramniwas Gurjar,0,0,https://www.google.com/maps/contrib/102349393199924100179/reviews?hl=en-US
ChdDSUhNMG9nS0VJQ0FnSURCdlBhc3FnRRAB,,2 weeks ago,2023-02-02 22:12:04.551072,5.0,Pooja Pawar,0,0,https://www.google.com/maps/contrib/103312179094858813340/reviews?hl=en-US
ChZDSUhNMG9nS0VJQ0FnSURCdklya09nEAE,,2 weeks ago,2023-02-02 22:12:04.552575,5.0,Shashank Kulkarni,0,0,https://www.google.com/maps/contrib/101720000034090733191/reviews?hl=en-US
ChdDSUhNMG9nS0VJQ0FnSURCdlB5QWdRRRAB,,2 weeks ago,2023-02-02 22:12:04.553927,5.0,sunil shinde,0,0,https://www.google.com/maps/contrib/105996542850321955908/reviews?hl=en-US
ChZDSUhNMG9nS0VJQ0FnSURCdkpqQlp3EAE,,2 weeks ago,2023-02-02 22:12:04.555364,5.0,Aniket Shimpale,0,0,https://www.google.com/maps/contrib/102453490729691218782/reviews?hl=en-US
ChZDSUhNMG9nS0VJQ0FnSURCdktqUkdREAE,,2 weeks ago,2023-02-02 22:12:04.556783,5.0,Prasad Sakhare,0,0,https://www.google.com/maps/contrib/105180437422966837078/reviews?hl=en-US
ChdDSUhNMG9nS0VJQ0FnSURCM00tUzlnRRAB,,2 weeks ago,2023-02-02 22:12:04.558236,5.0,rajsinh pawar,0,0,https://www.google.com/maps/contrib/114420234919283465145/reviews?hl=en-US
ChdDSUhNMG9nS0VJQ0FnSURCM0ptcTl3RRAB,Temple do not have any washroom facilities for ladies and gents also nearby hotels not allowing. Please consider before coming here.,2 weeks ago,2023-02-02 22:12:04.559632,1.0,Sagar Talole,0,0,https://www.google.com/maps/contrib/116958288373481968436/reviews?hl=en-US
ChZDSUhNMG9nS0VJQ0FnSURCM1BHWGZREAE,,2 weeks ago,2023-02-02 22:12:04.561014,5.0,Asmita Patil,0,0,https://www.google.com/maps/contrib/116173424952228493571/reviews?hl=en-US
ChZDSUhNMG9nS0VJQ0FnSURCM05yZlJREAE,,2 weeks ago,2023-02-02 22:12:22.713280,5.0,Narayan gavande,0,0,https://www.google.com/maps/contrib/108223577232965559471/reviews?hl=en-US
ChZDSUhNMG9nS0VJQ0FnSURCM05LYUFnEAE,,2 weeks ago,2023-02-02 22:12:22.714981,5.0,Amit Shukla,0,0,https://www.google.com/maps/contrib/109632490593887232817/reviews?hl=en-US
ChZDSUhNMG9nS0VJQ0FnSUNHaThiRUFnEAE,(Translated by Google) The spirit likes.....blessed by mahalaxmi mata  (Original) …,2 weeks ago,2023-02-02 22:12:22.716982,5.0,Shubhankar pramod Garge,0,0,https://www.google.com/maps/contrib/111601066078718737158/reviews?hl=en-US
ChZDSUhNMG9nS0VJQ0FnSURCM0tUTk5nEAE,,2 weeks ago,2023-02-02 22:12:22.719766,5.0,Sirisha Reddy Goluguri,0,0,https://www.google.com/maps/contrib/106895838683618867000/reviews?hl=en-US
ChZDSUhNMG9nS0VJQ0FnSURCblBfdVJBEAE,Divine place,2 weeks ago,2023-02-02 22:12:22.725579,5.0,vidya sagar,0,0,https://www.google.com/maps/contrib/109001714255300732584/reviews?hl=en-US
ChdDSUhNMG9nS0VJQ0FnSURCbkluMnpRRRAB,,2 weeks ago,2023-02-02 22:12:22.727800,4.0,Saachi Haseja,0,0,https://www.google.com/maps/contrib/110148373317430492844/reviews?hl=en-US
ChZDSUhNMG9nS0VJQ0FnSURCN09QVlRBEAE,,2 weeks ago,2023-02-02 22:12:22.729525,5.0,Nandini B,0,0,https://www.google.com/maps/contrib/109079635804775793840/reviews?hl=en-US
ChdDSUhNMG9nS0VJQ0FnSURCckstdm9BRRAB,So beautiful ❤️ at night,2 weeks ago,2023-02-02 22:12:22.731298,5.0,Aditya Atram,0,0,https://www.google.com/maps/contrib/104207885243673869705/reviews?hl=en-US
ChdDSUhNMG9nS0VJQ0FnSURCck5lemxBRRAB,,2 weeks ago,2023-02-02 22:12:22.733119,4.0,kunigiri Manoj,0,0,https://www.google.com/maps/contrib/114966471966271693393/reviews?hl=en-US
ChdDSUhNMG9nS0VJQ0FnSURCck9mS3VBRRAB,Super,2 weeks ago,2023-02-02 22:12:22.735858,5.0,Manju Pujar,0,0,https://www.google.com/maps/contrib/114474441200993418107/reviews?hl=en-US
ChdDSUhNMG9nS0VJQ0FnSURCckliZGlRRRAB,,2 weeks ago,2023-02-02 22:12:41.634446,5.0,Balu Aute,0,0,https://www.google.com/maps/contrib/115366241576497747127/reviews?hl=en-US
ChdDSUhNMG9nS0VJQ0FnSURCck9MQTl3RRAB,,2 weeks ago,2023-02-02 22:12:41.636410,4.0,SAURABH GODAMBE,0,0,https://www.google.com/maps/contrib/107937107887268390868/reviews?hl=en-US
ChZDSUhNMG9nS0VJQ0FnSURCclBqdlh3EAE,,2 weeks ago,2023-02-02 22:12:41.638541,5.0,Megha Kulkarni,0,0,https://www.google.com/maps/contrib/104485249150278514952/reviews?hl=en-US
ChdDSUhNMG9nS0VJQ0FnSURCek1QZGhRRRAB,Shree Ambabai Mahalaxmi Mandir is a holy place to visit and has a peaceful atmosphere around it.,2 weeks ago,2023-02-02 22:12:41.642750,5.0,Diksha Bhagat,0,0,https://www.google.com/maps/contrib/118240983766750152124/reviews?hl=en-US
ChdDSUhNMG9nS0VJQ0FnSURCeklIRGpnRRAB,Amazing,2 weeks ago,2023-02-02 22:12:41.645335,5.0,Sarita Bhopale,0,0,https://www.google.com/maps/contrib/116255653303791184286/reviews?hl=en-US
ChZDSUhNMG9nS0VJQ0FnSURCekx5V0NnEAE,,2 weeks ago,2023-02-02 22:12:41.647200,5.0,Surenbabu Babu,0,0,https://www.google.com/maps/contrib/108965106528257253375/reviews?hl=en-US
ChdDSUhNMG9nS0VJQ0FnSURCak9hNzZRRRAB,,2 weeks ago,2023-02-02 22:12:41.649050,5.0,Pramod Bandgar,0,0,https://www.google.com/maps/contrib/112029414272193729240/reviews?hl=en-US
ChZDSUhNMG9nS0VJQ0FnSURCaklycEJ3EAE,,2 weeks ago,2023-02-02 22:12:41.650860,5.0,sachin Biradar,0,0,https://www.google.com/maps/contrib/114616045423523009532/reviews?hl=en-US
ChZDSUhNMG9nS0VJQ0FnSURlNDV5U1h3EAE,"A beautiful temple worth the visit. Temple has 3 godess stands for Tridevi. You can visit here during weekend's, during  non festival days you can get darshana takes about 15-20 mins. During festive days or Sunday's takes a long amount of time standing in Q. After praying you can collect Meal Tokens for free and have lunch.!!",2 weeks ago,2023-02-02 22:12:41.652925,5.0,Sudharshan Nayak,0,0,https://www.google.com/maps/contrib/103709007199522974682/reviews?hl=en-US
ChZDSUhNMG9nS0VJQ0FnSURCaktUMEhREAE,,2 weeks ago,2023-02-02 22:12:41.657674,5.0,Suraj Betkar,0,0,https://www.google.com/maps/contrib/114361753133603006767/reviews?hl=en-US
ChZDSUhNMG9nS0VJQ0FnSURCdE95NU13EAE,Blessed place by godess ambabai mahalaxmi,2 weeks ago,2023-02-02 22:12:58.423937,5.0,N,0,0,https://www.google.com/maps/contrib/112469318330937297759/reviews?hl=en-US
ChZDSUhNMG9nS0VJQ0FnSURCdElqM0x3EAE,,3 weeks ago,2023-02-02 22:12:58.426037,4.0,Harishchandra Mishra_dr HP Mishra,0,0,https://www.google.com/maps/contrib/109669703808395403298/reviews?hl=en-US
ChZDSUhNMG9nS0VJQ0FnSURCdEpEdWRBEAE,बहुत ही शानदार ओर रहस्यमय मन्दिर  (Translated by Google) very beautiful and mysterious temple,3 weeks ago,2023-02-02 22:12:58.428894,5.0,Jagdish Bijarniya,0,0,https://www.google.com/maps/contrib/104730588416904020442/reviews?hl=en-US
ChdDSUhNMG9nS0VJQ0FnSURCMU8tLTZnRRAB,Holiest place of kolhapur,3 weeks ago,2023-02-02 22:12:58.433546,5.0,Rangrao Patil,0,0,https://www.google.com/maps/contrib/117478563502632351208/reviews?hl=en-US
ChZDSUhNMG9nS0VJQ0FnSURCMVBueVN3EAE,Historical place,3 weeks ago,2023-02-02 22:12:58.435901,5.0,Anil More,0,0,https://www.google.com/maps/contrib/111294395961605612120/reviews?hl=en-US
ChZDSUhNMG9nS0VJQ0FnSURCMVBLS1NREAE,Satisfaction ❤️🌟🙏🙏 …,3 weeks ago,2023-02-02 22:12:58.438465,5.0,Aniket Sutar,0,0,https://www.google.com/maps/contrib/108848507823940790009/reviews?hl=en-US
ChdDSUhNMG9nS0VJQ0FnSURCMVBDLXhRRRAB,,3 weeks ago,2023-02-02 22:12:58.440835,5.0,Mansi Parab,0,0,https://www.google.com/maps/contrib/117066040388046494674/reviews?hl=en-US
ChdDSUhNMG9nS0VJQ0FnSURCMU9DOG5nRRAB,,3 weeks ago,2023-02-02 22:12:58.442876,5.0,Mayur Vijay Shinde,0,0,https://www.google.com/maps/contrib/101696775132146019953/reviews?hl=en-US
ChdDSUhNMG9nS0VJQ0FnSURCbEtfTm5nRRAB,🙏🙏🙏 …,3 weeks ago,2023-02-02 22:12:58.445974,5.0,Anushka Jayade,0,0,https://www.google.com/maps/contrib/100203265002573211998/reviews?hl=en-US
ChZDSUhNMG9nS0VJQ0FnSURCbEwzT1N3EAE,,3 weeks ago,2023-02-02 22:12:58.450303,5.0,Aditya Bhise,0,0,https://www.google.com/maps/contrib/107020974824862734816/reviews?hl=en-US
ChdDSUhNMG9nS0VJQ0FnSURCbEttUV9RRRAB,"The holiest place of Hindu culture and famous over the globe. This temple has its own legacy over world heritage list. For construction, holiness, cultural background, geophysical situations it's awesome in all kinds of scenarios. Every …",3 weeks ago,2023-02-02 22:13:13.766241,5.0,AMIT SAKHARE,0,0,https://www.google.com/maps/contrib/104189997945449901555/reviews?hl=en-US
ChZDSUhNMG9nS0VJQ0FnSURCbFA2NkZREAE,,3 weeks ago,2023-02-02 22:13:13.768630,5.0,suraj shende,0,0,https://www.google.com/maps/contrib/116637888281035031567/reviews?hl=en-US
ChdDSUhNMG9nS0VJQ0FnSURCbEt5aXV3RRAB,,3 weeks ago,2023-02-02 22:13:13.770648,4.0,Yash Kshirsagar,0,0,https://www.google.com/maps/contrib/100757489889185607759/reviews?hl=en-US
ChdDSUhNMG9nS0VJQ0FnSURCNU5fbDZ3RRAB,,3 weeks ago,2023-02-02 22:13:13.794701,5.0,Pavan N,0,0,https://www.google.com/maps/contrib/111292097625119326831/reviews?hl=en-US
ChZDSUhNMG9nS0VJQ0FnSURCNUptdkZBEAE,श्री महालक्ष्मी मंदिर  (Translated by Google) Shree Mahalaxmi Temple,3 weeks ago,2023-02-02 22:13:13.797515,5.0,Rushikesh Shinde,0,0,https://www.google.com/maps/contrib/109384376827771604677/reviews?hl=en-US
ChZDSUhNMG9nS0VJQ0FnSURCNU9HUkpREAE,,3 weeks ago,2023-02-02 22:13:13.800072,5.0,MOHIT KALE,0,0,https://www.google.com/maps/contrib/111919485071648593169/reviews?hl=en-US
ChdDSUhNMG9nS0VJQ0FnSURCNUxiR19nRRAB,,3 weeks ago,2023-02-02 22:13:13.802335,5.0,siddhesh more,0,0,https://www.google.com/maps/contrib/110522799365721062387/reviews?hl=en-US
ChZDSUhNMG9nS0VJQ0FnSURCNU1xTFh3EAE,Pure divinine.........,3 weeks ago,2023-02-02 22:13:13.805495,5.0,Sarvesh Sawant,0,0,https://www.google.com/maps/contrib/108681840097444151691/reviews?hl=en-US
ChZDSUhNMG9nS0VJQ0FnSUNCbHRqd0lBEAE,Must visit temple,3 weeks ago,2023-02-02 22:13:13.814404,5.0,Sumit Pai,0,0,https://www.google.com/maps/contrib/101536715667465914961/reviews?hl=en-US
ChZDSUhNMG9nS0VJQ0FnSURCNUpqM1RnEAE,This is one of the Shaktipeeth in Maharashtra.... Millions of worshipers visited this temple....one recommended to temple authority 1) The temple surrounding isn't clean and the area of temple is very congested so please solve this problems.... other everything is perfect,3 weeks ago,2023-02-02 22:13:13.834022,4.0,RUPESH SONALKAR,0,0,https://www.google.com/maps/contrib/115030150602422332550/reviews?hl=en-US
ChZDSUhNMG9nS0VJQ0FnSURCNU1Eb1hREAE,Beautiful temple with lot of public space. Had visited temple at night and early morning. Early morning 5:30 am visit was very good. Within 30 minutes I was able to complete the darshan.,3 weeks ago,2023-02-02 22:13:29.422162,5.0,Radha Krishna,0,0,https://www.google.com/maps/contrib/100997567078867793635/reviews?hl=en-US
ChdDSUhNMG9nS0VJQ0FnSURCNUlEV2h3RRAB,,3 weeks ago,2023-02-02 22:13:29.425354,5.0,Vishal Kandalkar,0,0,https://www.google.com/maps/contrib/111816754444168598346/reviews?hl=en-US
ChdDSUhNMG9nS0VJQ0FnSURCcEtlVXpBRRAB,🙏🏹 …,3 weeks ago,2023-02-02 22:13:29.428621,5.0,Dharam Sopariwala,0,0,https://www.google.com/maps/contrib/108779805344795144297/reviews?hl=en-US
ChdDSUhNMG9nS0VJQ0FnSURCcE91Q3RnRRAB,ओम शांती ओम  (Translated by Google) Om Shanti Om,3 weeks ago,2023-02-02 22:13:29.431888,5.0,Deepali Shinde,0,0,https://www.google.com/maps/contrib/111980844389468498755/reviews?hl=en-US
ChdDSUhNMG9nS0VJQ0FnSURCeExiZHpBRRAB,,3 weeks ago,2023-02-02 22:13:29.435279,5.0,Tanmay,0,0,https://www.google.com/maps/contrib/107872740999759702282/reviews?hl=en-US
ChdDSUhNMG9nS0VJQ0FnSURCeEt5Z2xBRRAB,Lucky to have Darshan from nearest place,3 weeks ago,2023-02-02 22:13:29.438712,5.0,Manmohan Baliga,0,0,https://www.google.com/maps/contrib/106502024644896844850/reviews?hl=en-US
ChZDSUhNMG9nS0VJQ0FnSURCaEx1SGFBEAE,,3 weeks ago,2023-02-02 22:13:29.441873,5.0,Dilipkumar muragi,0,0,https://www.google.com/maps/contrib/109260362815668350759/reviews?hl=en-US
ChZDSUhNMG9nS0VJQ0FnSURCaEoyQ1l3EAE,,3 weeks ago,2023-02-02 22:13:29.446609,5.0,Shankar Jadhav,0,0,https://www.google.com/maps/contrib/115372815085834790764/reviews?hl=en-US
ChdDSUhNMG9nS0VJQ0FnSURCLUpQSG13RRAB,Kholapur Mahalaxmi temple...,3 weeks ago,2023-02-02 22:13:29.451236,5.0,Rahul Gupta,0,0,https://www.google.com/maps/contrib/107420004738001100912/reviews?hl=en-US
ChZDSUhNMG9nS0VJQ0FnSUR1c1plRFZREAE,Blessed to visited,3 weeks ago,2023-02-02 22:13:29.458692,5.0,pratimesh chawre,0,0,https://www.google.com/maps/contrib/117927792897847938231/reviews?hl=en-US
ChdDSUhNMG9nS0VJQ0FnSURCdU51NHd3RRAB,Shaktipeeth,3 weeks ago,2023-02-02 22:13:43.835018,5.0,Purushottam Kulkarni,0,0,https://www.google.com/maps/contrib/110705834448427718956/reviews?hl=en-US
ChdDSUhNMG9nS0VJQ0FnSURCdU1PcnFnRRAB,This is also Jain religion temple,3 weeks ago,2023-02-02 22:13:43.836947,5.0,Vrushabh Gebise,0,0,https://www.google.com/maps/contrib/112858255132921896997/reviews?hl=en-US
ChZDSUhNMG9nS0VJQ0FnSURCdUxhRFVREAE,,3 weeks ago,2023-02-02 22:13:43.838584,5.0,Dnyaneshwar Kadam,0,0,https://www.google.com/maps/contrib/116534930941431974330/reviews?hl=en-US
ChZDSUhNMG9nS0VJQ0FnSURCdVBpU1pREAE,,3 weeks ago,2023-02-02 22:13:43.840281,5.0,Arpit Patel,0,0,https://www.google.com/maps/contrib/116963505197371635055/reviews?hl=en-US
ChdDSUhNMG9nS0VJQ0FnSURCMlBPaXVRRRAB,Its Hindu religious pious place of worship. It has references in Purana. Devotees from across India visit the temple. The Goddess represents wealth and is deeply revered.,3 weeks ago,2023-02-02 22:13:43.842370,5.0,Mangal Walvekar,0,0,https://www.google.com/maps/contrib/102879770986212600288/reviews?hl=en-US
ChZDSUhNMG9nS0VJQ0FnSURCMktQUk9REAE,Need some more cleaning,3 weeks ago,2023-02-02 22:13:43.844183,3.0,Swapnil Basutkar,0,0,https://www.google.com/maps/contrib/105528349555204659296/reviews?hl=en-US
ChdDSUhNMG9nS0VJQ0FnSURCMkxyWnh3RRAB,Every hindu should be visiting place,3 weeks ago,2023-02-02 22:13:43.845854,5.0,mithun kishore,0,0,https://www.google.com/maps/contrib/114087857111667447693/reviews?hl=en-US
ChdDSUhNMG9nS0VJQ0FnSURCNkt6aXpRRRAB,,3 weeks ago,2023-02-02 22:13:43.847555,5.0,Harshal Moholkar,0,0,https://www.google.com/maps/contrib/104671383965461369078/reviews?hl=en-US
ChZDSUhNMG9nS0VJQ0FnSURCNktqMWRBEAE,Nice Temple,3 weeks ago,2023-02-02 22:13:43.849327,5.0,Prashant Patil,0,0,https://www.google.com/maps/contrib/113357250205644742070/reviews?hl=en-US
ChZDSUhNMG9nS0VJQ0FnSURCcUxlRWVREAE,,3 weeks ago,2023-02-02 22:13:43.851071,5.0,indrajeet suryawanshi,0,0,https://www.google.com/maps/contrib/101204916506370016665/reviews?hl=en-US
ChdDSUhNMG9nS0VJQ0FnSURCcUxPdHVBRRAB,(Translated by Google) Jay aambabai  (Original) Jay  aambabai,3 weeks ago,2023-02-02 22:14:04.315537,1.0,Dhanaji Dhokare,0,0,https://www.google.com/maps/contrib/114169140391382348981/reviews?hl=en-US
ChZDSUhNMG9nS0VJQ0FnSURCcVBYU2RnEAE,Most of the divine and sacred places in the India. Blessing are divine and pure 🙏 जय अंबाबाई 🙏 …,3 weeks ago,2023-02-02 22:14:04.317470,5.0,Suyash Chhatre,0,0,https://www.google.com/maps/contrib/112874442297750446178/reviews?hl=en-US
ChdDSUhNMG9nS0VJQ0FnSURCcUp6R3h3RRAB,,3 weeks ago,2023-02-02 22:14:04.319241,5.0,ajit kabadi,0,0,https://www.google.com/maps/contrib/103275725042851546136/reviews?hl=en-US
ChdDSUhNMG9nS0VJQ0FnSURCcU9qM3BRRRAB,,3 weeks ago,2023-02-02 22:14:04.320880,5.0,Aditya Kolekar,0,0,https://www.google.com/maps/contrib/115759897556482464470/reviews?hl=en-US
ChdDSUhNMG9nS0VJQ0FnSURCcU9ELTZRRRAB,,3 weeks ago,2023-02-02 22:14:04.322480,5.0,Namrata Jangam,0,0,https://www.google.com/maps/contrib/106728075222300841093/reviews?hl=en-US
ChdDSUhNMG9nS0VJQ0FnSURCeUktWjNnRRAB,Very nice and great temple of Mahalaxmi. Temple have for gates. Sunday it's taken 2 hrs for darshan but for other day you can take darshan in 10-15 mins.,3 weeks ago,2023-02-02 22:14:04.324263,5.0,Traveller DJ,0,0,https://www.google.com/maps/contrib/110991885484816482879/reviews?hl=en-US
ChZDSUhNMG9nS0VJQ0FnSURCeUw2MU1REAE,Devine,3 weeks ago,2023-02-02 22:14:04.326485,5.0,Dr.Prathapan Kesava Pillai,0,0,https://www.google.com/maps/contrib/102816745614348510502/reviews?hl=en-US
ChdDSUhNMG9nS0VJQ0FnSURCaUktQzh3RRAB,Mahalaxmi temple is full of positive energy which can't be described it is one of the best and must visit places in kolhapur,3 weeks ago,2023-02-02 22:14:04.328512,5.0,Anmol Agarwal,0,0,https://www.google.com/maps/contrib/109902923070822002790/reviews?hl=en-US
ChdDSUhNMG9nS0VJQ0FnSURCeUpUdV9RRRAB,,3 weeks ago,2023-02-02 22:14:04.330236,5.0,SUDHIR GOUDA,0,0,https://www.google.com/maps/contrib/117532880045527477203/reviews?hl=en-US
ChZDSUhNMG9nS0VJQ0FnSURCeVBqSExREAE,,3 weeks ago,2023-02-02 22:14:04.331944,5.0,Nikhil Swami,0,0,https://www.google.com/maps/contrib/111588513246973183696/reviews?hl=en-US
