id_review,caption,relative_date,retrieval_date,rating,username,n_review_user,n_photo_user,url_user
ChZDSUhNMG9nS0VJQ0FnSUNob1BiWkNREAE,,an hour ago,2023-02-02 21:23:07.842053,5.0,Ankita Badekar,0,0,https://www.google.com/maps/contrib/110015601269106919843/reviews?hl=en-US
ChZDSUhNMG9nS0VJQ0FnSUNob01yZENREAE,,2 hours ago,2023-02-02 21:23:07.844084,4.0,Vedant,0,0,https://www.google.com/maps/contrib/115774598350076052985/reviews?hl=en-US
ChZDSUhNMG9nS0VJQ0FnSUNob09MWUt3EAE,,2 hours ago,2023-02-02 21:23:07.846082,5.0,Haris Khatri,0,0,https://www.google.com/maps/contrib/107731224392292359944/reviews?hl=en-US
ChZDSUhNMG9nS0VJQ0FnSUNob0tLY2ZnEAE,,2 hours ago,2023-02-02 21:23:07.848379,5.0,Vihhan Sanghrajka,0,0,https://www.google.com/maps/contrib/116501688727538194640/reviews?hl=en-US
ChZDSUhNMG9nS0VJQ0FnSUNob016VFZnEAE,,2 hours ago,2023-02-02 21:23:07.850437,5.0,raunak tirkey,0,0,https://www.google.com/maps/contrib/107623769855045517470/reviews?hl=en-US
ChZDSUhNMG9nS0VJQ0FnSUNob0xDTk93EAE,,3 hours ago,2023-02-02 21:23:07.852556,5.0,Harit Gandhi,0,0,https://www.google.com/maps/contrib/112020957739935937975/reviews?hl=en-US
ChZDSUhNMG9nS0VJQ0FnSUNod1BHeUpBEAE,,5 hours ago,2023-02-02 21:23:07.854599,3.0,Hemant Khire,0,0,https://www.google.com/maps/contrib/102767255269843108441/reviews?hl=en-US
ChdDSUhNMG9nS0VJQ0FnSUNod0pHQmlRRRAB,,5 hours ago,2023-02-02 21:23:07.856974,5.0,yogeshwar shrinewar,0,0,https://www.google.com/maps/contrib/109263190118947577122/reviews?hl=en-US
ChdDSUhNMG9nS0VJQ0FnSUNod0lHYm13RRAB,,5 hours ago,2023-02-02 21:23:07.859335,4.0,Saaim Shaikh,0,0,https://www.google.com/maps/contrib/104098454117807883598/reviews?hl=en-US
ChdDSUhNMG9nS0VJQ0FnSUNod01Td3VRRRAB,Just go there.....u see goosebumps.. thrilling ride......if u want to really enjoy ...go to. Imagica,7 hours ago,2023-02-02 21:23:07.861824,5.0,PRITAM BORSE,0,0,https://www.google.com/maps/contrib/116880145073117342301/reviews?hl=en-US
ChZDSUhNMG9nS0VJQ0FnSUNoZ052c1ZBEAE,,8 hours ago,2023-02-02 21:23:16.398095,4.0,Ravindra Kumar,0,0,https://www.google.com/maps/contrib/102072993499513299774/reviews?hl=en-US
ChdDSUhNMG9nS0VJQ0FnSURleE82VTNRRRAB,It's been more than 3 years since I last visited aqua imagicaa. But still one of the best waterpark near Mumbai.,8 hours ago,2023-02-02 21:23:16.400710,5.0,Sadhana Nagar,0,0,https://www.google.com/maps/contrib/101435231111722696740/reviews?hl=en-US
ChdDSUhNMG9nS0VJQ0FnSUNoZ05UUXVnRRAB,,11 hours ago,2023-02-02 21:23:16.403190,4.0,Amit Kumar,0,0,https://www.google.com/maps/contrib/106145760768676211960/reviews?hl=en-US
ChdDSUhNMG9nS0VJQ0FnSURCMzRfQnVnRRAB,Grat place ever,23 hours ago,2023-02-02 21:23:16.405920,5.0,Hardik F,0,0,https://www.google.com/maps/contrib/102414731105387460673/reviews?hl=en-US
ChdDSUhNMG9nS0VJQ0FnSURCM19XcmtBRRAB,,a day ago,2023-02-02 21:23:16.408737,3.0,Vikram Vaswani,0,0,https://www.google.com/maps/contrib/102182848344064943828/reviews?hl=en-US
ChZDSUhNMG9nS0VJQ0FnSURCMzRtMlB3EAE,Too muchh crowd... You can't enjoy all rides in one day.. waiting time is too much... Visit on weekdays.,a day ago,2023-02-02 21:23:16.412227,3.0,Ketan Desale,0,0,https://www.google.com/maps/contrib/103809517531710381948/reviews?hl=en-US
ChZDSUhNMG9nS0VJQ0FnSURCMzZIOEZREAE,Very much crowded,a day ago,2023-02-02 21:23:16.415392,4.0,milind bhadre,0,0,https://www.google.com/maps/contrib/105889941990144641458/reviews?hl=en-US
ChZDSUhNMG9nS0VJQ0FnSURJbU4tUk1nEAE,"Rating 5 star, well maintained, nice food, rides everything is good . You might need to wait for 30 mins for few rides.. …",a day ago,2023-02-02 21:23:16.418043,5.0,Saurabh Saxena,0,0,https://www.google.com/maps/contrib/106777786517102246154/reviews?hl=en-US
ChdDSUhNMG9nS0VJQ0FnSURCbjZPTXZBRRAB,Imagica needs to upgrade it's rides and entertainment. It's same old as was many years back. One time show.,a day ago,2023-02-02 21:23:16.420899,3.0,AdmitCart India Pvt Ltd,0,0,https://www.google.com/maps/contrib/117319736788823905799/reviews?hl=en-US
ChdDSUhNMG9nS0VJQ0FnSURCbjhUcHp3RRAB,,a day ago,2023-02-02 21:23:16.424258,5.0,Mitesh jain,0,0,https://www.google.com/maps/contrib/116360876994408520966/reviews?hl=en-US
ChZDSUhNMG9nS0VJQ0FnSURCbjlDS0VREAE,,a day ago,2023-02-02 21:23:26.001278,5.0,Tanishka Kalambe,0,0,https://www.google.com/maps/contrib/100641029505749617277/reviews?hl=en-US
ChZDSUhNMG9nS0VJQ0FnSURCNzVmVWFREAE,Most of the rides are of extreme level. Nitro ride was very good. Person with High BP can't enjoy. I was having express pass sponsored by our company. No issues of waiting in queue. …,a day ago,2023-02-02 21:23:26.003824,3.0,Sandeep Kunde,0,0,https://www.google.com/maps/contrib/109314420579836935853/reviews?hl=en-US
ChZDSUhNMG9nS0VJQ0FnSUMtMWJUakhBEAE,,a day ago,2023-02-02 21:23:26.006265,4.0,Rinki Shivani,0,0,https://www.google.com/maps/contrib/107145650375725399968/reviews?hl=en-US
ChZDSUhNMG9nS0VJQ0FnSURCNzZXNENnEAE,,a day ago,2023-02-02 21:23:26.009169,4.0,Deep Gamit,0,0,https://www.google.com/maps/contrib/106111022931321180697/reviews?hl=en-US
ChZDSUhNMG9nS0VJQ0FnSURCcjdmUUZ3EAE,,a day ago,2023-02-02 21:23:26.011672,4.0,Saumitra Shivnekar,0,0,https://www.google.com/maps/contrib/117715701022370277776/reviews?hl=en-US
ChdDSUhNMG9nS0VJQ0FnSURCcl9QSDl3RRAB,,a day ago,2023-02-02 21:23:26.015029,5.0,Rameshchandra Joshi,0,0,https://www.google.com/maps/contrib/104874077143665422686/reviews?hl=en-US
ChZDSUhNMG9nS0VJQ0FnSURCcjZQMldBEAE,Staff do not guide the people in good way to buy the package. The staff must tell them the minimum time for each theme so that people can plan in better way to enjoy at the fullest with money spent. Regards,a day ago,2023-02-02 21:23:26.017898,1.0,Yogeshwar Kumar,0,0,https://www.google.com/maps/contrib/111987226355515049978/reviews?hl=en-US
ChdDSUhNMG9nS0VJQ0FnSURCcl9XSXFRRRAB,It was a great experience visiting imagicaa. It's good for everyone. The shows were amazing. The rides were good but they were of a bit short duration and if you want to explore rides only then you should probably visit ESSEL WORLD because …,a day ago,2023-02-02 21:23:26.020592,4.0,Tejas Deore,0,0,https://www.google.com/maps/contrib/117107418636630328899/reviews?hl=en-US
ChdDSUhNMG9nS0VJQ0FnSURCcjVqcnZ3RRAB,Everything is good except hidden charges.,a day ago,2023-02-02 21:23:26.023234,3.0,Nitin Nandankar,0,0,https://www.google.com/maps/contrib/109274627056791116540/reviews?hl=en-US
ChdDSUhNMG9nS0VJQ0FnSURCejZXTm53RRAB,Awesome place for weekend's....😍 …,a day ago,2023-02-02 21:23:26.025897,5.0,BHASKAR RATHORE,0,0,https://www.google.com/maps/contrib/111594665739405159782/reviews?hl=en-US
ChZDSUhNMG9nS0VJQ0FnSURCejQ3cFp3EAE,,a day ago,2023-02-02 21:23:34.148825,3.0,Hunain Kapadia,0,0,https://www.google.com/maps/contrib/115043215304255012946/reviews?hl=en-US
ChZDSUhNMG9nS0VJQ0FnSURCejdiNENBEAE,,a day ago,2023-02-02 21:23:34.150870,4.0,Shreya Gupta,0,0,https://www.google.com/maps/contrib/110351801477312329486/reviews?hl=en-US
ChZDSUhNMG9nS0VJQ0FnSURCajZ1S05REAE,,a day ago,2023-02-02 21:23:34.152609,4.0,Bihari Gangwani,0,0,https://www.google.com/maps/contrib/102732188506658666465/reviews?hl=en-US
ChZDSUhNMG9nS0VJQ0FnSURCOTV1NWZnEAE,,2 days ago,2023-02-02 21:23:34.154223,5.0,Sudhir Salunke,0,0,https://www.google.com/maps/contrib/106817355855456176520/reviews?hl=en-US
ChZDSUhNMG9nS0VJQ0FnSURCOTlLbU9REAE,,2 days ago,2023-02-02 21:23:34.156291,5.0,Anupam Kumar singh,0,0,https://www.google.com/maps/contrib/117360177443066232628/reviews?hl=en-US
ChZDSUhNMG9nS0VJQ0FnSURCdDRPcVN3EAE,Enjoy with you're family,2 days ago,2023-02-02 21:23:34.158347,5.0,SIMRANJEETSINGH SODHI,0,0,https://www.google.com/maps/contrib/105276409800057330976/reviews?hl=en-US
ChZDSUhNMG9nS0VJQ0FnSURCdDlIa1VnEAE,Nice place. Enjoying Ride,2 days ago,2023-02-02 21:23:34.160396,5.0,Rohit Maniyar,0,0,https://www.google.com/maps/contrib/112254740839021394798/reviews?hl=en-US
ChdDSUhNMG9nS0VJQ0FnSURCdDVUNXlRRRAB,Imagica is always a fun,2 days ago,2023-02-02 21:23:34.162188,5.0,ASHISH GANGWANI,0,0,https://www.google.com/maps/contrib/101974119750106217094/reviews?hl=en-US
ChZDSUhNMG9nS0VJQ0FnSURCMTdtUFlBEAE,Great,2 days ago,2023-02-02 21:23:34.164226,5.0,Suresh Bharathwaj,0,0,https://www.google.com/maps/contrib/115029675067168023295/reviews?hl=en-US
ChZDSUhNMG9nS0VJQ0FnSURCMTdtYlhBEAE,,2 days ago,2023-02-02 21:23:34.166035,5.0,Punyata Dedhia,0,0,https://www.google.com/maps/contrib/113108365423799416747/reviews?hl=en-US
ChdDSUhNMG9nS0VJQ0FnSURCMTU2VjhBRRAB,,2 days ago,2023-02-02 21:23:43.438983,5.0,Kaustubh Kasare,0,0,https://www.google.com/maps/contrib/107222975441870662721/reviews?hl=en-US
ChZDSUhNMG9nS0VJQ0FnSURCMTY2bWRREAE,Md,2 days ago,2023-02-02 21:23:43.440999,5.0,Vijay Maurya,0,0,https://www.google.com/maps/contrib/111138127358628276098/reviews?hl=en-US
ChZDSUhNMG9nS0VJQ0FnSURCbDluZ0tnEAE,,2 days ago,2023-02-02 21:23:43.443087,4.0,Aditya Singh Rana,0,0,https://www.google.com/maps/contrib/114719048939294547600/reviews?hl=en-US
ChZDSUhNMG9nS0VJQ0FnSURCNTlidlp3EAE,,2 days ago,2023-02-02 21:23:43.444940,5.0,Asha Jat,0,0,https://www.google.com/maps/contrib/111048471192250428484/reviews?hl=en-US
ChZDSUhNMG9nS0VJQ0FnSURCNTVhZUlnEAE,,2 days ago,2023-02-02 21:23:43.446770,4.0,Amol Belsare,0,0,https://www.google.com/maps/contrib/118282731057062249974/reviews?hl=en-US
ChdDSUhNMG9nS0VJQ0FnSURCNTVxVy13RRAB,,2 days ago,2023-02-02 21:23:43.450087,5.0,Shyam Chandnani,0,0,https://www.google.com/maps/contrib/116960577196925061951/reviews?hl=en-US
ChdDSUhNMG9nS0VJQ0FnSURCNTZpendBRRAB,,2 days ago,2023-02-02 21:23:43.453543,5.0,Aditya Vyas,0,0,https://www.google.com/maps/contrib/104383891852802072144/reviews?hl=en-US
ChdDSUhNMG9nS0VJQ0FnSURCcDdYNzZRRRAB,Best theme park,3 days ago,2023-02-02 21:23:43.456572,5.0,Anshu Thombare,0,0,https://www.google.com/maps/contrib/108663624627155889478/reviews?hl=en-US
ChdDSUhNMG9nS0VJQ0FnSURCcDduWi1BRRAB,,3 days ago,2023-02-02 21:23:43.458423,4.0,Shubhangi Pandya,0,0,https://www.google.com/maps/contrib/100804451639560560952/reviews?hl=en-US
ChdDSUhNMG9nS0VJQ0FnSURCcDdibGx3RRAB,Very good water rides,3 days ago,2023-02-02 21:23:43.460281,5.0,nikhil saigal,0,0,https://www.google.com/maps/contrib/117640708475365998883/reviews?hl=en-US
ChZDSUhNMG9nS0VJQ0FnSURCeDVmS0dBEAE,Rides is good bit They charge very high amount,3 days ago,2023-02-02 21:23:51.456577,3.0,Viral Nakrani,0,0,https://www.google.com/maps/contrib/103633036614577052391/reviews?hl=en-US
ChdDSUhNMG9nS0VJQ0FnSURCeDV2TjlBRRAB,,3 days ago,2023-02-02 21:23:51.458087,3.0,prashant singh,0,0,https://www.google.com/maps/contrib/107090097308183740084/reviews?hl=en-US
ChZDSUhNMG9nS0VJQ0FnSURCeC12eWR3EAE,,3 days ago,2023-02-02 21:23:51.459451,4.0,Manisha Joshi,0,0,https://www.google.com/maps/contrib/116740115924616058503/reviews?hl=en-US
ChZDSUhNMG9nS0VJQ0FnSURCeDd5a0R3EAE,,3 days ago,2023-02-02 21:23:51.460861,5.0,Srajan nema,0,0,https://www.google.com/maps/contrib/109510412110589036318/reviews?hl=en-US
ChZDSUhNMG9nS0VJQ0FnSURCeDdTZmNBEAE,,3 days ago,2023-02-02 21:23:51.462287,5.0,Sahil Shaikh (Abdul),0,0,https://www.google.com/maps/contrib/111642426483190809829/reviews?hl=en-US
ChdDSUhNMG9nS0VJQ0FnSURCeDlpN2dRRRAB,Awesome park,3 days ago,2023-02-02 21:23:51.463774,5.0,Rushikesh Baddar,0,0,https://www.google.com/maps/contrib/109081265013891124587/reviews?hl=en-US
ChZDSUhNMG9nS0VJQ0FnSURCeDRqeUx3EAE,1 day trip good place,3 days ago,2023-02-02 21:23:51.465174,5.0,Yogesh Thorat,0,0,https://www.google.com/maps/contrib/103335670631627635513/reviews?hl=en-US
ChdDSUhNMG9nS0VJQ0FnSURCaDdPczV3RRAB,,3 days ago,2023-02-02 21:23:51.466646,4.0,Nida Mirza,0,0,https://www.google.com/maps/contrib/109354883585738156754/reviews?hl=en-US
ChZDSUhNMG9nS0VJQ0FnSURCaDlia1lREAE,,3 days ago,2023-02-02 21:23:51.468184,5.0,Jiyansh Jain,0,0,https://www.google.com/maps/contrib/109440834685719248901/reviews?hl=en-US
ChZDSUhNMG9nS0VJQ0FnSURCaDlxbUt3EAE,,3 days ago,2023-02-02 21:23:51.469567,5.0,umakant,0,0,https://www.google.com/maps/contrib/104952011269114599180/reviews?hl=en-US
