id_review,caption,relative_date,retrieval_date,rating,username,n_review_user,n_photo_user,url_user
ChdDSUhNMG9nS0VJQ0FnSURCal9yMDF3RRAB,,2 days ago,2023-02-03 18:57:37.364737,5.0,RATHOD,0,0,https://www.google.com/maps/contrib/100688617997194200850/reviews?hl=en-US
ChdDSUhNMG9nS0VJQ0FnSURCeDVyMnVnRRAB,,4 days ago,2023-02-03 18:57:37.365657,5.0,bhupat garchar,0,0,https://www.google.com/maps/contrib/104591202461424554458/reviews?hl=en-US
ChZDSUhNMG9nS0VJQ0FnSURCMi16QkpREAE,,4 days ago,2023-02-03 18:57:37.366497,4.0,mitul gohel,0,0,https://www.google.com/maps/contrib/106324465289875900396/reviews?hl=en-US
ChZDSUhNMG9nS0VJQ0FnSURCMnNMR0pnEAE,"Nice bus service for kuth traveling,but poor in maintenance of bus and sitting facility.",2 weeks ago,2023-02-03 18:57:37.367419,4.0,jasmin bhatt,0,0,https://www.google.com/maps/contrib/101837393303870506585/reviews?hl=en-US
ChdDSUhNMG9nS0VJQ0FnSURCcW8zNm9nRRAB,,2 weeks ago,2023-02-03 18:57:37.368272,1.0,uday mehta,0,0,https://www.google.com/maps/contrib/102213835074249949152/reviews?hl=en-US
ChdDSUhNMG9nS0VJQ0FnSURCaE5LcjhRRRAB,,3 weeks ago,2023-02-03 18:57:37.369148,5.0,JAY TRIVEDI,0,0,https://www.google.com/maps/contrib/113986904702401516098/reviews?hl=en-US
ChZDSUhNMG9nS0VJQ0FnSURCdUx1b2F3EAE,good service and bus,3 weeks ago,2023-02-03 18:57:37.370052,4.0,Naim saiyad,0,0,https://www.google.com/maps/contrib/103315062217390548824/reviews?hl=en-US
ChdDSUhNMG9nS0VJQ0FnSURCOFBDbTJBRRAB,,3 weeks ago,2023-02-03 18:57:37.370922,4.0,kalpesh tejura,0,0,https://www.google.com/maps/contrib/109710501313035288419/reviews?hl=en-US
ChdDSUhNMG9nS0VJQ0FnSUNCajZhOHJRRRAB,,3 weeks ago,2023-02-03 18:57:37.371839,5.0,Dipak Parmar,0,0,https://www.google.com/maps/contrib/117378074022878218292/reviews?hl=en-US
ChZDSUhNMG9nS0VJQ0FnSUNCOTV5NVdBEAE,,3 weeks ago,2023-02-03 18:57:37.372695,5.0,UDAY GOHIL,0,0,https://www.google.com/maps/contrib/107106499389182533776/reviews?hl=en-US
ChdDSUhNMG9nS0VJQ0FnSUNCanFTNzd3RRAB,,a month ago,2023-02-03 18:57:37.373505,5.0,Milly Jain,0,0,https://www.google.com/maps/contrib/114553670982626952404/reviews?hl=en-US
ChZDSUhNMG9nS0VJQ0FnSUNCdHFIcmVBEAE,Old Travel Company,a month ago,2023-02-03 18:57:37.374368,3.0,Mufaddal Bharmal,0,0,https://www.google.com/maps/contrib/104972052754694963624/reviews?hl=en-US
ChdDSUhNMG9nS0VJQ0FnSUNCNHFXVXZBRRAB,,a month ago,2023-02-03 18:57:37.375314,1.0,P bhuva,0,0,https://www.google.com/maps/contrib/103681350222749480599/reviews?hl=en-US
ChZDSUhNMG9nS0VJQ0FnSUN5Ny1IcEZBEAE,Good,a month ago,2023-02-03 18:57:37.376164,3.0,jigs khunti,0,0,https://www.google.com/maps/contrib/100111033849939206383/reviews?hl=en-US
ChZDSUhNMG9nS0VJQ0FnSUNCOU1fSFJBEAE,Good,a month ago,2023-02-03 18:57:37.377197,5.0,Jaineelsinh Barad,0,0,https://www.google.com/maps/contrib/107565852329209494130/reviews?hl=en-US
ChZDSUhNMG9nS0VJQ0FnSUNCcVB1eFRREAE,,a month ago,2023-02-03 18:57:37.378006,3.0,AMAR METAL Vimal Savaliya,0,0,https://www.google.com/maps/contrib/107389092206617843965/reviews?hl=en-US
ChZDSUhNMG9nS0VJQ0FnSUQteDhLRlBREAE,They are not bothering about the passenger they don't know how to talk with customers and if the bus is late and we call at office for inquiry so the office staff says to the bus conductor that this passenger with this seat number is having …,a month ago,2023-02-03 18:57:37.378887,1.0,Meer Vinod Rajgor,0,0,https://www.google.com/maps/contrib/109700955129138669327/reviews?hl=en-US
ChZDSUhNMG9nS0VJQ0FnSUQtbThfTGRREAE,,a month ago,2023-02-03 18:57:37.379769,5.0,vishal valera,0,0,https://www.google.com/maps/contrib/103934074362361910868/reviews?hl=en-US
ChdDSUhNMG9nS0VJQ0FnSUQtNDlTVTlnRRAB,,a month ago,2023-02-03 18:57:37.380615,5.0,Sama Mosin,0,0,https://www.google.com/maps/contrib/106474455941738841474/reviews?hl=en-US
ChZDSUhNMG9nS0VJQ0FnSUQtdWJ1eGJnEAE,,a month ago,2023-02-03 18:57:37.381479,5.0,riddhi wala,0,0,https://www.google.com/maps/contrib/117365162109458569440/reviews?hl=en-US
ChZDSUhNMG9nS0VJQ0FnSUQtNmRTZFF3EAE,,a month ago,2023-02-03 18:57:43.702847,4.0,khushali joshi,0,0,https://www.google.com/maps/contrib/110528269077983648837/reviews?hl=en-US
ChZDSUhNMG9nS0VJQ0FnSUQtcHNtYlZnEAE,,2 months ago,2023-02-03 18:57:43.703688,5.0,Jagdeesh Padnani,0,0,https://www.google.com/maps/contrib/108975786274344378374/reviews?hl=en-US
ChdDSUhNMG9nS0VJQ0FnSUQtcHF6Rm53RRAB,,2 months ago,2023-02-03 18:57:43.704598,5.0,Bheru Jat,0,0,https://www.google.com/maps/contrib/107935219696788500890/reviews?hl=en-US
ChdDSUhNMG9nS0VJQ0FnSUQtMnZ1aDJ3RRAB,Good,2 months ago,2023-02-03 18:57:43.705447,5.0,Gajendrasinh Sodha,0,0,https://www.google.com/maps/contrib/111820768933887047940/reviews?hl=en-US
ChZDSUhNMG9nS0VJQ0FnSUQtaXNYU0FREAE,,2 months ago,2023-02-03 18:57:43.706312,5.0,Rudrapalsinh Chauhan,0,0,https://www.google.com/maps/contrib/115333536363241588934/reviews?hl=en-US
ChZDSUhNMG9nS0VJQ0FnSUQtd3ZpQUd3EAE,,2 months ago,2023-02-03 18:57:43.707079,4.0,Jigar Dave,0,0,https://www.google.com/maps/contrib/101807578560113208733/reviews?hl=en-US
ChdDSUhNMG9nS0VJQ0FnSUQtN0pxaXdRRRAB,Best,2 months ago,2023-02-03 18:57:43.707908,4.0,mohin shah,0,0,https://www.google.com/maps/contrib/114859327061895535419/reviews?hl=en-US
ChdDSUhNMG9nS0VJQ0FnSUQtclBMRXl3RRAB,,2 months ago,2023-02-03 18:57:43.708669,3.0,Sachin Sompura,0,0,https://www.google.com/maps/contrib/100581828597317712717/reviews?hl=en-US
ChZDSUhNMG9nS0VJQ0FnSUQtOUthU05BEAE,Foe getting bus from Rajkot to Bhuj this travel Agency is good,2 months ago,2023-02-03 18:57:43.709844,5.0,Jigar Chhaya,0,0,https://www.google.com/maps/contrib/118403307766084695218/reviews?hl=en-US
ChdDSUhNMG9nS0VJQ0FnSUQtNUtPUGtBRRAB,,2 months ago,2023-02-03 18:57:43.710637,4.0,Sgr Pandya,0,0,https://www.google.com/maps/contrib/107576304633319066205/reviews?hl=en-US
ChdDSUhNMG9nS0VJQ0FnSUQtc0pTcmp3RRAB,They are so uncooperative and very rude. They don't have sense to talk. Just learn some.,2 months ago,2023-02-03 18:57:50.059460,1.0,Nayana Bhalodiya,0,0,https://www.google.com/maps/contrib/106674287635374497184/reviews?hl=en-US
ChdDSUhNMG9nS0VJQ0FnSUMtajl5eW1nRRAB,,2 months ago,2023-02-03 18:57:50.060321,5.0,sunita Holker,0,0,https://www.google.com/maps/contrib/108763414308888601195/reviews?hl=en-US
ChdDSUhNMG9nS0VJQ0FnSUMtbTlPb3JBRRAB,SEVA BAHUT ACHHI DETE HAI,2 months ago,2023-02-03 18:57:50.061150,5.0,empireヅbâpû gameing,0,0,https://www.google.com/maps/contrib/108277624104770734050/reviews?hl=en-US
ChZDSUhNMG9nS0VJQ0FnSUMtaTVlS053EAE,,2 months ago,2023-02-03 18:57:50.062041,2.0,Karnavati Groups of Events Rajkot Jay Parekh,0,0,https://www.google.com/maps/contrib/113413841933629589910/reviews?hl=en-US
ChZDSUhNMG9nS0VJQ0FnSUMtODlfTUh3EAE,,2 months ago,2023-02-03 18:57:50.062880,4.0,hitesh solanki,0,0,https://www.google.com/maps/contrib/116996651590915999445/reviews?hl=en-US
ChZDSUhNMG9nS0VJQ0FnSUMtcmZhU2VBEAE,,2 months ago,2023-02-03 18:57:50.063760,5.0,Dr. Priyesh Jain,0,0,https://www.google.com/maps/contrib/115338044254046643769/reviews?hl=en-US
ChZDSUhNMG9nS0VJQ0FnSUMteGJMdURREAE,Good service and on time,2 months ago,2023-02-03 18:57:50.064664,4.0,Hiren Gandecha,0,0,https://www.google.com/maps/contrib/101917302906691343917/reviews?hl=en-US
ChdDSUhNMG9nS0VJQ0FnSUMtLWJHT2pRRRAB,,2 months ago,2023-02-03 18:57:50.065480,5.0,Prafulgiri Goswami,0,0,https://www.google.com/maps/contrib/115605072159209013486/reviews?hl=en-US
ChZDSUhNMG9nS0VJQ0FnSUMtMmJYU1BnEAE,,2 months ago,2023-02-03 18:57:50.066327,4.0,Kaajal Gor,0,0,https://www.google.com/maps/contrib/111958472367776059061/reviews?hl=en-US
ChdDSUhNMG9nS0VJQ0FnSUMta2FqdnpRRRAB,,2 months ago,2023-02-03 18:57:50.067159,5.0,Arjunsinh Parmar,0,0,https://www.google.com/maps/contrib/111038216009428894468/reviews?hl=en-US
