id_review,caption,relative_date,retrieval_date,rating,username,n_review_user,n_photo_user,url_user
ChZDSUhNMG9nS0VJQ0FnSURCMzZEcmFREAE,,,2023-02-03 17:02:00.611314,,komal dembani,0,0,https://www.google.com/maps/contrib/115341397886137089675/reviews?hl=en-US
ChdDSUhNMG9nS0VJQ0FnSURCdzZQOTJnRRAB,,,2023-02-03 17:02:00.613820,,pankaj ghote,0,0,https://www.google.com/maps/contrib/116999240103964985583/reviews?hl=en-US
ChZDSUhNMG9nS0VJQ0FnSURCN2FPRGJREAE,,,2023-02-03 17:02:00.616229,,Rahul bharti Goswami,0,0,https://www.google.com/maps/contrib/116240798708166164571/reviews?hl=en-US
ChZDSUhNMG9nS0VJQ0FnSURCa3R2Sk5nEAE,,,2023-02-03 17:02:00.619081,,Anant Jain,0,0,https://www.google.com/maps/contrib/105777563740775906540/reviews?hl=en-US
ChdDSUhNMG9nS0VJQ0FnSURCb3RMRXlRRRAB,Nice and comfortable hotel right on the highway. Lots of open space. Good outdoor arrangements for large gathering. The staff behavior was good. Food quality good.,,2023-02-03 17:02:00.623056,,Ripunjay Kumar,0,0,https://www.google.com/maps/contrib/109845945533627614575/reviews?hl=en-US
ChZDSUhNMG9nS0VJQ0FnSUNCOWRpSVpnEAE,,,2023-02-03 17:02:00.625630,,Ghanshyam Mohatewar,0,0,https://www.google.com/maps/contrib/109613121333033926252/reviews?hl=en-US
ChZDSUhNMG9nS0VJQ0FnSUNCeGQzZVZnEAE,,,2023-02-03 17:02:00.632784,,Vikas Jain,0,0,https://www.google.com/maps/contrib/110976377882435273793/reviews?hl=en-US
ChZDSUhNMG9nS0VJQ0FnSUNCaGEzZ1RREAE,,,2023-02-03 17:02:00.635806,,Ashutosh Sharda,0,0,https://www.google.com/maps/contrib/116324846058652249245/reviews?hl=en-US
ChdDSUhNMG9nS0VJQ0FnSUNCZ1pUM3dnRRAB,,,2023-02-03 17:02:00.639445,,Saksham Jain,0,0,https://www.google.com/maps/contrib/100655790198535528151/reviews?hl=en-US
ChdDSUhNMG9nS0VJQ0FnSUNCdHZtaDNRRRAB,,,2023-02-03 17:02:00.642816,,Madhura Natu,0,0,https://www.google.com/maps/contrib/116833286949644659410/reviews?hl=en-US
ChdDSUhNMG9nS0VJQ0FnSUNCd3BiN3NRRRAB,,,2023-02-03 17:02:00.645351,,avneet bhatia,0,0,https://www.google.com/maps/contrib/102388276333397248566/reviews?hl=en-US
ChZDSUhNMG9nS0VJQ0FnSUQtc19DUWZREAE,Beautiful and peaceful place in the corner of Maharashtra. Very nice servings and quality of restaurant part and very good and supporting staff.,,2023-02-03 17:02:00.648616,,Prakash Lichade,0,0,https://www.google.com/maps/contrib/107800570532796881932/reviews?hl=en-US
ChZDSUhNMG9nS0VJQ0FnSUQtNC1lWlV3EAE,,,2023-02-03 17:02:00.651511,,khushal jamkate,0,0,https://www.google.com/maps/contrib/104419697046658107339/reviews?hl=en-US
ChdDSUhNMG9nS0VJQ0FnSUQtb1lLT3pnRRAB,,,2023-02-03 17:02:00.657699,,Local Guide,0,0,https://www.google.com/maps/contrib/110444039681305754218/reviews?hl=en-US
ChZDSUhNMG9nS0VJQ0FnSUQtbm9PU05nEAE,"Nice place , restuarant, have good meals",,2023-02-03 17:02:00.661030,,Rishi dewangan,0,0,https://www.google.com/maps/contrib/101054329623642433330/reviews?hl=en-US
ChdDSUhNMG9nS0VJQ0FnSUQtb3Juc3Z3RRAB,Just ok,,2023-02-03 17:02:00.664694,,Ishwar sahu,0,0,https://www.google.com/maps/contrib/106100727359502341181/reviews?hl=en-US
ChZDSUhNMG9nS0VJQ0FnSUQtZ3JuVUNBEAE,,,2023-02-03 17:02:00.667521,,Rajesh Trivedi,0,0,https://www.google.com/maps/contrib/107400648924003923372/reviews?hl=en-US
ChZDSUhNMG9nS0VJQ0FnSUNzbVppRVJnEAE,"Food is too good, n they are adding more fun to the resort.. keep it up..👍 …",,2023-02-03 17:02:00.670942,,Dimpal Ranka,0,0,https://www.google.com/maps/contrib/116927941728564215395/reviews?hl=en-US
ChZDSUhNMG9nS0VJQ0FnSUQtME03ZUVBEAE,Neat and clean managed with professional hands.,,2023-02-03 17:02:00.677849,,Alok Singh,0,0,https://www.google.com/maps/contrib/116387002791246700353/reviews?hl=en-US
ChdDSUhNMG9nS0VJQ0FnSUQtMEtxNTN3RRAB,"Great food, amazing taste this is a pure veg restaurant.  Staff is very friendly and gave good service.",,2023-02-03 17:02:00.680708,,rohit jogewar,0,0,https://www.google.com/maps/contrib/108899156118562410151/reviews?hl=en-US
ChZDSUhNMG9nS0VJQ0FnSUMtNy1feU9REAE,,,2023-02-03 17:02:08.674599,,Shantanu Peshwe,0,0,https://www.google.com/maps/contrib/108907031580281387468/reviews?hl=en-US
ChZDSUhNMG9nS0VJQ0FnSUMtMjl1b0Z3EAE,Nice fiber product,,2023-02-03 17:02:08.677656,,Vijaykumar Bisen,0,0,https://www.google.com/maps/contrib/116752799014640499598/reviews?hl=en-US
ChRDSUhNMG9nS0VJQ0FnSUMtbThwNhAB,,,2023-02-03 17:02:08.681582,,BibhuBikash Mohapatra,0,0,https://www.google.com/maps/contrib/113549559127164880415/reviews?hl=en-US
ChdDSUhNMG9nS0VJQ0FnSUMtcmRuX19BRRAB,,,2023-02-03 17:02:08.684366,,Sanchit Agrawal,0,0,https://www.google.com/maps/contrib/100846527119126460848/reviews?hl=en-US
ChdDSUhNMG9nS0VJQ0FnSUMtNWZiSmpRRRAB,,,2023-02-03 17:02:08.687092,,Tanmay Solanki,0,0,https://www.google.com/maps/contrib/109883242678923453500/reviews?hl=en-US
ChdDSUhNMG9nS0VJQ0FnSUMtLWEzSXB3RRAB,,,2023-02-03 17:02:08.689300,,Shyam Bawane,0,0,https://www.google.com/maps/contrib/107930810406851953458/reviews?hl=en-US
ChZDSUhNMG9nS0VJQ0FnSUMtMXNLMkVBEAE,,,2023-02-03 17:02:08.692174,,Richa Arora,0,0,https://www.google.com/maps/contrib/116817367863533459498/reviews?hl=en-US
ChZDSUhNMG9nS0VJQ0FnSUMtLXM2TURnEAE,"Nice place for marriage like functions, Whole resort is covered with greenery. Oxygen surplus area with Clean and hygiene rooms and bathroom.",,2023-02-03 17:02:08.698842,,Anuj poddar,0,0,https://www.google.com/maps/contrib/102049196916958256745/reviews?hl=en-US
ChZDSUhNMG9nS0VJQ0FnSURXN0lUY01BEAE,Good food and nice environment,,2023-02-03 17:02:08.701915,,Manish Tiwari,0,0,https://www.google.com/maps/contrib/109822351027470067888/reviews?hl=en-US
ChZDSUhNMG9nS0VJQ0FnSUMtd3FlaUF3EAE,"Good food, nice service",,2023-02-03 17:02:08.704903,,Satkar Mohabanshi,0,0,https://www.google.com/maps/contrib/114313141232530006420/reviews?hl=en-US
ChZDSUhNMG9nS0VJQ0FnSURTbFoySVB3EAE,,,2023-02-03 17:02:17.225747,,Kunal Badole,0,0,https://www.google.com/maps/contrib/104432109515142666716/reviews?hl=en-US
ChZDSUhNMG9nS0VJQ0FnSUMtNkx2c1RBEAE,,,2023-02-03 17:02:17.227540,,Barkha Choubey,0,0,https://www.google.com/maps/contrib/110239551336968645056/reviews?hl=en-US
ChZDSUhNMG9nS0VJQ0FnSUMtcUtQOFJBEAE,,,2023-02-03 17:02:17.229384,,Suraaj Music Studio Rjn,0,0,https://www.google.com/maps/contrib/107553423728666110585/reviews?hl=en-US
ChdDSUhNMG9nS0VJQ0FnSURldS1iR2xRRRAB,good place between Nagpur and durg and for amusement of children,,2023-02-03 17:02:17.231364,,Er. Ankur Naikhor,0,0,https://www.google.com/maps/contrib/102411304249782170595/reviews?hl=en-US
ChdDSUhNMG9nS0VJQ0FnSURlazlydzZnRRAB,"Good food, nice service and reasonable",,2023-02-03 17:02:17.233464,,Dr.Hema Bhure,0,0,https://www.google.com/maps/contrib/101296247546737367160/reviews?hl=en-US
ChZDSUhNMG9nS0VJQ0FnSURlOGNQYll3EAE,Nice pure veg restaurant on highway 60 kms before rajnangaon. Pure veg. Lovely breakfast. Fast service,,2023-02-03 17:02:17.235611,,Uzzzi’s Life,0,0,https://www.google.com/maps/contrib/107476766182753235892/reviews?hl=en-US
ChdDSUhNMG9nS0VJQ0FnSURlNGVMdjh3RRAB,,,2023-02-03 17:02:17.237536,,Krishnveer Saxena,0,0,https://www.google.com/maps/contrib/108909591114612925200/reviews?hl=en-US
ChdDSUhNMG9nS0VJQ0FnSURlb2N1V3l3RRAB,,,2023-02-03 17:02:17.239119,,shobhit rawal,0,0,https://www.google.com/maps/contrib/115976576456069194446/reviews?hl=en-US
ChdDSUhNMG9nS0VJQ0FnSURlbHRYVzJRRRAB,"We did not stay only  stopped for lunch. Good food, service clean toilets for ladies. Good parking.",,2023-02-03 17:02:17.241087,,Rohit Tripathi,0,0,https://www.google.com/maps/contrib/114722031427347477743/reviews?hl=en-US
ChZDSUhNMG9nS0VJQ0FnSURlbHZxMld3EAE,,,2023-02-03 17:02:17.242789,,Prajwal Meshram,0,0,https://www.google.com/maps/contrib/105941526757885439189/reviews?hl=en-US
ChZDSUhNMG9nS0VJQ0FnSURlcW9uOFJ3EAE,Clean toilet  and great food ...,,2023-02-03 17:02:25.293799,,07. Aryav Jaiswal,0,0,https://www.google.com/maps/contrib/107277656552792399351/reviews?hl=en-US
ChdDSUhNMG9nS0VJQ0FnSURlb3R2R3ZBRRAB,,,2023-02-03 17:02:25.295583,,Rupesh Doye,0,0,https://www.google.com/maps/contrib/111942086000685242542/reviews?hl=en-US
ChZDSUhNMG9nS0VJQ0FnSUNlNS1QWFlREAE,,,2023-02-03 17:02:25.297171,,Vishal Markam,0,0,https://www.google.com/maps/contrib/102788030347784557799/reviews?hl=en-US
ChZDSUhNMG9nS0VJQ0FnSUNlLV92OGZ3EAE,"Everything was very very good, starting from the place to the room, the staffs and their services, the food everything was super good.",,2023-02-03 17:02:25.298665,,DIBYASHREE MAJHI,0,0,https://www.google.com/maps/contrib/102003791823434702425/reviews?hl=en-US
ChZDSUhNMG9nS0VJQ0FnSUR5dGFuLUR3EAE,(Translated by Google) data nice  (Original) Veri nice,,2023-02-03 17:02:25.300334,,Gurudas Deshmukh,0,0,https://www.google.com/maps/contrib/105921082270723506361/reviews?hl=en-US
ChZDSUhNMG9nS0VJQ0FnSUNlMDZMUExREAE,"We had a lunch here, taste was awesome, we saw the rooms, it looks nice and clean. It is amidst the Jungle, calm , peaceful and absolutely pollution free",,2023-02-03 17:02:25.301966,,Mukesh Kumar,0,0,https://www.google.com/maps/contrib/104355419563889370340/reviews?hl=en-US
ChZDSUhNMG9nS0VJQ0FnSUNlbWYzekZ3EAE,,,2023-02-03 17:02:25.303481,,naval bhatia,0,0,https://www.google.com/maps/contrib/100474804408560174627/reviews?hl=en-US
ChZDSUhNMG9nS0VJQ0FnSUNlZ2QtZlBnEAE,,,2023-02-03 17:02:25.305129,,Irshad Mohammad,0,0,https://www.google.com/maps/contrib/112476069828289633957/reviews?hl=en-US
ChZDSUhNMG9nS0VJQ0FnSUNldnZYTlZ3EAE,"Perfect Place to enjoy with your family memeber , budget friendly Stay ,",,2023-02-03 17:02:25.306955,,Rehan Ahmed SRA,0,0,https://www.google.com/maps/contrib/104882929084706184138/reviews?hl=en-US
ChdDSUhNMG9nS0VJQ0FnSUNlLW82dnZBRRAB,,,2023-02-03 17:02:25.308877,,Deepti Hirwani,0,0,https://www.google.com/maps/contrib/102325323433882862050/reviews?hl=en-US
ChZDSUhNMG9nS0VJQ0FnSUNlLXR5TGR3EAE,,,2023-02-03 17:02:34.046087,,Dharmendra chhipe (Dhamu bhai),0,0,https://www.google.com/maps/contrib/105509707320548838714/reviews?hl=en-US
ChdDSUhNMG9nS0VJQ0FnSUNlaW9TMHp3RRAB,,,2023-02-03 17:02:34.049635,,shital devikar,0,0,https://www.google.com/maps/contrib/105401322472894953785/reviews?hl=en-US
ChZDSUhNMG9nS0VJQ0FnSUNlZ3NMdURREAE,,,2023-02-03 17:02:34.052845,,shrihari kore,0,0,https://www.google.com/maps/contrib/114306330236486490175/reviews?hl=en-US
ChZDSUhNMG9nS0VJQ0FnSUNlcktYNWZREAE,,,2023-02-03 17:02:34.056748,,Pravin Sahu,0,0,https://www.google.com/maps/contrib/113414040609594637385/reviews?hl=en-US
ChdDSUhNMG9nS0VJQ0FnSUNlck9iUzRnRRAB,Good,,2023-02-03 17:02:34.059876,,ravi patel,0,0,https://www.google.com/maps/contrib/109833797396104613454/reviews?hl=en-US
ChZDSUhNMG9nS0VJQ0FnSUNleUllUlh3EAE,,,2023-02-03 17:02:34.063169,,Gumnam Diwana,0,0,https://www.google.com/maps/contrib/100854285823973088118/reviews?hl=en-US
ChdDSUhNMG9nS0VJQ0FnSUR1OTlPUzlBRRAB,,,2023-02-03 17:02:34.065880,,Amish kundnani,0,0,https://www.google.com/maps/contrib/106914148727714219420/reviews?hl=en-US
ChZDSUhNMG9nS0VJQ0FnSUR1bXRiZlpBEAE,Awesome experience 😁 …,,2023-02-03 17:02:34.068523,,ARUN KAPGATE,0,0,https://www.google.com/maps/contrib/100248910339956423747/reviews?hl=en-US
ChdDSUhNMG9nS0VJQ0FnSUR1X0stNDZBRRAB,,,2023-02-03 17:02:34.071607,,sachin kobal,0,0,https://www.google.com/maps/contrib/100772385718898747706/reviews?hl=en-US
ChdDSUhNMG9nS0VJQ0FnSUR1dk1fbnN3RRAB,Boring place,,2023-02-03 17:02:34.075440,,Akshay Agrawal,0,0,https://www.google.com/maps/contrib/113016108051664246944/reviews?hl=en-US
ChZDSUhNMG9nS0VJQ0FnSUR1ck9XOElREAE,,,2023-02-03 17:02:42.400758,,MIRZA MUKHTAR BEG,0,0,https://www.google.com/maps/contrib/102950983891068356126/reviews?hl=en-US
ChdDSUhNMG9nS0VJQ0FnSUN1Mjd2X3pnRRAB,,,2023-02-03 17:02:42.402431,,PRADIP KUMAR MAJHI,0,0,https://www.google.com/maps/contrib/101963132831912342827/reviews?hl=en-US
ChdDSUhNMG9nS0VJQ0FnSUN1eTdiSnF3RRAB,,,2023-02-03 17:02:42.404308,,Narendra Choudhary,0,0,https://www.google.com/maps/contrib/110563361909360044178/reviews?hl=en-US
ChZDSUhNMG9nS0VJQ0FnSUN1cy1MblZnEAE,Price is high,,2023-02-03 17:02:42.405928,,Pravin Golhar,0,0,https://www.google.com/maps/contrib/117186498893566328569/reviews?hl=en-US
ChZDSUhNMG9nS0VJQ0FnSUN1cmRIVWFnEAE,,,2023-02-03 17:02:42.407591,,Sohil Chawda,0,0,https://www.google.com/maps/contrib/102388619197277552630/reviews?hl=en-US
ChZDSUhNMG9nS0VJQ0FnSUN1MlpIYVh3EAE,Ok,,2023-02-03 17:02:42.409437,,Mohsin Khan (Monu),0,0,https://www.google.com/maps/contrib/109555127188102296567/reviews?hl=en-US
ChdDSUhNMG9nS0VJQ0FnSUN1bnFuQWxnRRAB,,,2023-02-03 17:02:42.411421,,Samyak Chaturmohta,0,0,https://www.google.com/maps/contrib/107620019166730650853/reviews?hl=en-US
ChdDSUhNMG9nS0VJQ0FnSUN1LXNuWmdBRRAB,,,2023-02-03 17:02:42.413410,,mehernosh mavalwala,0,0,https://www.google.com/maps/contrib/106354958232831131604/reviews?hl=en-US
ChZDSUhNMG9nS0VJQ0FnSUN1OHF1YUNBEAE,,,2023-02-03 17:02:42.415566,,Samir Mahure,0,0,https://www.google.com/maps/contrib/118342933459316232120/reviews?hl=en-US
ChdDSUhNMG9nS0VJQ0FnSUN1NHRXSm93RRAB,Very nice,,2023-02-03 17:02:42.417771,,mahendra patle,0,0,https://www.google.com/maps/contrib/118395474267476813950/reviews?hl=en-US
ChdDSUhNMG9nS0VJQ0FnSUN1N0pHNmpBRRAB,,,2023-02-03 17:02:50.898686,,Amit Tahaliyani,0,0,https://www.google.com/maps/contrib/117568519872002401846/reviews?hl=en-US
ChZDSUhNMG9nS0VJQ0FnSUN1NksyLUNREAE,,,2023-02-03 17:02:50.900443,,Harshad Parakh,0,0,https://www.google.com/maps/contrib/116647550162351488652/reviews?hl=en-US
ChZDSUhNMG9nS0VJQ0FnSUN1OE8zRVFREAE,,,2023-02-03 17:02:50.901879,,Pukhraj Kadela,0,0,https://www.google.com/maps/contrib/111050789735525513627/reviews?hl=en-US
ChdDSUhNMG9nS0VJQ0FnSURPdjV2YzVBRRAB,Good service but limited food menu,,2023-02-03 17:02:50.903372,,rohan hirani,0,0,https://www.google.com/maps/contrib/107830522451718346998/reviews?hl=en-US
ChZDSUhNMG9nS0VJQ0FnSURPbjVpREhREAE,It is highway touch so there is no need to think about location. Service was very good. Food quality was very good & taste too.,,2023-02-03 17:02:50.905056,,Girish Balwani,0,0,https://www.google.com/maps/contrib/107049117004615931236/reviews?hl=en-US
ChdDSUhNMG9nS0VJQ0FnSURPejQ3YWx3RRAB,,,2023-02-03 17:02:50.906577,,Anupkumarpatel Anu,0,0,https://www.google.com/maps/contrib/118022060768266324873/reviews?hl=en-US
ChdDSUhNMG9nS0VJQ0FnSURPdDhEaWtnRRAB,,,2023-02-03 17:02:50.908099,,Brijkishor Surjan,0,0,https://www.google.com/maps/contrib/101297950675880683907/reviews?hl=en-US
ChZDSUhNMG9nS0VJQ0FnSURPazlidEdnEAE,,,2023-02-03 17:02:50.909537,,Shekhar Hirpurkar,0,0,https://www.google.com/maps/contrib/103367904325214876815/reviews?hl=en-US
ChdDSUhNMG9nS0VJQ0FnSURPMmZubnpBRRAB,Such a beautiful place,,2023-02-03 17:02:50.911171,,Yogita Thakur,0,0,https://www.google.com/maps/contrib/116918569763398109355/reviews?hl=en-US
ChZDSUhNMG9nS0VJQ0FnSURPZ2ZYLUZREAE,,,2023-02-03 17:02:50.913046,,Arif Sheikh,0,0,https://www.google.com/maps/contrib/105504375737841091338/reviews?hl=en-US
ChdDSUhNMG9nS0VJQ0FnSURPbnR1Nl9BRRAB,,,2023-02-03 17:02:58.637080,,Tarun Agrawal,0,0,https://www.google.com/maps/contrib/104675087456005370945/reviews?hl=en-US
ChZDSUhNMG9nS0VJQ0FnSURPbm9XdGZ3EAE,,,2023-02-03 17:02:58.638654,,Mihir Fauzdar,0,0,https://www.google.com/maps/contrib/110709026170759605434/reviews?hl=en-US
ChZDSUhNMG9nS0VJQ0FnSURPN3RfS0ZBEAE,,,2023-02-03 17:02:58.640189,,bhupesh patel,0,0,https://www.google.com/maps/contrib/109069689845192398770/reviews?hl=en-US
ChdDSUhNMG9nS0VJQ0FnSURPOXBTMDB3RRAB,Good Stop over on way to Raipur from Nagpur,,2023-02-03 17:02:58.641743,,manmohan mundra,0,0,https://www.google.com/maps/contrib/117312168012257974659/reviews?hl=en-US
ChdDSUhNMG9nS0VJQ0FnSURPNXY2OHhnRRAB,,,2023-02-03 17:02:58.643513,,Yash Ballal,0,0,https://www.google.com/maps/contrib/105261319635485959179/reviews?hl=en-US
ChdDSUhNMG9nS0VJQ0FnSURPMHRtN19nRRAB,,,2023-02-03 17:02:58.645196,,captain singh,0,0,https://www.google.com/maps/contrib/107326299876037500079/reviews?hl=en-US
ChdDSUhNMG9nS0VJQ0FnSURPa3BDQmdBRRAB,,,2023-02-03 17:02:58.646852,,priyanka gupta,0,0,https://www.google.com/maps/contrib/110017020114561746384/reviews?hl=en-US
ChZDSUhNMG9nS0VJQ0FnSURPM1AzZEF3EAE,,,2023-02-03 17:02:58.648812,,Chaitanya Sakhare,0,0,https://www.google.com/maps/contrib/114300888205672078118/reviews?hl=en-US
ChZDSUhNMG9nS0VJQ0FnSURPNVBqdlp3EAE,,,2023-02-03 17:02:58.650510,,Shreyans Kamdar,0,0,https://www.google.com/maps/contrib/103457106808023957366/reviews?hl=en-US
ChdDSUhNMG9nS0VJQ0FnSURPaE5XUTl3RRAB,Good taste good food,,2023-02-03 17:02:58.652081,,Harsh Agrawal,0,0,https://www.google.com/maps/contrib/106972707062189405529/reviews?hl=en-US
ChdDSUhNMG9nS0VJQ0FnSURPa09DOTN3RRAB,,,2023-02-03 17:03:07.490027,,sajid malek,0,0,https://www.google.com/maps/contrib/104105287371828790074/reviews?hl=en-US
ChdDSUhNMG9nS0VJQ0FnSUNPXzhTYXl3RRAB,,,2023-02-03 17:03:07.492245,,Gyan Prakash Shrivastava,0,0,https://www.google.com/maps/contrib/100096353437654549291/reviews?hl=en-US
ChZDSUhNMG9nS0VJQ0FnSUNPNzVLMEpnEAE,,,2023-02-03 17:03:07.494409,,Nidhi Shrivastava,0,0,https://www.google.com/maps/contrib/109969837502058991671/reviews?hl=en-US
ChZDSUhNMG9nS0VJQ0FnSUNPeDRHRkRREAE,,,2023-02-03 17:03:07.496326,,Er. Yugeshkumar Bisen,0,0,https://www.google.com/maps/contrib/101441765376461135154/reviews?hl=en-US
ChZDSUhNMG9nS0VJQ0FnSUNPNjRqZGZ3EAE,,,2023-02-03 17:03:07.497891,,Jyoti Bhimgaj,0,0,https://www.google.com/maps/contrib/114698904895728870886/reviews?hl=en-US
ChZDSUhNMG9nS0VJQ0FnSUNPODdIak1REAE,,,2023-02-03 17:03:07.499467,,Pramod Sawana,0,0,https://www.google.com/maps/contrib/112300435678267302277/reviews?hl=en-US
ChZDSUhNMG9nS0VJQ0FnSUNPbzdpNU9REAE,,,2023-02-03 17:03:07.501282,,Satru Hattimare,0,0,https://www.google.com/maps/contrib/112750085506103558339/reviews?hl=en-US
ChZDSUhNMG9nS0VJQ0FnSUNPdzlyYVZnEAE,,,2023-02-03 17:03:07.503397,,deepak bhowate,0,0,https://www.google.com/maps/contrib/118275406232524526570/reviews?hl=en-US
ChdDSUhNMG9nS0VJQ0FnSUNPcmF6YzNRRRAB,,,2023-02-03 17:03:07.505516,,SHK NEWS Sach ke jeet,0,0,https://www.google.com/maps/contrib/112794467571408639591/reviews?hl=en-US
ChdDSUhNMG9nS0VJQ0FnSUNPMFkzQXlBRRAB,,,2023-02-03 17:03:07.507387,,Durgesh kathane,0,0,https://www.google.com/maps/contrib/102336391904290356182/reviews?hl=en-US
ChZDSUhNMG9nS0VJQ0FnSUNPOHRud0FREAE,,,2023-02-03 17:03:16.707431,,Ravindra Chouhan,0,0,https://www.google.com/maps/contrib/102553334715045988176/reviews?hl=en-US
ChdDSUhNMG9nS0VJQ0FnSUNPMHNyXy1nRRAB,,,2023-02-03 17:03:16.709628,,Mahesh Mali,0,0,https://www.google.com/maps/contrib/117215560504963148312/reviews?hl=en-US
ChdDSUhNMG9nS0VJQ0FnSUNPbk1icnF3RRAB,"Foods are good, service is superb.",,2023-02-03 17:03:16.711672,,Rajendra Shirshuddhe,0,0,https://www.google.com/maps/contrib/117500342807742633876/reviews?hl=en-US
ChdDSUhNMG9nS0VJQ0FnSUNPOUtXTHNBRRAB,,,2023-02-03 17:03:16.713531,,Zuber khan,0,0,https://www.google.com/maps/contrib/112348766691575888507/reviews?hl=en-US
ChZDSUhNMG9nS0VJQ0FnSUNPZ0xxM05BEAE,,,2023-02-03 17:03:16.715353,,saiful Haquehalder,0,0,https://www.google.com/maps/contrib/105060290835146852067/reviews?hl=en-US
ChZDSUhNMG9nS0VJQ0FnSUQybjVDNGZnEAE,Provided good snacks for refreshments.,,2023-02-03 17:03:16.717325,,Janhavi Ghate,0,0,https://www.google.com/maps/contrib/101489160692069383118/reviews?hl=en-US
ChdDSUhNMG9nS0VJQ0FnSUQycThLSXpnRRAB,Nicely posed if u are traveling from Nagpur to Raipur u can have a small break here. Food is good with less Verity. Cleanliness is maintained,,2023-02-03 17:03:16.719598,,Aniruddha Jibhkate,0,0,https://www.google.com/maps/contrib/104918818172165972974/reviews?hl=en-US
ChdDSUhNMG9nS0VJQ0FnSUQyODdURHB3RRAB,,,2023-02-03 17:03:16.721667,,Naitik lunkad,0,0,https://www.google.com/maps/contrib/110626254105046381858/reviews?hl=en-US
ChdDSUhNMG9nS0VJQ0FnSUQydzk2c3RRRRAB,,,2023-02-03 17:03:16.723549,,Aditya Walthare,0,0,https://www.google.com/maps/contrib/111234088367108157304/reviews?hl=en-US
ChZDSUhNMG9nS0VJQ0FnSUQybmNfZVVnEAE,"Frest and healthy foods served,",,2023-02-03 17:03:16.725448,,ITI WORK FROM HOME,0,0,https://www.google.com/maps/contrib/110549825616999930137/reviews?hl=en-US
ChZDSUhNMG9nS0VJQ0FnSUQyb1pLMEd3EAE,,,2023-02-03 17:03:26.260680,,Manoj Patel,0,0,https://www.google.com/maps/contrib/104973561855703488839/reviews?hl=en-US
ChZDSUhNMG9nS0VJQ0FnSUQybnRlRUhREAE,,,2023-02-03 17:03:26.262401,,Krishna chauhan,0,0,https://www.google.com/maps/contrib/115225340664772139361/reviews?hl=en-US
ChZDSUhNMG9nS0VJQ0FnSUQybHQtQ0tREAE,The food is great,,2023-02-03 17:03:26.264185,,Subhash Ladhani,0,0,https://www.google.com/maps/contrib/100235427807402586694/reviews?hl=en-US
ChdDSUhNMG9nS0VJQ0FnSUNXaXVIbWp3RRAB,,,2023-02-03 17:03:26.266007,,Himanshi Katre,0,0,https://www.google.com/maps/contrib/101978150139767045851/reviews?hl=en-US
ChdDSUhNMG9nS0VJQ0FnSUQyOHEyQnpBRRAB,,,2023-02-03 17:03:26.268010,,bone appetite,0,0,https://www.google.com/maps/contrib/104145725513588860097/reviews?hl=en-US
ChdDSUhNMG9nS0VJQ0FnSUQyN09DS3NBRRAB,"I am glad to say all staff and resturant was incredible, supportive and very Helpful.we enjoyed lots in swimming pool in Haldi function..My Experience was too awesome for Roop Resort please visit 😀 …",,2023-02-03 17:03:26.269932,,Pratik Thakur,0,0,https://www.google.com/maps/contrib/116826087455627162635/reviews?hl=en-US
ChZDSUhNMG9nS0VJQ0FnSUQyaUlxMVBnEAE,Good,,2023-02-03 17:03:26.271712,,Satyam Yawalkar,0,0,https://www.google.com/maps/contrib/117056653754339604276/reviews?hl=en-US
ChZDSUhNMG9nS0VJQ0FnSUMydjh2VExBEAE,,,2023-02-03 17:03:26.273309,,kushal puglia,0,0,https://www.google.com/maps/contrib/111274016586649473918/reviews?hl=en-US
ChdDSUhNMG9nS0VJQ0FnSUMyLTczODNnRRAB,,,2023-02-03 17:03:26.274998,,CHIRAG KABRA,0,0,https://www.google.com/maps/contrib/105965425013228976934/reviews?hl=en-US
ChdDSUhNMG9nS0VJQ0FnSUMycTl1MDFBRRAB,,,2023-02-03 17:03:26.276908,,Poonam Jaiswal,0,0,https://www.google.com/maps/contrib/100397070751487175511/reviews?hl=en-US
ChZDSUhNMG9nS0VJQ0FnSUMyc2VMVUxBEAE,,,2023-02-03 17:03:35.900032,,Kamalkumar Tawade,0,0,https://www.google.com/maps/contrib/115231089876196361080/reviews?hl=en-US
ChZDSUhNMG9nS0VJQ0FnSUMyc2N5ZkVBEAE,,,2023-02-03 17:03:35.901615,,Chetan Bagade,0,0,https://www.google.com/maps/contrib/101251919913667212147/reviews?hl=en-US
ChdDSUhNMG9nS0VJQ0FnSUMyMFk3RTR3RRAB,Best,,2023-02-03 17:03:35.903312,,Dipak Shiwankar,0,0,https://www.google.com/maps/contrib/103533056867774707039/reviews?hl=en-US
ChZDSUhNMG9nS0VJQ0FnSUMyZ2Z6TUV3EAE,,,2023-02-03 17:03:35.904943,,hanuman choudhary,0,0,https://www.google.com/maps/contrib/100384785042752521740/reviews?hl=en-US
ChZDSUhNMG9nS0VJQ0FnSUMyX3ZPc2VREAE,,,2023-02-03 17:03:35.906723,,sachin gupta,0,0,https://www.google.com/maps/contrib/113860705887889664184/reviews?hl=en-US
ChZDSUhNMG9nS0VJQ0FnSUMydnRmSkR3EAE,,,2023-02-03 17:03:35.908525,,Prabhat Potwar,0,0,https://www.google.com/maps/contrib/108670983520383342009/reviews?hl=en-US
ChdDSUhNMG9nS0VJQ0FnSUMycHFfUGhBRRAB,"Great , the tasty dish will be pakoda.. 😋😋😋 …",,2023-02-03 17:03:35.910268,,Hema Solanki,0,0,https://www.google.com/maps/contrib/110007071012385785621/reviews?hl=en-US
ChZDSUhNMG9nS0VJQ0FnSUMydXRQVEpnEAE,,,2023-02-03 17:03:35.912116,,Pawan Shende,0,0,https://www.google.com/maps/contrib/118140834540229461553/reviews?hl=en-US
ChZDSUhNMG9nS0VJQ0FnSUMyc3NHWVRnEAE,Nice place for dinning at highway,,2023-02-03 17:03:35.913834,,anil chandnani,0,0,https://www.google.com/maps/contrib/103476795617747412796/reviews?hl=en-US
ChZDSUhNMG9nS0VJQ0FnSUMyNG9iV0tnEAE,,,2023-02-03 17:03:35.916042,,Navin Tiwari,0,0,https://www.google.com/maps/contrib/108449493160927626894/reviews?hl=en-US
ChZDSUhNMG9nS0VJQ0FnSUMydlB6ZU13EAE,,,2023-02-03 17:03:45.367833,,Harsha Yalla,0,0,https://www.google.com/maps/contrib/108585460173917312806/reviews?hl=en-US
ChZDSUhNMG9nS0VJQ0FnSUNtbzYyTEtREAE,,,2023-02-03 17:03:45.369787,,vijay kawadkar,0,0,https://www.google.com/maps/contrib/100704216724672936902/reviews?hl=en-US
ChdDSUhNMG9nS0VJQ0FnSUMyblBQUTJBRRAB,,,2023-02-03 17:03:45.371692,,uma prakash Ojha,0,0,https://www.google.com/maps/contrib/109056647112727405190/reviews?hl=en-US
ChdDSUhNMG9nS0VJQ0FnSUMydEx6M193RRAB,,,2023-02-03 17:03:45.373407,,Rachiket Shahu,0,0,https://www.google.com/maps/contrib/103112778859669026206/reviews?hl=en-US
ChZDSUhNMG9nS0VJQ0FnSUNvNVp6QkxREAE,Good place to stop and eat and break your road journey and rest. Nice soft  drinks and Indian and Chinesefood served,,2023-02-03 17:03:45.375024,,alka mathur,0,0,https://www.google.com/maps/contrib/105030352621766791688/reviews?hl=en-US
ChZDSUhNMG9nS0VJQ0FnSUMyd0xUWUJ3EAE,,,2023-02-03 17:03:45.376954,,gopal veerani,0,0,https://www.google.com/maps/contrib/105486685708737643908/reviews?hl=en-US
ChdDSUhNMG9nS0VJQ0FnSURXdTVUdmhnRRAB,,,2023-02-03 17:03:45.378634,,Sandip Choube,0,0,https://www.google.com/maps/contrib/103928858010975113346/reviews?hl=en-US
ChZDSUhNMG9nS0VJQ0FnSURXdzZLSFR3EAE,,,2023-02-03 17:03:45.380094,,Rafik Sama,0,0,https://www.google.com/maps/contrib/116213258850282485592/reviews?hl=en-US
ChdDSUhNMG9nS0VJQ0FnSURXMVlXRmlRRRAB,,,2023-02-03 17:03:45.381486,,santosh gotephode,0,0,https://www.google.com/maps/contrib/115717276568326626444/reviews?hl=en-US
ChdDSUhNMG9nS0VJQ0FnSURXeGN5eDlBRRAB,Overall a good place for lodging & boarding.Food is ok.but choice for breakfast items was very less.,,2023-02-03 17:03:45.382960,,Radha Rao,0,0,https://www.google.com/maps/contrib/104672388786859313649/reviews?hl=en-US
ChdDSUhNMG9nS0VJQ0FnSURXLWJfV3NnRRAB,,,2023-02-03 17:03:56.564329,,PRAVIN INGALE,0,0,https://www.google.com/maps/contrib/118034998399782391657/reviews?hl=en-US
ChdDSUhNMG9nS0VJQ0FnSURXdWRxa2hBRRAB,Food was great.,,2023-02-03 17:03:56.566947,,Ruchika Joshi,0,0,https://www.google.com/maps/contrib/105863513976879813181/reviews?hl=en-US
ChdDSUhNMG9nS0VJQ0FnSURXMGMyUS1nRRAB,,,2023-02-03 17:03:56.569795,,Santosh Yesansure,0,0,https://www.google.com/maps/contrib/102142495306767705260/reviews?hl=en-US
ChdDSUhNMG9nS0VJQ0FnSURXMFliUTJ3RRAB,,,2023-02-03 17:03:56.576037,,Rucha Kanhe,0,0,https://www.google.com/maps/contrib/116552890092624613361/reviews?hl=en-US
ChZDSUhNMG9nS0VJQ0FnSURXa1pQa1hBEAE,,,2023-02-03 17:03:56.578549,,Rajesh Thakare,0,0,https://www.google.com/maps/contrib/106545855779192271753/reviews?hl=en-US
ChdDSUhNMG9nS0VJQ0FnSURXenZuWm1RRRAB,Rooms cleanes was very poorr,,2023-02-03 17:03:56.581020,,manish fulwadhya,0,0,https://www.google.com/maps/contrib/117144004045591281431/reviews?hl=en-US
ChdDSUhNMG9nS0VJQ0FnSURXdHJyQ3p3RRAB,,,2023-02-03 17:03:56.583805,,CHIRAG JAIN,0,0,https://www.google.com/maps/contrib/109094595482851776344/reviews?hl=en-US
ChdDSUhNMG9nS0VJQ0FnSURXc3NxWnFnRRAB,,,2023-02-03 17:03:56.588586,,Avinash Funde,0,0,https://www.google.com/maps/contrib/107328594428380532368/reviews?hl=en-US
ChdDSUhNMG9nS0VJQ0FnSURXN09EeXV3RRAB,,,2023-02-03 17:03:56.592345,,Devidas Athlay,0,0,https://www.google.com/maps/contrib/101423828496537210400/reviews?hl=en-US
ChdDSUhNMG9nS0VJQ0FnSURXalBHT19BRRAB,,,2023-02-03 17:03:56.595289,,ROSHAN JAIN,0,0,https://www.google.com/maps/contrib/102913470984990287198/reviews?hl=en-US
ChZDSUhNMG9nS0VJQ0FnSURXcE5DSEtREAE,,,2023-02-03 17:04:05.216325,,Pushpak Patel,0,0,https://www.google.com/maps/contrib/102191831542137889549/reviews?hl=en-US
ChdDSUhNMG9nS0VJQ0FnSURXeU5LT25BRRAB,Best place with Tasty food,,2023-02-03 17:04:05.218209,,Dinesh patel,0,0,https://www.google.com/maps/contrib/114420113595635972795/reviews?hl=en-US
ChZDSUhNMG9nS0VJQ0FnSUNXM19pek1REAE,,,2023-02-03 17:04:05.219821,,Sharma Arts Photography,0,0,https://www.google.com/maps/contrib/104427002817849892276/reviews?hl=en-US
ChZDSUhNMG9nS0VJQ0FnSUNXdDhfV0x3EAE,,,2023-02-03 17:04:05.221345,,PRATEEK KANKARIA,0,0,https://www.google.com/maps/contrib/106227496700140397534/reviews?hl=en-US
ChdDSUhNMG9nS0VJQ0FnSUNXMTR1VGxnRRAB,,,2023-02-03 17:04:05.222856,,Tanishq Jain,0,0,https://www.google.com/maps/contrib/108750154941627641993/reviews?hl=en-US
ChZDSUhNMG9nS0VJQ0FnSUNXMjVUTkpnEAE,,,2023-02-03 17:04:05.224417,,Rajni Ujawane,0,0,https://www.google.com/maps/contrib/104532663971339619728/reviews?hl=en-US
ChdDSUhNMG9nS0VJQ0FnSUNXaS1TcXpnRRAB,Nice and reasonable food options with good open space and wash rooms,,2023-02-03 17:04:05.225989,,Prashant Shrivas,0,0,https://www.google.com/maps/contrib/100438664235469287025/reviews?hl=en-US
ChZDSUhNMG9nS0VJQ0FnSUNXcmUzTk5BEAE,(Translated by Google) Jai Sai Ram  (Original) Jai sai ram,,2023-02-03 17:04:05.227686,,RAJESH LANJEWAR,0,0,https://www.google.com/maps/contrib/106743372018565817331/reviews?hl=en-US
ChdDSUhNMG9nS0VJQ0FnSUNXcmJUZXRBRRAB,,,2023-02-03 17:04:05.229370,,girish patel,0,0,https://www.google.com/maps/contrib/110482458105786113482/reviews?hl=en-US
ChZDSUhNMG9nS0VJQ0FnSUNXLVoyT0VnEAE,The most beautiful ❤️❤️❤️ pictures,,2023-02-03 17:04:05.231168,,Dual Singh Mandavi,0,0,https://www.google.com/maps/contrib/109402728205527504463/reviews?hl=en-US
ChdDSUhNMG9nS0VJQ0FnSUNXMGVidWhRRRAB,it's bit costly. Over all good,,2023-02-03 17:04:14.155141,,Gitesh Sindhupe,0,0,https://www.google.com/maps/contrib/108642058400782919183/reviews?hl=en-US
ChZDSUhNMG9nS0VJQ0FnSUNXdnNLR0Z3EAE,,,2023-02-03 17:04:14.156968,,HK Bhai Borkar,0,0,https://www.google.com/maps/contrib/115377138648294661779/reviews?hl=en-US
ChZDSUhNMG9nS0VJQ0FnSUNXenJpY0VnEAE,,,2023-02-03 17:04:14.158493,,Sumit Yerne,0,0,https://www.google.com/maps/contrib/105456262316473473101/reviews?hl=en-US
ChdDSUhNMG9nS0VJQ0FnSUNXbHF2eHhnRRAB,Nice place,,2023-02-03 17:04:14.160173,,PRADIP RAMTEKE,0,0,https://www.google.com/maps/contrib/113057257791137153461/reviews?hl=en-US
ChdDSUhNMG9nS0VJQ0FnSUNXeHIzN3FRRRAB,Delicious Food...,,2023-02-03 17:04:14.161869,,Vaibhav Patel,0,0,https://www.google.com/maps/contrib/110348279986934812393/reviews?hl=en-US
ChZDSUhNMG9nS0VJQ0FnSUNXbW9tMGZ3EAE,,,2023-02-03 17:04:14.163495,,Ena Thakur,0,0,https://www.google.com/maps/contrib/100921439677397776126/reviews?hl=en-US
ChZDSUhNMG9nS0VJQ0FnSUNXcXRqYmZ3EAE,,,2023-02-03 17:04:14.165090,,Siddharth Sonowal,0,0,https://www.google.com/maps/contrib/108033815058057902257/reviews?hl=en-US
ChdDSUhNMG9nS0VJQ0FnSUNXaXVYMnJRRRAB,,,2023-02-03 17:04:14.166615,,Mahesh Patel,0,0,https://www.google.com/maps/contrib/101418781099729644811/reviews?hl=en-US
ChZDSUhNMG9nS0VJQ0FnSUNXOHNfaFJ3EAE,Superb food and best stay on the way .,,2023-02-03 17:04:14.168336,,manoj prabhakar,0,0,https://www.google.com/maps/contrib/105873764346403326023/reviews?hl=en-US
ChdDSUhNMG9nS0VJQ0FnSUNXZ3N6dG9BRRAB,,,2023-02-03 17:04:14.170047,,Rounak Agrawal RA,0,0,https://www.google.com/maps/contrib/116900172666639461170/reviews?hl=en-US
ChZDSUhNMG9nS0VJQ0FnSUNXeklTRkhnEAE,,,2023-02-03 17:04:23.927847,,suresh kursunge,0,0,https://www.google.com/maps/contrib/112637874490052075140/reviews?hl=en-US
ChZDSUhNMG9nS0VJQ0FnSUNXak03aUJ3EAE,,,2023-02-03 17:04:23.930396,,prince jain,0,0,https://www.google.com/maps/contrib/113715010114612846374/reviews?hl=en-US
ChZDSUhNMG9nS0VJQ0FnSUNXakt6MmZBEAE,Awesome experience of our marriage event..❤️,,2023-02-03 17:04:23.933152,,Bhushan Lonare,0,0,https://www.google.com/maps/contrib/100030618297195766388/reviews?hl=en-US
ChdDSUhNMG9nS0VJQ0FnSUNXak9pb29nRRAB,,,2023-02-03 17:04:23.936114,,Mohit Tiwari,0,0,https://www.google.com/maps/contrib/102486975783993952184/reviews?hl=en-US
ChZDSUhNMG9nS0VJQ0FnSUNXOU5DakpBEAE,EXCELLENT AMBIENCE AND EXCELLENT FOOD.,,2023-02-03 17:04:23.939067,,Devin Taunk,0,0,https://www.google.com/maps/contrib/108389638113663206408/reviews?hl=en-US
ChZDSUhNMG9nS0VJQ0FnSUNXcU5MVENnEAE,Very Enjoyed Resort,,2023-02-03 17:04:23.942500,,Yograj Kore,0,0,https://www.google.com/maps/contrib/105404837871845496902/reviews?hl=en-US
ChZDSUhNMG9nS0VJQ0FnSURtXzdydU1nEAE,Good food and fast service,,2023-02-03 17:04:23.946091,,Hrishi Nayudu,0,0,https://www.google.com/maps/contrib/103548535197577441081/reviews?hl=en-US
ChdDSUhNMG9nS0VJQ0FnSURtXy16Mjh3RRAB,,,2023-02-03 17:04:23.948853,,Pavit Kaur,0,0,https://www.google.com/maps/contrib/114403642951057210423/reviews?hl=en-US
ChZDSUhNMG9nS0VJQ0FnSURtajdLZVFBEAE,,,2023-02-03 17:04:23.951361,,Gurmeet kaur Bhatia,0,0,https://www.google.com/maps/contrib/116465331257650396065/reviews?hl=en-US
ChZDSUhNMG9nS0VJQ0FnSURtdC1EVkVBEAE,,,2023-02-03 17:04:23.953820,,Rupesh chaursiya,0,0,https://www.google.com/maps/contrib/112888539389956430585/reviews?hl=en-US
ChZDSUhNMG9nS0VJQ0FnSURtdS1ya1FREAE,Best Resort with Raipur to Nagpur Highway,,2023-02-03 17:04:36.536882,,Chandan Patel,0,0,https://www.google.com/maps/contrib/114597397859025059971/reviews?hl=en-US
ChdDSUhNMG9nS0VJQ0FnSURtNDRPT2hBRRAB,Nice,,2023-02-03 17:04:36.543537,,Rizwan Khan,0,0,https://www.google.com/maps/contrib/109365769475897834867/reviews?hl=en-US
ChdDSUhNMG9nS0VJQ0FnSURtZzRDMC13RRAB,Good place for lunch and dinner. Clean and neat place,,2023-02-03 17:04:36.553236,,Ashwin Lawange,0,0,https://www.google.com/maps/contrib/101590370972331272976/reviews?hl=en-US
ChdDSUhNMG9nS0VJQ0FnSURtX2N6N213RRAB,,,2023-02-03 17:04:36.558834,,Nihal Daharwal,0,0,https://www.google.com/maps/contrib/101645496324245220654/reviews?hl=en-US
ChZDSUhNMG9nS0VJQ0FnSURtbmZtVUhnEAE,,,2023-02-03 17:04:36.568344,,Sachiin Ukarande,0,0,https://www.google.com/maps/contrib/114350224210432273870/reviews?hl=en-US
ChdDSUhNMG9nS0VJQ0FnSURtbmRpSThBRRAB,,,2023-02-03 17:04:36.573561,,Sobha Daharwal,0,0,https://www.google.com/maps/contrib/106833276544293734902/reviews?hl=en-US
ChZDSUhNMG9nS0VJQ0FnSURtclphblNnEAE,,,2023-02-03 17:04:36.585359,,14_pranjali bramhankar,0,0,https://www.google.com/maps/contrib/101116583559970742924/reviews?hl=en-US
ChZDSUhNMG9nS0VJQ0FnSURtamVqdldREAE,,,2023-02-03 17:04:36.590250,,Yash Sahu,0,0,https://www.google.com/maps/contrib/103982741724404325148/reviews?hl=en-US
ChdDSUhNMG9nS0VJQ0FnSURtMllQSDlnRRAB,Good place.. Decent food.. Friendly staff,,2023-02-03 17:04:36.602242,,Nikhil Jain,0,0,https://www.google.com/maps/contrib/113450656305796078461/reviews?hl=en-US
ChdDSUhNMG9nS0VJQ0FnSURtbnE3by1nRRAB,,,2023-02-03 17:04:36.610724,,Kaustubha Acharya,0,0,https://www.google.com/maps/contrib/106284214720412045447/reviews?hl=en-US
ChZDSUhNMG9nS0VJQ0FnSURtOG9xektnEAE,Beautiful Resort. Best place for destinations wedding. Huge open ground. Food quality is good. Best part is their service. They provide stroller for small babies. Really good experience.,,2023-02-03 17:04:47.857070,,gaurav parekh,0,0,https://www.google.com/maps/contrib/105323897954990563080/reviews?hl=en-US
ChZDSUhNMG9nS0VJQ0FnSURtNHR2bFZnEAE,room geasure is not working .and dinner is so spicy,,2023-02-03 17:04:47.863518,,Nikhil Barmota,0,0,https://www.google.com/maps/contrib/116080729459403021728/reviews?hl=en-US
ChdDSUhNMG9nS0VJQ0FnSURtN0xTZjNRRRAB,,,2023-02-03 17:04:47.866899,,vinay sakhre,0,0,https://www.google.com/maps/contrib/110640955274191292836/reviews?hl=en-US
ChdDSUhNMG9nS0VJQ0FnSURtNVBmQnJnRRAB,Good Food to have dine with your family,,2023-02-03 17:04:47.870155,,Avichal Tamrakar,0,0,https://www.google.com/maps/contrib/114684032840776557154/reviews?hl=en-US
ChdDSUhNMG9nS0VJQ0FnSURtMlBpcThRRRAB,Food and service is good. A good stopover between at Chhattisgarh-Maharashatra border. Nearby lake is also beautiful if someone wants to stop there,,2023-02-03 17:04:47.879113,,Vishva Prakash,0,0,https://www.google.com/maps/contrib/106782353511282950226/reviews?hl=en-US
ChdDSUhNMG9nS0VJQ0FnSURtcU12eHR3RRAB,Do visit professional dance studio near you,,2023-02-03 17:04:47.883529,,Drushti Moundekar,0,0,https://www.google.com/maps/contrib/101451091294337430201/reviews?hl=en-US
ChdDSUhNMG9nS0VJQ0FnSURteUpyT29BRRAB,,,2023-02-03 17:04:47.886640,,arpit agrawal,0,0,https://www.google.com/maps/contrib/118241208391448420407/reviews?hl=en-US
ChdDSUhNMG9nS0VJQ0FnSURtb1BEejF3RRAB,,,2023-02-03 17:04:47.891215,,Sonu Dewangan,0,0,https://www.google.com/maps/contrib/113529559411629474825/reviews?hl=en-US
ChdDSUhNMG9nS0VJQ0FnSUNtbGJYaS13RRAB,Hooo atmosphere and adventure place,,2023-02-03 17:04:47.896520,,Dananjay kumar,0,0,https://www.google.com/maps/contrib/104888632044076735782/reviews?hl=en-US
ChdDSUhNMG9nS0VJQ0FnSUNtd2RLUXpRRRAB,,,2023-02-03 17:04:47.899906,,"hemraj chhapparghare, Nagpur",0,0,https://www.google.com/maps/contrib/108284817539758312549/reviews?hl=en-US
ChdDSUhNMG9nS0VJQ0FnSUNtX3NMVjZnRRAB,"Good venue for family functions, less number of rooms for travelers to stay",,2023-02-03 17:05:00.895011,,Chandan Karwat,0,0,https://www.google.com/maps/contrib/107394533776309140926/reviews?hl=en-US
ChZDSUhNMG9nS0VJQ0FnSUNtanZ1Q0F3EAE,,,2023-02-03 17:05:00.897847,,Mukesh Sain,0,0,https://www.google.com/maps/contrib/111971801684885043992/reviews?hl=en-US
ChdDSUhNMG9nS0VJQ0FnSUNtanFtaXJ3RRAB,"Love the ambiance and the delicious food, if I ever happen to travel from here again, this is going to be my place to eat and relax",,2023-02-03 17:05:00.900979,,8rupees,0,0,https://www.google.com/maps/contrib/101203508279435018320/reviews?hl=en-US
ChZDSUhNMG9nS0VJQ0FnSUNtMnZEVkFnEAE,"Value for money, awesome taste and nice&fast service",,2023-02-03 17:05:00.906757,,monika meshram,0,0,https://www.google.com/maps/contrib/103609347046485297825/reviews?hl=en-US
ChZDSUhNMG9nS0VJQ0FnSUNtbEliZFB3EAE,,,2023-02-03 17:05:00.911998,,madan rathi,0,0,https://www.google.com/maps/contrib/103443305177485400509/reviews?hl=en-US
ChZDSUhNMG9nS0VJQ0FnSURHaDU3X1BBEAE,Good place for destination wedding,,2023-02-03 17:05:00.915533,,Ashutosh Singh,0,0,https://www.google.com/maps/contrib/109511184399617242158/reviews?hl=en-US
ChdDSUhNMG9nS0VJQ0FnSURHbWZTVm1RRRAB,,,2023-02-03 17:05:00.921781,,Nikhil Patel,0,0,https://www.google.com/maps/contrib/109323226427997081974/reviews?hl=en-US
ChZDSUhNMG9nS0VJQ0FnSURHMGRYYmV3EAE,Nice place to have food,,2023-02-03 17:05:00.929165,,Pranaay Jain,0,0,https://www.google.com/maps/contrib/116088851779899329556/reviews?hl=en-US
ChdDSUhNMG9nS0VJQ0FnSURHd2ZqZGl3RRAB,,,2023-02-03 17:05:00.932626,,Rahul Pacholi,0,0,https://www.google.com/maps/contrib/111872725993546398913/reviews?hl=en-US
ChZDSUhNMG9nS0VJQ0FnSURHM3A3emZnEAE,,,2023-02-03 17:05:00.937438,,Vivek Patel,0,0,https://www.google.com/maps/contrib/109819164770998495051/reviews?hl=en-US
ChdDSUhNMG9nS0VJQ0FnSURHbnFmRmd3RRAB,Nice food but little costly and veg only option,,2023-02-03 17:05:09.327980,,Vishal Shadangi,0,0,https://www.google.com/maps/contrib/107427838663430311667/reviews?hl=en-US
ChZDSUhNMG9nS0VJQ0FnSURHanVlX1ZBEAE,,,2023-02-03 17:05:09.329742,,Nayan chheda,0,0,https://www.google.com/maps/contrib/111459527197857760719/reviews?hl=en-US
ChdDSUhNMG9nS0VJQ0FnSURHcXNPZC1BRRAB,,,2023-02-03 17:05:09.331395,,Chinmay Hadap,0,0,https://www.google.com/maps/contrib/110921022189127320249/reviews?hl=en-US
ChZDSUhNMG9nS0VJQ0FnSURHaE9uREdnEAE,Best place to hang out enjoy the good meals here,,2023-02-03 17:05:09.333254,,satvindar bagga,0,0,https://www.google.com/maps/contrib/106642131102943304043/reviews?hl=en-US
ChZDSUhNMG9nS0VJQ0FnSUNHeFlldll3EAE,,,2023-02-03 17:05:09.335024,,Pintu Soni,0,0,https://www.google.com/maps/contrib/115413969051730228350/reviews?hl=en-US
ChdDSUhNMG9nS0VJQ0FnSUNHeGJxV2lBRRAB,,,2023-02-03 17:05:09.336686,,Minakshi Aknurwar,0,0,https://www.google.com/maps/contrib/116821017719770475087/reviews?hl=en-US
ChdDSUhNMG9nS0VJQ0FnSUNHaWJmbXJRRRAB,,,2023-02-03 17:05:09.338382,,Vaibhav Verma,0,0,https://www.google.com/maps/contrib/104758628407982102888/reviews?hl=en-US
ChdDSUhNMG9nS0VJQ0FnSUNHdnBPOWlBRRAB,,,2023-02-03 17:05:09.340043,,educast Technology,0,0,https://www.google.com/maps/contrib/113660086459999805227/reviews?hl=en-US
ChdDSUhNMG9nS0VJQ0FnSUNHbW95d3l3RRAB,,,2023-02-03 17:05:09.341583,,Mukul Bisen,0,0,https://www.google.com/maps/contrib/111293663750034681928/reviews?hl=en-US
ChdDSUhNMG9nS0VJQ0FnSUNHMG9pUDhnRRAB,,,2023-02-03 17:05:09.343182,,Mukesh Bahekar,0,0,https://www.google.com/maps/contrib/103059062788178251532/reviews?hl=en-US
ChdDSUhNMG9nS0VJQ0FnSUNHb3VfLWt3RRAB,,,2023-02-03 17:05:20.828921,,Damini Bawiskar,0,0,https://www.google.com/maps/contrib/117743723387909559886/reviews?hl=en-US
ChdDSUhNMG9nS0VJQ0FnSUNHdlBiZ3R3RRAB,Nice place,,2023-02-03 17:05:20.832680,,Subhash Kamale,0,0,https://www.google.com/maps/contrib/112430880994570886330/reviews?hl=en-US
ChZDSUhNMG9nS0VJQ0FnSUNHM01hUGF3EAE,,,2023-02-03 17:05:20.836703,,Milan Mukherjee,0,0,https://www.google.com/maps/contrib/113808723376010237173/reviews?hl=en-US
ChZDSUhNMG9nS0VJQ0FnSUNHMUpmTmN3EAE,Good,,2023-02-03 17:05:20.844085,,arun Mundele,0,0,https://www.google.com/maps/contrib/112224377843163055427/reviews?hl=en-US
ChZDSUhNMG9nS0VJQ0FnSUNHdU9LSFFREAE,Good ambience. Nice people,,2023-02-03 17:05:20.849656,,dhiraj thutheja,0,0,https://www.google.com/maps/contrib/101720836168294994517/reviews?hl=en-US
ChdDSUhNMG9nS0VJQ0FnSUNHc0ttZTJnRRAB,,,2023-02-03 17:05:20.858441,,Umesh Mistry,0,0,https://www.google.com/maps/contrib/105385149038744924574/reviews?hl=en-US
ChZDSUhNMG9nS0VJQ0FnSUNHa0pDalBnEAE,"Nice ambience, decent food. swimming pool separate both for kids and adults. rs.150 if not staying. Room rent 2450 per night.",,2023-02-03 17:05:20.866389,,Sameer Nanoti,0,0,https://www.google.com/maps/contrib/102183765198248315070/reviews?hl=en-US
ChdDSUhNMG9nS0VJQ0FnSUQ2XzdEeHJnRRAB,"(Translated by Google) The quality of the food is not good, the dosa felt like it was stale for a day. Puri was good, but the vegetable seemed useless. Yes, the tea definitely tasted good. …",,2023-02-03 17:05:20.871649,,Deepak Choudhari,0,0,https://www.google.com/maps/contrib/105000947117495240504/reviews?hl=en-US
ChdDSUhNMG9nS0VJQ0FnSUQ2djYtWHdnRRAB,Good,,2023-02-03 17:05:20.879270,,Amitkumar Bhute,0,0,https://www.google.com/maps/contrib/103102649062359427730/reviews?hl=en-US
ChZDSUhNMG9nS0VJQ0FnSUQ2cDhHSkZREAE,Good ambience and tasty food neet and clean well mannered staff.,,2023-02-03 17:05:20.882615,,rajesh verma,0,0,https://www.google.com/maps/contrib/103363874278364714494/reviews?hl=en-US
