id_review,caption,relative_date,retrieval_date,rating,username,n_review_user,n_photo_user,url_user
ChZDSUhNMG9nS0VJQ0FnSUNoc055a0N3EAE,,,2023-02-03 17:34:25.591976,,Augustine Gaikwad,0,0,https://www.google.com/maps/contrib/103840585083482106827/reviews?hl=en-US
ChZDSUhNMG9nS0VJQ0FnSURCbS1MM0NREAE,As per entry price all services is very good 👍 …,,2023-02-03 17:34:25.598226,,Samadhan Ahire,0,0,https://www.google.com/maps/contrib/113063051554486886291/reviews?hl=en-US
ChZDSUhNMG9nS0VJQ0FnSURCcWVtUkpnEAE,,,2023-02-03 17:34:25.602615,,Pravin Koli,0,0,https://www.google.com/maps/contrib/105114524277031084239/reviews?hl=en-US
ChZDSUhNMG9nS0VJQ0FnSURCOFlhNFNnEAE,,,2023-02-03 17:34:25.606141,,Rupesh Kadam,0,0,https://www.google.com/maps/contrib/107156537505352894947/reviews?hl=en-US
ChdDSUhNMG9nS0VJQ0FnSURCOFlEb2t3RRAB,It's very best resort for group and family lavni perform kadak...,,2023-02-03 17:34:25.609864,,Pranav Gurav,0,0,https://www.google.com/maps/contrib/116988128724174951852/reviews?hl=en-US
ChZDSUhNMG9nS0VJQ0FnSURCM3JPLUtREAE,Food is not good at all even the pools are not maintained properly.,,2023-02-03 17:34:25.620277,,Mahesh Daima,0,0,https://www.google.com/maps/contrib/102282879744098617376/reviews?hl=en-US
ChZDSUhNMG9nS0VJQ0FnSUNCdjhhUER3EAE,Good,,2023-02-03 17:34:25.624288,,Suyog Patil,0,0,https://www.google.com/maps/contrib/112146042764730822044/reviews?hl=en-US
ChZDSUhNMG9nS0VJQ0FnSUNCajgtZEJREAE,,,2023-02-03 17:34:25.630266,,Deepak Konnur,0,0,https://www.google.com/maps/contrib/108883116876925425087/reviews?hl=en-US
ChdDSUhNMG9nS0VJQ0FnSUNCOTlPRjNRRRAB,Good service,,2023-02-03 17:34:25.636444,,Absar Ahmad,0,0,https://www.google.com/maps/contrib/107233934362205066881/reviews?hl=en-US
ChZDSUhNMG9nS0VJQ0FnSUNCLV9uZE1BEAE,,,2023-02-03 17:34:25.649290,,Sandeep Gardi,0,0,https://www.google.com/maps/contrib/112083850679075437950/reviews?hl=en-US
ChdDSUhNMG9nS0VJQ0FnSUNCemFPNTZRRRAB,,,2023-02-03 17:34:25.658021,,ROHIT Gaikwad,0,0,https://www.google.com/maps/contrib/117521956096648671040/reviews?hl=en-US
ChdDSUhNMG9nS0VJQ0FnSUNCMVotUzBBRRAB,Very poor new year arrangement not recommended..,,2023-02-03 17:34:25.667408,,hemant mote,0,0,https://www.google.com/maps/contrib/114761450422088313195/reviews?hl=en-US
ChZDSUhNMG9nS0VJQ0FnSUNCanF2ZEJ3EAE,,,2023-02-03 17:34:25.676236,,Mayapa Patil,0,0,https://www.google.com/maps/contrib/110025497780923829993/reviews?hl=en-US
ChdDSUhNMG9nS0VJQ0FnSUNCOW92dGlBRRAB,,,2023-02-03 17:34:25.682228,,ganesh dhage,0,0,https://www.google.com/maps/contrib/107658327300669878681/reviews?hl=en-US
ChZDSUhNMG9nS0VJQ0FnSUQtOXRiM2V3EAE,"It is a great place to visit with family and friends. The food quality was decent, Water parks and pools were clean and clear. Rooms should be maintained",,2023-02-03 17:34:25.688118,,Sunita Rsingh,0,0,https://www.google.com/maps/contrib/115912101240336510173/reviews?hl=en-US
ChdDSUhNMG9nS0VJQ0FnSUNCeXFMRnZnRRAB,,,2023-02-03 17:34:25.691487,,Datta Jagtap,0,0,https://www.google.com/maps/contrib/102496017562899966955/reviews?hl=en-US
ChdDSUhNMG9nS0VJQ0FnSUNCc3REUm9nRRAB,This place is amazing I love this place just visit this place,,2023-02-03 17:34:25.697390,,Rumiza D,0,0,https://www.google.com/maps/contrib/107262709269241535404/reviews?hl=en-US
ChdDSUhNMG9nS0VJQ0FnSUQtdjk3OW9nRRAB,,,2023-02-03 17:34:25.702713,,Teju Dapolkar,0,0,https://www.google.com/maps/contrib/104038717778507710352/reviews?hl=en-US
ChZDSUhNMG9nS0VJQ0FnSUQtdDdxT05REAE,,,2023-02-03 17:34:25.707229,,Suraj bangar,0,0,https://www.google.com/maps/contrib/109704758873086699674/reviews?hl=en-US
ChZDSUhNMG9nS0VJQ0FnSUQtNC02Q0RREAE,,,2023-02-03 17:34:25.710419,,ruman pardesi,0,0,https://www.google.com/maps/contrib/112026906263316311740/reviews?hl=en-US
ChZDSUhNMG9nS0VJQ0FnSUQtOWFPWVF3EAE,,,2023-02-03 17:34:34.534790,,Rams Jogu,0,0,https://www.google.com/maps/contrib/108411708982053054506/reviews?hl=en-US
ChZDSUhNMG9nS0VJQ0FnSUQtMGZ1aExREAE,Food quality and quantity low,,2023-02-03 17:34:34.538773,,Mohammad Ali Khan,0,0,https://www.google.com/maps/contrib/105481166402946784520/reviews?hl=en-US
ChdDSUhNMG9nS0VJQ0FnSUQtdnQtU2dRRRAB,Very good place For enjoy,,2023-02-03 17:34:34.542262,,Rushikesh Patil,0,0,https://www.google.com/maps/contrib/109291289534735324456/reviews?hl=en-US
ChdDSUhNMG9nS0VJQ0FnSUQtbnJhazFRRRAB,Must improve food services and must add more slides for pools,,2023-02-03 17:34:34.545639,,Aditya Prajapati,0,0,https://www.google.com/maps/contrib/104375097435793823162/reviews?hl=en-US
ChdDSUhNMG9nS0VJQ0FnSUQtbXNYUHF3RRAB,,,2023-02-03 17:34:34.549267,,Bhushan Dombal,0,0,https://www.google.com/maps/contrib/106512390009761396865/reviews?hl=en-US
ChdDSUhNMG9nS0VJQ0FnSUQtOU5EMjN3RRAB,"Very poor quality farmhouse..we hve very bad experienced about thier service n food quality in every meal (breakfast, lunch n dinner as well). Not recommended for family with children's. Not a good treatment for family with children's, as we paid enough amount Rs. 2.2 k (per person).. even not recommended for group picnic as well",,2023-02-03 17:34:34.556139,,Prasad Talekar,0,0,https://www.google.com/maps/contrib/111926134050544261804/reviews?hl=en-US
ChZDSUhNMG9nS0VJQ0FnSUQtbUpQUkRBEAE,,,2023-02-03 17:34:34.559352,,anup sahani,0,0,https://www.google.com/maps/contrib/114123878885942406408/reviews?hl=en-US
ChZDSUhNMG9nS0VJQ0FnSUQtbUtXckN3EAE,,,2023-02-03 17:34:34.562798,,aditya sanap,0,0,https://www.google.com/maps/contrib/103480299003190901281/reviews?hl=en-US
ChdDSUhNMG9nS0VJQ0FnSUMtbjZmRW13RRAB,Good shop,,2023-02-03 17:34:34.567113,,Aman Ansari,0,0,https://www.google.com/maps/contrib/112408866959316480015/reviews?hl=en-US
ChZDSUhNMG9nS0VJQ0FnSUMtMS1lbURBEAE,,,2023-02-03 17:34:34.570505,,Chitrarekha Lohar,0,0,https://www.google.com/maps/contrib/110813679978996009510/reviews?hl=en-US
ChZDSUhNMG9nS0VJQ0FnSUMteThxTmN3EAE,,,2023-02-03 17:34:42.900060,,Saurabh Dhene,0,0,https://www.google.com/maps/contrib/100740342406359382602/reviews?hl=en-US
ChZDSUhNMG9nS0VJQ0FnSUN1NGRXY1R3EAE,"Toilets not clean, sillpery surface in rain dance so i got accident and ligaments injured.",,2023-02-03 17:34:42.902696,,Shekhar Jawale,0,0,https://www.google.com/maps/contrib/100370748951915148087/reviews?hl=en-US
ChdDSUhNMG9nS0VJQ0FnSUMtbzhUaXFRRRAB,,,2023-02-03 17:34:42.905494,,Amit Mhatre,0,0,https://www.google.com/maps/contrib/106381035919674781683/reviews?hl=en-US
ChdDSUhNMG9nS0VJQ0FnSUMtcnRhODdBRRAB,,,2023-02-03 17:34:42.907916,,Miracles fire's sanket,0,0,https://www.google.com/maps/contrib/106847821750525263421/reviews?hl=en-US
ChZDSUhNMG9nS0VJQ0FnSUMtNnNqdWZnEAE,,,2023-02-03 17:34:42.910604,,SMIT GENIUS CLASSES,0,0,https://www.google.com/maps/contrib/106248548959005321045/reviews?hl=en-US
ChZDSUhNMG9nS0VJQ0FnSUMtM01UY2JBEAE,,,2023-02-03 17:34:42.913926,,pooja pophali,0,0,https://www.google.com/maps/contrib/117252718653326879709/reviews?hl=en-US
ChdDSUhNMG9nS0VJQ0FnSUMtNU1HVTl3RRAB,"Great place for a fun weekend .... Kid friendly, not too much over priced",,2023-02-03 17:34:42.920285,,Alex Mercer,0,0,https://www.google.com/maps/contrib/112516293358939105589/reviews?hl=en-US
ChZDSUhNMG9nS0VJQ0FnSURlNjRpNUd3EAE,,,2023-02-03 17:34:42.923618,,Sandip Chavan,0,0,https://www.google.com/maps/contrib/103616271248592656805/reviews?hl=en-US
ChdDSUhNMG9nS0VJQ0FnSURlLVlqWTdRRRAB,,,2023-02-03 17:34:42.926925,,chetan chavan,0,0,https://www.google.com/maps/contrib/108142494748886734993/reviews?hl=en-US
ChZDSUhNMG9nS0VJQ0FnSURlcnZ6OU5BEAE,Amazing place to enjoy  and at very reasonable cost,,2023-02-03 17:34:42.930444,,Dinesh Singh,0,0,https://www.google.com/maps/contrib/103256819514338257604/reviews?hl=en-US
