id_review,caption,relative_date,retrieval_date,rating,username,n_review_user,n_photo_user,url_user
ChdDSUhNMG9nS0VJQ0FnSUNock9UMGxBRRAB,, 3 days ago on   Google  ,2023-02-10 15:37:11.174253,3.0,rishi mankar,0,0,https://www.google.com/maps/contrib/107245186421514635249/reviews?hl=en-US
ChdDSUhNMG9nS0VJQ0FnSUNoOUlLTjd3RRAB,Service too low, 3 days ago on   Google  ,2023-02-10 15:37:11.175529,2.0,Rushikesh Bhalekar,0,0,https://www.google.com/maps/contrib/109544973547023635645/reviews?hl=en-US
ChdDSUhNMG9nS0VJQ0FnSUNoLUptWW1nRRAB,Nice hotel, 5 days ago on   Google  ,2023-02-10 15:37:11.176505,5.0,Saudagar Kadam,0,0,https://www.google.com/maps/contrib/101664789559842057162/reviews?hl=en-US
ChZDSUhNMG9nS0VJQ0FnSURCclpQOFNnEAE,, 2 weeks ago on   Google  ,2023-02-10 15:37:11.177686,4.0,saurabh thanekar,0,0,https://www.google.com/maps/contrib/114509508790215234222/reviews?hl=en-US
ChdDSUhNMG9nS0VJQ0FnSURCcWJLZW9RRRAB,, 2 weeks ago on   Google  ,2023-02-10 15:37:11.178871,4.0,Anil Atre,0,0,https://www.google.com/maps/contrib/111133475180620065849/reviews?hl=en-US
ChZDSUhNMG9nS0VJQ0FnSURCaWRuclZnEAE,Food very disappointing, 2 weeks ago on   Google  ,2023-02-10 15:37:11.179811,1.0,Bhavaniprasad Segu,0,0,https://www.google.com/maps/contrib/100125426026206092429/reviews?hl=en-US
ChZDSUhNMG9nS0VJQ0FnSURCNU9uQldREAE,, 4 weeks ago on   Google  ,2023-02-10 15:37:11.180746,3.0,Prathamesh Saygaonkar,0,0,https://www.google.com/maps/contrib/109094250084313155119/reviews?hl=en-US
ChdDSUhNMG9nS0VJQ0FnSUNCejhHamlBRRAB,, a month ago on   Google  ,2023-02-10 15:37:11.181702,3.0,Somnath Pawar,0,0,https://www.google.com/maps/contrib/110492951413284542551/reviews?hl=en-US
ChdDSUhNMG9nS0VJQ0FnSUNCOTd6ZnZBRRAB,, a month ago on   Google  ,2023-02-10 15:37:11.183016,4.0,রূপকথার আশীর্বান্বিতা,0,0,https://www.google.com/maps/contrib/117346003299927083631/reviews?hl=en-US
ChdDSUhNMG9nS0VJQ0FnSUNCcV92czNBRRAB,, a month ago on   Google  ,2023-02-10 15:37:11.184226,4.0,Udaysingh Rajebhosale,0,0,https://www.google.com/maps/contrib/100152897368549326891/reviews?hl=en-US
ChdDSUhNMG9nS0VJQ0FnSUNCcTlyWTRRRRAB,, a month ago on   Google  ,2023-02-10 15:37:11.185220,5.0,uday gaikwad,0,0,https://www.google.com/maps/contrib/106585512311249110302/reviews?hl=en-US
ChZDSUhNMG9nS0VJQ0FnSUNCX2JlVklnEAE,, a month ago on   Google  ,2023-02-10 15:37:11.186925,5.0,Navnath Pawar,0,0,https://www.google.com/maps/contrib/103137513929582122046/reviews?hl=en-US
ChZDSUhNMG9nS0VJQ0FnSUNCa2NTc1hBEAE,Very nice, a month ago on   Google  ,2023-02-10 15:37:11.188053,5.0,Asish Ranjan Guha,0,0,https://www.google.com/maps/contrib/106579107737924533653/reviews?hl=en-US
ChZDSUhNMG9nS0VJQ0FnSUNCdHZtT0R3EAE,Excellent Hotel.  Very warm and cooperative staff. Made all arrangements as per our requirement as we had 2 naughty kids along with us. We stayed here on our way to Shirdi (85 km away from here)., a month ago on   Google  ,2023-02-10 15:37:11.189106,5.0,Indrajit Narvenkar,0,0,https://www.google.com/maps/contrib/107945104894308608107/reviews?hl=en-US
ChdDSUhNMG9nS0VJQ0FnSUNCNG8ySXhBRRAB,, a month ago on   Google  ,2023-02-10 15:37:11.190004,2.0,Nadim Bhaldar,0,0,https://www.google.com/maps/contrib/117113665909057442877/reviews?hl=en-US
ChZDSUhNMG9nS0VJQ0FnSUQtd2Z1MGFnEAE,, a month ago on   Google  ,2023-02-10 15:37:11.191068,4.0,rakesh Gandhi,0,0,https://www.google.com/maps/contrib/116048629784708218340/reviews?hl=en-US
ChdDSUhNMG9nS0VJQ0FnSUQtajlYOHBRRRAB,, a month ago on   Google  ,2023-02-10 15:37:11.192088,3.0,Tutu singh,0,0,https://www.google.com/maps/contrib/114524242505342223593/reviews?hl=en-US
ChdDSUhNMG9nS0VJQ0FnSUQtbTZid2dBRRAB,, 2 months ago on   Google  ,2023-02-10 15:37:11.193259,5.0,Chand Shaikh,0,0,https://www.google.com/maps/contrib/100474418527757746463/reviews?hl=en-US
ChdDSUhNMG9nS0VJQ0FnSUQtbzZpRWx3RRAB,, 2 months ago on   Google  ,2023-02-10 15:37:11.194218,5.0,Subhash Tekale,0,0,https://www.google.com/maps/contrib/101882111841441614329/reviews?hl=en-US
ChZDSUhNMG9nS0VJQ0FnSUQtcXV5VUxREAE,, 2 months ago on   Google  ,2023-02-10 15:37:11.195299,5.0,Tayyab Tamboli,0,0,https://www.google.com/maps/contrib/102589069921227089988/reviews?hl=en-US
ChdDSUhNMG9nS0VJQ0FnSUQtdklELXpBRRAB,Good hotels Only problem was Lift was not proper, 2 months ago on   Google  ,2023-02-10 15:37:20.829959,4.0,Sripaad Galphade,0,0,https://www.google.com/maps/contrib/117491754733460675173/reviews?hl=en-US
ChZDSUhNMG9nS0VJQ0FnSUQtcEthb0RnEAE,(Translated by Google) There is a good food arrangement  (Original) ऊत्तम भोजन व्यवस्था आहे, 2 months ago on   Google  ,2023-02-10 15:37:20.831027,5.0,Somnath Harale,0,0,https://www.google.com/maps/contrib/109855620065100384686/reviews?hl=en-US
ChdDSUhNMG9nS0VJQ0FnSUQtcE9MeG53RRAB,Excellent services, 2 months ago on   Google  ,2023-02-10 15:37:20.832137,5.0,Alok Raghav,0,0,https://www.google.com/maps/contrib/111830188612713308490/reviews?hl=en-US
ChZDSUhNMG9nS0VJQ0FnSUMtaDVQQVBnEAE,, 2 months ago on   Google  ,2023-02-10 15:37:20.833422,3.0,Sunil Pathade,0,0,https://www.google.com/maps/contrib/104267546153429815377/reviews?hl=en-US
ChdDSUhNMG9nS0VJQ0FnSUMtMGNmc3R3RRAB,Nice room and services, 3 months ago on   Google  ,2023-02-10 15:37:20.834734,5.0,Amit Jain,0,0,https://www.google.com/maps/contrib/111812643129306329414/reviews?hl=en-US
ChZDSUhNMG9nS0VJQ0FnSUMtcHZ6M2FREAE,"Very bad experience, literally behaviour of their employees were too bad and unacceptable", 3 months ago on   Google  ,2023-02-10 15:37:20.835831,1.0,Aaditya Vardhan,0,0,https://www.google.com/maps/contrib/104864865857391491191/reviews?hl=en-US
ChZDSUhNMG9nS0VJQ0FnSUMtbklHS1JREAE,"Good ambience, and food", 3 months ago on   Google  ,2023-02-10 15:37:20.837165,5.0,Anandkumar Mishra,0,0,https://www.google.com/maps/contrib/117169394221626710614/reviews?hl=en-US
ChZDSUhNMG9nS0VJQ0FnSUMteEphM2ZREAE,, 3 months ago on   Google  ,2023-02-10 15:37:20.838999,5.0,nilesh makasare,0,0,https://www.google.com/maps/contrib/103574580115321987068/reviews?hl=en-US
ChdDSUhNMG9nS0VJQ0FnSUMtOEpPRnZnRRAB,, 3 months ago on   Google  ,2023-02-10 15:37:20.843539,5.0,Zafar Sayyed,0,0,https://www.google.com/maps/contrib/109872123664984578588/reviews?hl=en-US
ChdDSUhNMG9nS0VJQ0FnSURlOTdIRThnRRAB,, 3 months ago on   Google  ,2023-02-10 15:37:20.844755,5.0,Raviraj Gaikwad,0,0,https://www.google.com/maps/contrib/114746600598723504484/reviews?hl=en-US
ChZDSUhNMG9nS0VJQ0FnSURlMi1MYWZREAE,, 3 months ago on   Google  ,2023-02-10 15:37:30.350084,3.0,Sadiya Sameera,0,0,https://www.google.com/maps/contrib/102052591794705760110/reviews?hl=en-US
ChZDSUhNMG9nS0VJQ0FnSURlOWZEb1NBEAE,, 3 months ago on   Google  ,2023-02-10 15:37:30.351369,5.0,Soumyendu Dasgupta,0,0,https://www.google.com/maps/contrib/103667366801514878165/reviews?hl=en-US
ChZDSUhNMG9nS0VJQ0FnSURleG9lbVFREAE,, 4 months ago on   Google  ,2023-02-10 15:37:30.352768,4.0,mandar dhumal,0,0,https://www.google.com/maps/contrib/110186676772637808264/reviews?hl=en-US
ChdDSUhNMG9nS0VJQ0FnSURlekpIM29RRRAB,, 4 months ago on   Google  ,2023-02-10 15:37:30.353963,5.0,Vishal Kundlikar,0,0,https://www.google.com/maps/contrib/103136889251197578605/reviews?hl=en-US
ChZDSUhNMG9nS0VJQ0FnSURlbE9PV0NBEAE,, 4 months ago on   Google  ,2023-02-10 15:37:30.355019,4.0,Ashish Tanti,0,0,https://www.google.com/maps/contrib/100643105607336246743/reviews?hl=en-US
ChdDSUhNMG9nS0VJQ0FnSUNlcTlQWndRRRAB,, 4 months ago on   Google  ,2023-02-10 15:37:30.358415,4.0,Sohail Sarfraj,0,0,https://www.google.com/maps/contrib/109774153001813109574/reviews?hl=en-US
ChZDSUhNMG9nS0VJQ0FnSUNldGFpX2V3EAE,, 4 months ago on   Google  ,2023-02-10 15:37:30.362573,3.0,Rohit Sonawane,0,0,https://www.google.com/maps/contrib/103898117554125547902/reviews?hl=en-US
ChZDSUhNMG9nS0VJQ0FnSUNlLWVfNU5REAE,, 4 months ago on   Google  ,2023-02-10 15:37:30.363824,4.0,Harjeetsingh Wadhwa,0,0,https://www.google.com/maps/contrib/115178842721937601153/reviews?hl=en-US
ChdDSUhNMG9nS0VJQ0FnSUNlNXBlcm5RRRAB,, 4 months ago on   Google  ,2023-02-10 15:37:30.364993,2.0,tejas daware,0,0,https://www.google.com/maps/contrib/116250873862241034985/reviews?hl=en-US
ChdDSUhNMG9nS0VJQ0FnSUNleXUtbm13RRAB,(Translated by Google) Very clean and service is good. Breakfast was good.  (Original) …, 4 months ago on   Google  ,2023-02-10 15:37:30.366008,5.0,Vikas Amrule,0,0,https://www.google.com/maps/contrib/110584171671433347949/reviews?hl=en-US
ChdDSUhNMG9nS0VJQ0FnSUNlZ3VLb3h3RRAB,, 5 months ago on   Google  ,2023-02-10 15:37:39.661663,5.0,Zain. Ali,0,0,https://www.google.com/maps/contrib/109676972889033005980/reviews?hl=en-US
ChZDSUhNMG9nS0VJQ0FnSUNlNkxDY1BnEAE,, 5 months ago on   Google  ,2023-02-10 15:37:39.662694,4.0,Bejoy G Calicut,0,0,https://www.google.com/maps/contrib/102858821224131450292/reviews?hl=en-US
ChZDSUhNMG9nS0VJQ0FnSUNlcUxYVmJREAE,Staff is well supportive and breakfast is also very goof, 5 months ago on   Google  ,2023-02-10 15:37:39.663891,5.0,Chirag Agarwal,0,0,https://www.google.com/maps/contrib/100245528968362648325/reviews?hl=en-US
ChdDSUhNMG9nS0VJQ0FnSUR1czQ3czl3RRAB,, 5 months ago on   Google  ,2023-02-10 15:37:39.664775,2.0,Niraj kumar Dwivedi,0,0,https://www.google.com/maps/contrib/100703676035787669680/reviews?hl=en-US
ChZDSUhNMG9nS0VJQ0FnSUR1NDlHQU93EAE,, 5 months ago on   Google  ,2023-02-10 15:37:39.665792,5.0,Shubhi Singh,0,0,https://www.google.com/maps/contrib/107074528640290303905/reviews?hl=en-US
ChdDSUhNMG9nS0VJQ0FnSUR1LWRiSjBnRRAB,, 5 months ago on   Google  ,2023-02-10 15:37:39.666795,5.0,J K,0,0,https://www.google.com/maps/contrib/103675239345983184697/reviews?hl=en-US
ChZDSUhNMG9nS0VJQ0FnSUR1Nlk2aVZREAE,, 5 months ago on   Google  ,2023-02-10 15:37:39.667993,3.0,Akshay khandale,0,0,https://www.google.com/maps/contrib/108227887688383961655/reviews?hl=en-US
ChZDSUhNMG9nS0VJQ0FnSUR1M29fdUdBEAE,, 5 months ago on   Google  ,2023-02-10 15:37:39.668953,3.0,sonu agrawal,0,0,https://www.google.com/maps/contrib/102508249905108936848/reviews?hl=en-US
ChdDSUhNMG9nS0VJQ0FnSUR1LXNXa2tBRRAB,, 5 months ago on   Google  ,2023-02-10 15:37:39.669820,1.0,shekhar Vedpathak,0,0,https://www.google.com/maps/contrib/117526340306901852634/reviews?hl=en-US
ChZDSUhNMG9nS0VJQ0FnSUR1bW8tWUlnEAE,, 5 months ago on   Google  ,2023-02-10 15:37:39.670723,4.0,Kiran Gaikwad,0,0,https://www.google.com/maps/contrib/118083731091441519030/reviews?hl=en-US
ChZDSUhNMG9nS0VJQ0FnSUR1MHZyWGN3EAE,"One the most pathetic hotel... Rooms are ok but stinking, bathrooms are not clean, and very important staff is very very rude. Never try to even think about staying in this hotel.", 5 months ago on   Google  ,2023-02-10 15:37:48.742760,1.0,Abhinav Singh,0,0,https://www.google.com/maps/contrib/110896500246126450840/reviews?hl=en-US
ChZDSUhNMG9nS0VJQ0FnSUR1OE1pT0pBEAE,Poor service, 5 months ago on   Google  ,2023-02-10 15:37:48.743818,1.0,HEMANT INGALE,0,0,https://www.google.com/maps/contrib/102473904414933070040/reviews?hl=en-US
ChZDSUhNMG9nS0VJQ0FnSUN1cjhyVFRREAE,Love the food and service, 6 months ago on   Google  ,2023-02-10 15:37:48.744775,4.0,vara prasad Venkat,0,0,https://www.google.com/maps/contrib/115132452887452724137/reviews?hl=en-US
ChdDSUhNMG9nS0VJQ0FnSUN1aC02Ynh3RRAB,, 6 months ago on   Google  ,2023-02-10 15:37:48.747689,4.0,Vaibhav Chhapparghare,0,0,https://www.google.com/maps/contrib/107297952320060065413/reviews?hl=en-US
ChZDSUhNMG9nS0VJQ0FnSUN1M3BxYkRREAE,Completely pure veg hotel.., 6 months ago on   Google  ,2023-02-10 15:37:48.748855,4.0,Dr Sachin Patil,0,0,https://www.google.com/maps/contrib/111844911649858352527/reviews?hl=en-US
ChZDSUhNMG9nS0VJQ0FnSUN1bHFPUFZBEAE,, 6 months ago on   Google  ,2023-02-10 15:37:48.749901,4.0,Rashmi Rajan,0,0,https://www.google.com/maps/contrib/109673866213699857301/reviews?hl=en-US
ChZDSUhNMG9nS0VJQ0FnSUN1LUpEWllBEAE,, 6 months ago on   Google  ,2023-02-10 15:37:48.750955,4.0,alok singh,0,0,https://www.google.com/maps/contrib/103683086788879710612/reviews?hl=en-US
ChdDSUhNMG9nS0VJQ0FnSURPXy1pMnJBRRAB,, 6 months ago on   Google  ,2023-02-10 15:37:48.751981,4.0,vaibhav nagargoje,0,0,https://www.google.com/maps/contrib/113144982911026792054/reviews?hl=en-US
ChZDSUhNMG9nS0VJQ0FnSURPel9DLVdnEAE,Experience is good.., 6 months ago on   Google  ,2023-02-10 15:37:48.753024,4.0,Akshay Chordiya,0,0,https://www.google.com/maps/contrib/113534913278683865370/reviews?hl=en-US
ChZDSUhNMG9nS0VJQ0FnSURPNTg2TExREAE,(Translated by Google) Prime location to go to the city  (Original) …, 6 months ago on   Google  ,2023-02-10 15:37:48.754481,4.0,अंबादास जगन्नाथ सानप,0,0,https://www.google.com/maps/contrib/112663228192379263422/reviews?hl=en-US
ChdDSUhNMG9nS0VJQ0FnSURPLWZIaWdBRRAB,, 7 months ago on   Google  ,2023-02-10 15:37:58.267411,5.0,Zia-ul-haq Shaikh,0,0,https://www.google.com/maps/contrib/103192807271861116181/reviews?hl=en-US
ChdDSUhNMG9nS0VJQ0FnSURPNGUzUnlnRRAB,Rooms are good but restorant food quality was not upto the mark., 7 months ago on   Google  ,2023-02-10 15:37:58.268425,3.0,ashish more,0,0,https://www.google.com/maps/contrib/107767893594653478706/reviews?hl=en-US
ChdDSUhNMG9nS0VJQ0FnSURPdHZQYmhnRRAB,, 7 months ago on   Google  ,2023-02-10 15:37:58.269441,3.0,raju yewale,0,0,https://www.google.com/maps/contrib/107634216649574685455/reviews?hl=en-US
ChdDSUhNMG9nS0VJQ0FnSURPdU1XTnhnRRAB,Food, 7 months ago on   Google  ,2023-02-10 15:37:58.270396,1.0,Prem Kalani,0,0,https://www.google.com/maps/contrib/116556315266859877859/reviews?hl=en-US
ChZDSUhNMG9nS0VJQ0FnSURPeUxYTklnEAE,, 7 months ago on   Google  ,2023-02-10 15:37:58.271424,5.0,Priyesh Singh,0,0,https://www.google.com/maps/contrib/117525496191261331905/reviews?hl=en-US
ChZDSUhNMG9nS0VJQ0FnSURPc0tLYmRREAE,, 7 months ago on   Google  ,2023-02-10 15:37:58.272390,5.0,anmol dubey,0,0,https://www.google.com/maps/contrib/111753102673279348190/reviews?hl=en-US
ChdDSUhNMG9nS0VJQ0FnSUNPLTlQNTBRRRAB,, 7 months ago on   Google  ,2023-02-10 15:37:58.273494,4.0,TECHFACT ENGINEER,0,0,https://www.google.com/maps/contrib/112055221378551860297/reviews?hl=en-US
ChdDSUhNMG9nS0VJQ0FnSUNPc1pMVzRnRRAB,Very Good, 7 months ago on   Google  ,2023-02-10 15:37:58.274581,4.0,Nitin Gayakwadpatil,0,0,https://www.google.com/maps/contrib/102582970775371955622/reviews?hl=en-US
ChZDSUhNMG9nS0VJQ0FnSUNPanNIUkFREAE,, 8 months ago on   Google  ,2023-02-10 15:37:58.275527,3.0,gnm rao,0,0,https://www.google.com/maps/contrib/101468830553028844527/reviews?hl=en-US
ChZDSUhNMG9nS0VJQ0FnSUNPNnNYNkRREAE,Everything is good, 8 months ago on   Google  ,2023-02-10 15:37:58.276558,5.0,Sohail Hussain Siddiqui,0,0,https://www.google.com/maps/contrib/111079968158623159079/reviews?hl=en-US
ChZDSUhNMG9nS0VJQ0FnSUQybjdEaURBEAE,It was a pleasant stay. I visited wid my family. Rooms are neat and clean. Hotel staff was polite and friendly. Complimentary breakfast which they provide has variety of dishes. Overall a good experience., 8 months ago on   Google  ,2023-02-10 15:38:07.896089,4.0,Rohan Pardeshi,0,0,https://www.google.com/maps/contrib/103062719880850027950/reviews?hl=en-US
ChdDSUhNMG9nS0VJQ0FnSUNPMG9qZ2h3RRAB,, 8 months ago on   Google  ,2023-02-10 15:38:07.897078,5.0,Chatur Bagayat,0,0,https://www.google.com/maps/contrib/100417872803430718238/reviews?hl=en-US
ChdDSUhNMG9nS0VJQ0FnSUNPM05ISGlBRRAB,, 8 months ago on   Google  ,2023-02-10 15:38:07.897986,4.0,Sujay “Meditation Music Channel” Dantale,0,0,https://www.google.com/maps/contrib/118235982430809390442/reviews?hl=en-US
ChdDSUhNMG9nS0VJQ0FnSUNPak96RXJRRRAB,Pathetic service not all menues are available and -0 rating, 8 months ago on   Google  ,2023-02-10 15:38:07.899062,1.0,Sailee Salunke,0,0,https://www.google.com/maps/contrib/115214879520480212283/reviews?hl=en-US
ChZDSUhNMG9nS0VJQ0FnSUQyamRLZlBBEAE,, 8 months ago on   Google  ,2023-02-10 15:38:07.900147,3.0,Prashant Vardhulkar,0,0,https://www.google.com/maps/contrib/109407215539259318172/reviews?hl=en-US
ChdDSUhNMG9nS0VJQ0FnSUQyeGVlanNBRRAB,Very very nice too stay, 8 months ago on   Google  ,2023-02-10 15:38:07.901018,5.0,Wasim Singhania,0,0,https://www.google.com/maps/contrib/107129927962174363582/reviews?hl=en-US
ChZDSUhNMG9nS0VJQ0FnSUQya2RDVVJ3EAE,, 8 months ago on   Google  ,2023-02-10 15:38:07.901894,3.0,Dhanshri Hire,0,0,https://www.google.com/maps/contrib/105198389220263971063/reviews?hl=en-US
ChZDSUhNMG9nS0VJQ0FnSUQybXBpTU9BEAE,, 8 months ago on   Google  ,2023-02-10 15:38:07.902708,5.0,samrat deshmukh,0,0,https://www.google.com/maps/contrib/106896210994111837751/reviews?hl=en-US
ChZDSUhNMG9nS0VJQ0FnSUQyc3R2VlJBEAE,, 8 months ago on   Google  ,2023-02-10 15:38:07.903599,4.0,Bhinvraj Suthar,0,0,https://www.google.com/maps/contrib/118024471093693257018/reviews?hl=en-US
ChdDSUhNMG9nS0VJQ0FnSUQya3RmYmhnRRAB,, 8 months ago on   Google  ,2023-02-10 15:38:07.904557,5.0,Amit Walunj,0,0,https://www.google.com/maps/contrib/104028368788380419781/reviews?hl=en-US
ChdDSUhNMG9nS0VJQ0FnSUQyZ3VIUF93RRAB,, 9 months ago on   Google  ,2023-02-10 15:38:17.238874,1.0,Sarang Fand,0,0,https://www.google.com/maps/contrib/111842266806859048966/reviews?hl=en-US
ChdDSUhNMG9nS0VJQ0FnSUQyX051amp3RRAB,, 9 months ago on   Google  ,2023-02-10 15:38:17.240281,5.0,Rushikesh Hande,0,0,https://www.google.com/maps/contrib/102820482433995328441/reviews?hl=en-US
ChZDSUhNMG9nS0VJQ0FnSUQydEtyR05REAE,, 9 months ago on   Google  ,2023-02-10 15:38:17.241831,3.0,Swapnil Thorat,0,0,https://www.google.com/maps/contrib/107830874739036679935/reviews?hl=en-US
ChZDSUhNMG9nS0VJQ0FnSUQyNUxHRFR3EAE,, 9 months ago on   Google  ,2023-02-10 15:38:17.243346,4.0,Suhas Gaikwad,0,0,https://www.google.com/maps/contrib/111490029643921239285/reviews?hl=en-US
ChdDSUhNMG9nS0VJQ0FnSUQyc05YLWxnRRAB,Good behavior staff and food quality Awesome, 9 months ago on   Google  ,2023-02-10 15:38:17.248907,5.0,Ayan Naskar,0,0,https://www.google.com/maps/contrib/116841817360187576915/reviews?hl=en-US
ChdDSUhNMG9nS0VJQ0FnSUQyME1idXd3RRAB,, 9 months ago on   Google  ,2023-02-10 15:38:17.254021,5.0,Rahul Kandake,0,0,https://www.google.com/maps/contrib/112020646801880240775/reviews?hl=en-US
ChZDSUhNMG9nS0VJQ0FnSUMyb18zZUhBEAE,"Nice in taste. Peaceful,less crowded.", 9 months ago on   Google  ,2023-02-10 15:38:17.258997,5.0,Atharva sarda,0,0,https://www.google.com/maps/contrib/100619425447603635008/reviews?hl=en-US
ChdDSUhNMG9nS0VJQ0FnSUMyLV9ucG1BRRAB,Great location. Good spacious rooms. Good service. Only bathroom could have been cleaner., 9 months ago on   Google  ,2023-02-10 15:38:17.260423,4.0,Pankhuri Gupta,0,0,https://www.google.com/maps/contrib/115289041456812746526/reviews?hl=en-US
ChdDSUhNMG9nS0VJQ0FnSUMyb183RGdnRRAB,, 9 months ago on   Google  ,2023-02-10 15:38:17.262131,2.0,shafeek shaikh,0,0,https://www.google.com/maps/contrib/112032527354967349177/reviews?hl=en-US
ChdDSUhNMG9nS0VJQ0FnSUMyMWVuVmdnRRAB,, 9 months ago on   Google  ,2023-02-10 15:38:17.266412,4.0,Nikhil Ponkshe,0,0,https://www.google.com/maps/contrib/108799338668545954802/reviews?hl=en-US
ChZDSUhNMG9nS0VJQ0FnSUMybWJpaEhnEAE,, 9 months ago on   Google  ,2023-02-10 15:38:26.821335,4.0,Pramod godse,0,0,https://www.google.com/maps/contrib/106555289025224428859/reviews?hl=en-US
ChRDSUhNMG9nS0VJQ0FnSUMya2FJMRAB,Restaurants is not upto the mark, 9 months ago on   Google  ,2023-02-10 15:38:26.822391,1.0,rajendra dhore,0,0,https://www.google.com/maps/contrib/108196626281252447069/reviews?hl=en-US
ChdDSUhNMG9nS0VJQ0FnSUMydHJ2R3RnRRAB,, 9 months ago on   Google  ,2023-02-10 15:38:26.823393,5.0,Omkar Wagh,0,0,https://www.google.com/maps/contrib/113361699468970874859/reviews?hl=en-US
ChdDSUhNMG9nS0VJQ0FnSUMyb28td3d3RRAB,, 9 months ago on   Google  ,2023-02-10 15:38:26.824372,3.0,Pravin Bharambe,0,0,https://www.google.com/maps/contrib/112705772596413633345/reviews?hl=en-US
ChdDSUhNMG9nS0VJQ0FnSUMyM1B5a3VBRRAB,Best, 9 months ago on   Google  ,2023-02-10 15:38:26.825379,5.0,Dnyandeo Bhange,0,0,https://www.google.com/maps/contrib/113710255291415476807/reviews?hl=en-US
ChdDSUhNMG9nS0VJQ0FnSUMybk9TY2lnRRAB,Good Hotel to stay in budget.Good support staff. Food quality is above average.Pricing is ok. Complementary break fast is ok., 9 months ago on   Google  ,2023-02-10 15:38:26.826338,4.0,Anand Chavan,0,0,https://www.google.com/maps/contrib/108374476737415225119/reviews?hl=en-US
ChdDSUhNMG9nS0VJQ0FnSUMyLU5DUDdBRRAB,Good hotel in tuljapur, 9 months ago on   Google  ,2023-02-10 15:38:26.827350,4.0,Ranjit Singh Deol,0,0,https://www.google.com/maps/contrib/112123128905084874936/reviews?hl=en-US
ChdDSUhNMG9nS0VJQ0FnSUMycUozcTVnRRAB,"Very nice place for stay ..... for dinner / lunch, use the main restaurant ..... Value for money ..... Courteous staff .....", 9 months ago on   Google  ,2023-02-10 15:38:26.828304,5.0,Vinayak Vagal,0,0,https://www.google.com/maps/contrib/116638257544996813554/reviews?hl=en-US
ChdDSUhNMG9nS0VJQ0FnSURXM2VHU3BnRRAB,, 10 months ago on   Google  ,2023-02-10 15:38:26.829297,5.0,Ajit Lonkar,0,0,https://www.google.com/maps/contrib/116467793453417309092/reviews?hl=en-US
ChdDSUhNMG9nS0VJQ0FnSURXa2R2S2dnRRAB,Service bhangar, 10 months ago on   Google  ,2023-02-10 15:38:26.830228,1.0,kumthekar akshay,0,0,https://www.google.com/maps/contrib/109135355735172965960/reviews?hl=en-US
ChdDSUhNMG9nS0VJQ0FnSURXNXViOTdnRRAB,, 10 months ago on   Google  ,2023-02-10 15:38:36.214257,5.0,Shrishael Belgavi,0,0,https://www.google.com/maps/contrib/110242114664582006926/reviews?hl=en-US
ChdDSUhNMG9nS0VJQ0FnSURXbU4ySS1RRRAB,"Good stay, staff is cooperative.. good service, also a good parking place", 10 months ago on   Google  ,2023-02-10 15:38:36.215187,5.0,Pankaj A.H.,0,0,https://www.google.com/maps/contrib/111046670349177222169/reviews?hl=en-US
ChZDSUhNMG9nS0VJQ0FnSUNXcThmY2V3EAE,, 11 months ago on   Google  ,2023-02-10 15:38:36.216199,5.0,Abhijit Nayak,0,0,https://www.google.com/maps/contrib/108609443670567627381/reviews?hl=en-US
ChdDSUhNMG9nS0VJQ0FnSUNXczU3aGt3RRAB,, 11 months ago on   Google  ,2023-02-10 15:38:36.217135,5.0,Pandhari Somase,0,0,https://www.google.com/maps/contrib/115384710288657265043/reviews?hl=en-US
ChdDSUhNMG9nS0VJQ0FnSUNXMC1lVjV3RRAB,"Stay is ok ok not so good not so bad we had taken ac deluxe room but later on it was not working so we got the refund by paying rent of non ac deluxe also talking about complimentary breakfast they served was upma,dosa,uttapam which was not again tasty the service here is pathetic of the restaurant", 11 months ago on   Google  ,2023-02-10 15:38:36.218023,2.0,309 _SAWANT HITESH BALARAM,0,0,https://www.google.com/maps/contrib/113446102614305282601/reviews?hl=en-US
ChZDSUhNMG9nS0VJQ0FnSUNXOGFQNlRnEAE,, 11 months ago on   Google  ,2023-02-10 15:38:36.218964,4.0,dx boys,0,0,https://www.google.com/maps/contrib/110668301879194943141/reviews?hl=en-US
ChZDSUhNMG9nS0VJQ0FnSUNXOFlPb2RBEAE,, 11 months ago on   Google  ,2023-02-10 15:38:36.219814,5.0,Manish Shah,0,0,https://www.google.com/maps/contrib/112010217103337409610/reviews?hl=en-US
ChdDSUhNMG9nS0VJQ0FnSUNXOGE2NTFRRRAB,hotel is very nice i love to have dinner there, 11 months ago on   Google  ,2023-02-10 15:38:36.220682,4.0,Sohel Shaikh,0,0,https://www.google.com/maps/contrib/103897565976294446127/reviews?hl=en-US
ChdDSUhNMG9nS0VJQ0FnSUNXeHJHQjJBRRAB,, 11 months ago on   Google  ,2023-02-10 15:38:36.221781,3.0,Shanthi Karunakaran,0,0,https://www.google.com/maps/contrib/101255205156903224754/reviews?hl=en-US
ChZDSUhNMG9nS0VJQ0FnSUNXZ3MyR1l3EAE,, 11 months ago on   Google  ,2023-02-10 15:38:36.222888,1.0,Bala Murugan R,0,0,https://www.google.com/maps/contrib/101028745215997589351/reviews?hl=en-US
ChZDSUhNMG9nS0VJQ0FnSUNXX0tLY2VREAE,, 11 months ago on   Google  ,2023-02-10 15:38:45.619731,4.0,Amey Chaphekar,0,0,https://www.google.com/maps/contrib/101018290693585877695/reviews?hl=en-US
ChZDSUhNMG9nS0VJQ0FnSUNXckk2UEZREAE,Food Quality Is Verry Bad, 11 months ago on   Google  ,2023-02-10 15:38:45.620686,1.0,Vicky Jaiswal,0,0,https://www.google.com/maps/contrib/106158201579405830773/reviews?hl=en-US
ChdDSUhNMG9nS0VJQ0FnSUNXekp5ZXV3RRAB,(Translated by Google) Everything is bad and there is also a location.  (Original) …, 11 months ago on   Google  ,2023-02-10 15:38:45.621614,5.0,Wahid Lala Qureshi,0,0,https://www.google.com/maps/contrib/104807079721166859067/reviews?hl=en-US
ChZDSUhNMG9nS0VJQ0FnSUNXaElHMll3EAE,, 11 months ago on   Google  ,2023-02-10 15:38:45.622547,5.0,Kiran Khawse,0,0,https://www.google.com/maps/contrib/118028999898030437263/reviews?hl=en-US
ChdDSUhNMG9nS0VJQ0FnSUNXNFBTNXRBRRAB,Best and nice food 5⭐ stars, 11 months ago on   Google  ,2023-02-10 15:38:45.623515,5.0,Deepali Giri,0,0,https://www.google.com/maps/contrib/112622566381929641631/reviews?hl=en-US
ChdDSUhNMG9nS0VJQ0FnSURtcjlLLWxnRRAB,Good, 11 months ago on   Google  ,2023-02-10 15:38:45.625900,5.0,Mahammad Shameer Jatti,0,0,https://www.google.com/maps/contrib/106352590918090258405/reviews?hl=en-US
ChdDSUhNMG9nS0VJQ0FnSURtMTRhY213RRAB,"Last time they played game with Food. This time, it's with Check out Amount. I came here with Goibibo. Counter men Double Charge the Amount while Check out. Definitely it is one of the Good choices in hotels in Ahmednagar as it is close …", 11 months ago on   Google  ,2023-02-10 15:38:45.626910,1.0,Private Account (Archive),0,0,https://www.google.com/maps/contrib/109692282446865654433/reviews?hl=en-US
ChZDSUhNMG9nS0VJQ0FnSURtMTVQYlRnEAE,Our family members visited Gulmohar Pride.We all had very very bad experience.Food  quality was worst.No one was happy.Even 5 year grandson remarked as KHATRA  food., 11 months ago on   Google  ,2023-02-10 15:38:45.627766,1.0,Vinayak Joshi,0,0,https://www.google.com/maps/contrib/108458722098618790449/reviews?hl=en-US
ChdDSUhNMG9nS0VJQ0FnSURtaDVIaWt3RRAB,, 11 months ago on   Google  ,2023-02-10 15:38:45.628645,1.0,Mohammad Shareef,0,0,https://www.google.com/maps/contrib/116047041623367020555/reviews?hl=en-US
ChZDSUhNMG9nS0VJQ0FnSURtMDlQTFh3EAE,God, a year ago on   Google  ,2023-02-10 15:38:45.629515,5.0,KISAN TAVHARE,0,0,https://www.google.com/maps/contrib/109396454847713189757/reviews?hl=en-US
ChdDSUhNMG9nS0VJQ0FnSURtZzVmdXBRRRAB,Nice hotel to stay, a year ago on   Google  ,2023-02-10 15:38:55.196644,5.0,Aryan,0,0,https://www.google.com/maps/contrib/114934210193271154503/reviews?hl=en-US
ChdDSUhNMG9nS0VJQ0FnSURtaGJLdjRBRRAB,Hygiene place to stay, a year ago on   Google  ,2023-02-10 15:38:55.197623,4.0,Dev,0,0,https://www.google.com/maps/contrib/111919204360260222428/reviews?hl=en-US
ChdDSUhNMG9nS0VJQ0FnSURtLWY2MTdRRRAB,, a year ago on   Google  ,2023-02-10 15:38:55.198487,5.0,opwell ceramic,0,0,https://www.google.com/maps/contrib/104746367503969295393/reviews?hl=en-US
ChZDSUhNMG9nS0VJQ0FnSURtLVliOU9REAE,, a year ago on   Google  ,2023-02-10 15:38:55.199345,2.0,Bhanu Katre,0,0,https://www.google.com/maps/contrib/107888888368187432779/reviews?hl=en-US
ChZDSUhNMG9nS0VJQ0FnSURtenFYZU5REAE,"Not too good for eating purpose 😑😑, service not good at all 8 persons bill goes up to 1109₹ minimum .......also need to improve the food quality as well as quantity..do not go to ruin a special day , interior is no doubt good but the moto people go in hotel is to eat. …", a year ago on   Google  ,2023-02-10 15:38:55.200290,2.0,SHREYAS THOKALE,0,0,https://www.google.com/maps/contrib/104470931921090853644/reviews?hl=en-US
ChZDSUhNMG9nS0VJQ0FnSURtenNYUGNnEAE,So rude toilet is two Darty Worst service, a year ago on   Google  ,2023-02-10 15:38:55.201245,1.0,Namit Patil,0,0,https://www.google.com/maps/contrib/116548400067612993290/reviews?hl=en-US
ChZDSUhNMG9nS0VJQ0FnSURtOXAyNVN3EAE,"Good, clean hotel. Nice stafff. Good service and food.", a year ago on   Google  ,2023-02-10 15:38:55.202358,4.0,Mahesh Nandanpawar,0,0,https://www.google.com/maps/contrib/114052562173948907722/reviews?hl=en-US
ChdDSUhNMG9nS0VJQ0FnSURtOXBuYXJBRRAB,, a year ago on   Google  ,2023-02-10 15:38:55.203247,5.0,Aqid S,0,0,https://www.google.com/maps/contrib/113091554534423446064/reviews?hl=en-US
ChdDSUhNMG9nS0VJQ0FnSURtNXJqeW1nRRAB,, a year ago on   Google  ,2023-02-10 15:38:55.204173,4.0,Sachin Gadekar,0,0,https://www.google.com/maps/contrib/105672515220453928817/reviews?hl=en-US
ChdDSUhNMG9nS0VJQ0FnSURtclB6Zm9BRRAB,, a year ago on   Google  ,2023-02-10 15:38:55.205266,5.0,Vishal Patil,0,0,https://www.google.com/maps/contrib/105062940636741836210/reviews?hl=en-US
ChZDSUhNMG9nS0VJQ0FnSURtMkxPZFl3EAE,Nice, a year ago on   Google  ,2023-02-10 15:39:05.042231,3.0,Sohail DECCAN,0,0,https://www.google.com/maps/contrib/102621880406857827323/reviews?hl=en-US
ChZDSUhNMG9nS0VJQ0FnSURtMk9QMFdnEAE,, a year ago on   Google  ,2023-02-10 15:39:05.043329,5.0,Sagar Mehetre,0,0,https://www.google.com/maps/contrib/102165071319742904494/reviews?hl=en-US
ChdDSUhNMG9nS0VJQ0FnSURtb0k3dTFBRRAB,"Best Hotel to stay in Ahmednagar, Clean and fresh ambiance.", a year ago on   Google  ,2023-02-10 15:39:05.044482,5.0,jayant sangale,0,0,https://www.google.com/maps/contrib/109556131483554082249/reviews?hl=en-US
ChdDSUhNMG9nS0VJQ0FnSUNteC1PdHhBRRAB,, a year ago on   Google  ,2023-02-10 15:39:05.045551,4.0,SHREYA YADAV,0,0,https://www.google.com/maps/contrib/116480176995808692181/reviews?hl=en-US
ChdDSUhNMG9nS0VJQ0FnSUNtNDRXTXRBRRAB,, a year ago on   Google  ,2023-02-10 15:39:05.046475,5.0,avi shinde,0,0,https://www.google.com/maps/contrib/111389909061577500900/reviews?hl=en-US
ChZDSUhNMG9nS0VJQ0FnSUNtaWUzNVFREAE,, a year ago on   Google  ,2023-02-10 15:39:05.047379,4.0,Ganesh Pawar,0,0,https://www.google.com/maps/contrib/101196093784020925152/reviews?hl=en-US
ChdDSUhNMG9nS0VJQ0FnSUNtdHZUYWhnRRAB,, a year ago on   Google  ,2023-02-10 15:39:05.048391,5.0,Pradeep NIKAM,0,0,https://www.google.com/maps/contrib/100948293280387894421/reviews?hl=en-US
ChdDSUhNMG9nS0VJQ0FnSUNtcHR5cXJ3RRAB,, a year ago on   Google  ,2023-02-10 15:39:05.049607,3.0,Kishor Shivgunde,0,0,https://www.google.com/maps/contrib/107676486531084980227/reviews?hl=en-US
ChZDSUhNMG9nS0VJQ0FnSUNtdXJXd1l3EAE,"Good approach, well staff", a year ago on   Google  ,2023-02-10 15:39:05.051135,4.0,airpula deva kranthi kumar,0,0,https://www.google.com/maps/contrib/104533235177818073138/reviews?hl=en-US
ChdDSUhNMG9nS0VJQ0FnSUNta3BIQW9nRRAB,, a year ago on   Google  ,2023-02-10 15:39:05.052252,3.0,mr. rahul_dhadage,0,0,https://www.google.com/maps/contrib/116762904150496944272/reviews?hl=en-US
ChdDSUhNMG9nS0VJQ0FnSUNtM0xXM3JRRRAB,Hygiene ok Food good Breakfast limited an slow service …, a year ago on   Google  ,2023-02-10 15:39:14.132201,3.0,Edward Fernandes,0,0,https://www.google.com/maps/contrib/111983587420003201492/reviews?hl=en-US
ChdDSUhNMG9nS0VJQ0FnSUNtb01Ub2dBRRAB,Nice food quality. Liked it., a year ago on   Google  ,2023-02-10 15:39:14.133273,4.0,Bhal Kulkarni,0,0,https://www.google.com/maps/contrib/106913989912795936054/reviews?hl=en-US
ChdDSUhNMG9nS0VJQ0FnSURHcl9Dajh3RRAB,, a year ago on   Google  ,2023-02-10 15:39:14.134178,1.0,Siddhant Kamble,0,0,https://www.google.com/maps/contrib/104230962301307590514/reviews?hl=en-US
ChdDSUhNMG9nS0VJQ0FnSURHNWRxbzBnRRAB,, a year ago on   Google  ,2023-02-10 15:39:14.135080,4.0,Arti Singh,0,0,https://www.google.com/maps/contrib/114955241850006150530/reviews?hl=en-US
ChdDSUhNMG9nS0VJQ0FnSURHcFplWWxBRRAB,Nice and clean hotel...complimentory breakfast best, a year ago on   Google  ,2023-02-10 15:39:14.136061,4.0,Rraju gavvali,0,0,https://www.google.com/maps/contrib/104181092890107020918/reviews?hl=en-US
ChZDSUhNMG9nS0VJQ0FnSURHcm9hLWJnEAE,"I ordered Vanila Ice-cream, They gave Pista. Ordered Tomato Soup, They Gave Manchurian Soup. I ordered Veg Thali, They Gave me Something which I didn't even know. Rooms are very great.  But Room service is something I did not recommended.", a year ago on   Google  ,2023-02-10 15:39:14.137287,1.0,Ashutosh Tilak,0,0,https://www.google.com/maps/contrib/112344905737354802152/reviews?hl=en-US
ChdDSUhNMG9nS0VJQ0FnSURHanVieC1RRRAB,Great service and restaurant food. The staff was very cooperative, a year ago on   Google  ,2023-02-10 15:39:14.138204,5.0,krishnakant vishwakarma,0,0,https://www.google.com/maps/contrib/111926024007085927221/reviews?hl=en-US
ChZDSUhNMG9nS0VJQ0FnSURHdHFTZEZBEAE,Stayed in the hotel while on work trip to Ahmednagar. Budget hotel with good service. Food was good and service was fast. …, a year ago on   Google  ,2023-02-10 15:39:14.139128,5.0,Bricks for Brands,0,0,https://www.google.com/maps/contrib/117662959603830995991/reviews?hl=en-US
ChZDSUhNMG9nS0VJQ0FnSURHeHFYNEl3EAE,Excellent, a year ago on   Google  ,2023-02-10 15:39:14.140053,5.0,harish annaswamy,0,0,https://www.google.com/maps/contrib/110430728016179488381/reviews?hl=en-US
ChZDSUhNMG9nS0VJQ0FnSURHekpIT1p3EAE,, a year ago on   Google  ,2023-02-10 15:39:14.141055,5.0,Ashish Panat,0,0,https://www.google.com/maps/contrib/110799111966304787090/reviews?hl=en-US
ChZDSUhNMG9nS0VJQ0FnSURHak12V0NREAE,"Good for stay, location was good, food quality is good, only issue in car parking", a year ago on   Google  ,2023-02-10 15:39:23.988042,4.0,amol mhatre,0,0,https://www.google.com/maps/contrib/104132345330951952064/reviews?hl=en-US
ChdDSUhNMG9nS0VJQ0FnSURHbE5ia3B3RRAB,, a year ago on   Google  ,2023-02-10 15:39:23.989431,3.0,asif khan,0,0,https://www.google.com/maps/contrib/110570822218468177998/reviews?hl=en-US
ChZDSUhNMG9nS0VJQ0FnSURHaE5xNk1BEAE,, a year ago on   Google  ,2023-02-10 15:39:23.990487,3.0,mukta mulay,0,0,https://www.google.com/maps/contrib/103288562647830561713/reviews?hl=en-US
ChZDSUhNMG9nS0VJQ0FnSURHb05tUUxBEAE,Kabab, a year ago on   Google  ,2023-02-10 15:39:23.991582,4.0,firoz khan,0,0,https://www.google.com/maps/contrib/117745099958839037578/reviews?hl=en-US
ChdDSUhNMG9nS0VJQ0FnSUNHLTVqSWhnRRAB,, a year ago on   Google  ,2023-02-10 15:39:23.992995,5.0,Sikandar Shaikh,0,0,https://www.google.com/maps/contrib/107354155270012058212/reviews?hl=en-US
ChdDSUhNMG9nS0VJQ0FnSUNHdV9MSTl3RRAB,, a year ago on   Google  ,2023-02-10 15:39:23.994098,4.0,Sayali Nalawade,0,0,https://www.google.com/maps/contrib/108193847813818290413/reviews?hl=en-US
ChZDSUhNMG9nS0VJQ0FnSUNHbzRpZUxnEAE,Room service was worst. They start their kitchen at 8 am. Meaning if one has a flight to catch at 7.. Will have to leave the place empty stomach, a year ago on   Google  ,2023-02-10 15:39:23.995268,2.0,Richa Agarwal,0,0,https://www.google.com/maps/contrib/112977219981498176550/reviews?hl=en-US
ChZDSUhNMG9nS0VJQ0FnSUNHd2NlaVdBEAE,, a year ago on   Google  ,2023-02-10 15:39:23.996281,5.0,Ankit Mishra,0,0,https://www.google.com/maps/contrib/111628898022148457395/reviews?hl=en-US
ChZDSUhNMG9nS0VJQ0FnSUNHZ2VyZkt3EAE,, a year ago on   Google  ,2023-02-10 15:39:23.997684,5.0,Advramprasad Solanke,0,0,https://www.google.com/maps/contrib/115381360941669837941/reviews?hl=en-US
ChZDSUhNMG9nS0VJQ0FnSUNHenUtR1hBEAE,, a year ago on   Google  ,2023-02-10 15:39:24.002597,5.0,Ankit Mishra,0,0,https://www.google.com/maps/contrib/100243539520578912640/reviews?hl=en-US
ChdDSUhNMG9nS0VJQ0FnSUNHdXVmRDJRRRAB,, a year ago on   Google  ,2023-02-10 15:39:33.348457,4.0,Nishant Dhage,0,0,https://www.google.com/maps/contrib/104871197248287973739/reviews?hl=en-US
ChdDSUhNMG9nS0VJQ0FnSUNHak5fR3R3RRAB,"If you are going for having a meal, pls avoid this hotel. I visited recently & got disappointed. Many food items from menu card were not available. …", a year ago on   Google  ,2023-02-10 15:39:33.354059,2.0,Shailesh Bankar,0,0,https://www.google.com/maps/contrib/117886207837288877727/reviews?hl=en-US
ChdDSUhNMG9nS0VJQ0FnSUNHMU52Tl93RRAB,Nice, a year ago on   Google  ,2023-02-10 15:39:33.355847,5.0,mahesh borude,0,0,https://www.google.com/maps/contrib/109758533829399986642/reviews?hl=en-US
ChZDSUhNMG9nS0VJQ0FnSUNHcFA3M1ZnEAE,Ok quality, a year ago on   Google  ,2023-02-10 15:39:33.357105,2.0,vivek badekar,0,0,https://www.google.com/maps/contrib/118040831571025742435/reviews?hl=en-US
ChZDSUhNMG9nS0VJQ0FnSUNHcUplSlJnEAE,Nice place for family and friends. Service is very good., a year ago on   Google  ,2023-02-10 15:39:33.358181,5.0,Mohanish Shethji,0,0,https://www.google.com/maps/contrib/116273638363347782349/reviews?hl=en-US
ChZDSUhNMG9nS0VJQ0FnSUNHNE91SEhREAE,Bad hospitality, a year ago on   Google  ,2023-02-10 15:39:33.359240,1.0,Yogesh Shejul,0,0,https://www.google.com/maps/contrib/104010760138694543095/reviews?hl=en-US
ChdDSUhNMG9nS0VJQ0FnSUQ2XzVqMzR3RRAB,, a year ago on   Google  ,2023-02-10 15:39:33.360409,5.0,AMOL MADIWAL,0,0,https://www.google.com/maps/contrib/116050497976772761794/reviews?hl=en-US
ChdDSUhNMG9nS0VJQ0FnSUQ2djV6aHJRRRAB,10year, a year ago on   Google  ,2023-02-10 15:39:33.361888,1.0,Mohammad Ali,0,0,https://www.google.com/maps/contrib/100552332639450202780/reviews?hl=en-US
ChdDSUhNMG9nS0VJQ0FnSUQ2MTRMcTNnRRAB,Clean, a year ago on   Google  ,2023-02-10 15:39:33.363663,4.0,Dr Nilofar Inamdar,0,0,https://www.google.com/maps/contrib/114370080694660500239/reviews?hl=en-US
ChZDSUhNMG9nS0VJQ0FnSUQ2aDUtTkpBEAE,, a year ago on   Google  ,2023-02-10 15:39:33.364989,5.0,Falcon Mumbai,0,0,https://www.google.com/maps/contrib/115531422837646038468/reviews?hl=en-US
ChZDSUhNMG9nS0VJQ0FnSUQ2bTVPQ2RREAE,, a year ago on   Google  ,2023-02-10 15:39:42.855898,5.0,Renuka Ghodke,0,0,https://www.google.com/maps/contrib/114865199924857546166/reviews?hl=en-US
ChZDSUhNMG9nS0VJQ0FnSUQ2dmFtLVJREAE,Nice, a year ago on   Google  ,2023-02-10 15:39:42.856984,4.0,InFonTy - メ,0,0,https://www.google.com/maps/contrib/110253457373426725270/reviews?hl=en-US
ChZDSUhNMG9nS0VJQ0FnSUQ2bmRqUFlnEAE,, a year ago on   Google  ,2023-02-10 15:39:42.858028,1.0,Arvind PRAKASH,0,0,https://www.google.com/maps/contrib/116343427291841659757/reviews?hl=en-US
ChZDSUhNMG9nS0VJQ0FnSUQ2LWFUS0pREAE,, a year ago on   Google  ,2023-02-10 15:39:42.858921,5.0,Pratik Gadave,0,0,https://www.google.com/maps/contrib/103813325525644123006/reviews?hl=en-US
ChdDSUhNMG9nS0VJQ0FnSUQ2NXVLZWhRRRAB,Nice place, a year ago on   Google  ,2023-02-10 15:39:42.859864,5.0,Asif Inamdar,0,0,https://www.google.com/maps/contrib/104863120617958850789/reviews?hl=en-US
ChZDSUhNMG9nS0VJQ0FnSUQ2cHFuSlp3EAE,Fantastic experience, a year ago on   Google  ,2023-02-10 15:39:42.860845,5.0,Subhajeet Kumar Das,0,0,https://www.google.com/maps/contrib/117282920297236638438/reviews?hl=en-US
ChZDSUhNMG9nS0VJQ0FnSUQ2MnRuX013EAE,, a year ago on   Google  ,2023-02-10 15:39:42.861753,5.0,Bharat jat,0,0,https://www.google.com/maps/contrib/106460372348449253880/reviews?hl=en-US
ChdDSUhNMG9nS0VJQ0FnSUQ2MHZ1Ymx3RRAB,"Best food quality, best services,this hotel one more quality  is food in less price", a year ago on   Google  ,2023-02-10 15:39:42.862643,5.0,M K,0,0,https://www.google.com/maps/contrib/106092992821467042672/reviews?hl=en-US
ChZDSUhNMG9nS0VJQ0FnSUM2dF9UR0d3EAE,, a year ago on   Google  ,2023-02-10 15:39:42.863564,5.0,Abhishek Rana,0,0,https://www.google.com/maps/contrib/114397573341774312818/reviews?hl=en-US
ChZDSUhNMG9nS0VJQ0FnSUM2ODlyVVBnEAE,❤❤, a year ago on   Google  ,2023-02-10 15:39:42.864508,1.0,shubham markad,0,0,https://www.google.com/maps/contrib/106395268874440213935/reviews?hl=en-US
ChZDSUhNMG9nS0VJQ0FnSUM2MDZTb2RBEAE,✌️🖤 …, a year ago on   Google  ,2023-02-10 15:39:52.148343,5.0,Kiran Kore - Mali,0,0,https://www.google.com/maps/contrib/105533618772740357171/reviews?hl=en-US
ChZDSUhNMG9nS0VJQ0FnSUM2bzVlZlZnEAE,Nice hotel good services, a year ago on   Google  ,2023-02-10 15:39:52.149444,5.0,Ni3 Pardeshi,0,0,https://www.google.com/maps/contrib/100923368487147035951/reviews?hl=en-US
ChZDSUhNMG9nS0VJQ0FnSUM2MWZpdkRBEAE,, a year ago on   Google  ,2023-02-10 15:39:52.150414,2.0,Gauri Kulkarni,0,0,https://www.google.com/maps/contrib/106630236511433598573/reviews?hl=en-US
ChdDSUhNMG9nS0VJQ0FnSUM2aGQtY2xnRRAB,Lot of scope for improvement Not recommandable, a year ago on   Google  ,2023-02-10 15:39:52.151287,1.0,Ramchandra Kulkarni,0,0,https://www.google.com/maps/contrib/105353886914059823232/reviews?hl=en-US
ChZDSUhNMG9nS0VJQ0FnSUM2OGNITUJREAE,Very nice hotel to stay... got good experience... nice neat and clean..., a year ago on   Google  ,2023-02-10 15:39:52.152331,4.0,Jotiba Jattewadkar,0,0,https://www.google.com/maps/contrib/108276166813506783560/reviews?hl=en-US
ChZDSUhNMG9nS0VJQ0FnSUM2dXVTcVNREAE,Hotel is  clean ., a year ago on   Google  ,2023-02-10 15:39:52.153339,4.0,prashant shinde,0,0,https://www.google.com/maps/contrib/106576972601396829717/reviews?hl=en-US
ChZDSUhNMG9nS0VJQ0FnSUM2eU1lLUxREAE,, a year ago on   Google  ,2023-02-10 15:39:52.154542,3.0,Mandar Bhosale,0,0,https://www.google.com/maps/contrib/114086194520002249253/reviews?hl=en-US
ChdDSUhNMG9nS0VJQ0FnSUM2MEltdS13RRAB,, a year ago on   Google  ,2023-02-10 15:39:52.155456,5.0,Yogesh Khandagale,0,0,https://www.google.com/maps/contrib/101697223524136449744/reviews?hl=en-US
ChZDSUhNMG9nS0VJQ0FnSUNhOTdPdVpBEAE,Ok, a year ago on   Google  ,2023-02-10 15:39:52.156429,5.0,Amol Shinde,0,0,https://www.google.com/maps/contrib/103882594810655434491/reviews?hl=en-US
ChdDSUhNMG9nS0VJQ0FnSUNhMDZmRXNRRRAB,, a year ago on   Google  ,2023-02-10 15:39:52.157449,4.0,Rahul Zaware,0,0,https://www.google.com/maps/contrib/102969425782186373940/reviews?hl=en-US
ChdDSUhNMG9nS0VJQ0FnSUNhdmV6bXNnRRAB,, a year ago on   Google  ,2023-02-10 15:40:01.600750,4.0,Saurabh Darole,0,0,https://www.google.com/maps/contrib/111450582978520731210/reviews?hl=en-US
ChZDSUhNMG9nS0VJQ0FnSUNhcmNqemN3EAE,, a year ago on   Google  ,2023-02-10 15:40:01.602847,4.0,Jalindar Pacharne,0,0,https://www.google.com/maps/contrib/110524548562898727705/reviews?hl=en-US
ChZDSUhNMG9nS0VJQ0FnSUNhMVpHRktBEAE,, a year ago on   Google  ,2023-02-10 15:40:01.604926,4.0,sandip mane,0,0,https://www.google.com/maps/contrib/115719499631014111574/reviews?hl=en-US
ChdDSUhNMG9nS0VJQ0FnSUNhaHVEUG53RRAB,, a year ago on   Google  ,2023-02-10 15:40:01.606982,4.0,Nitin Rathore,0,0,https://www.google.com/maps/contrib/112620128617051573043/reviews?hl=en-US
ChdDSUhNMG9nS0VJQ0FnSUNhNnVTZW9BRRAB,Great taste, a year ago on   Google  ,2023-02-10 15:40:01.609264,5.0,JAY DIWARE,0,0,https://www.google.com/maps/contrib/115318226970599028800/reviews?hl=en-US
ChdDSUhNMG9nS0VJQ0FnSUNhNHE2WG5nRRAB,, a year ago on   Google  ,2023-02-10 15:40:01.611336,5.0,Karthik Shetty,0,0,https://www.google.com/maps/contrib/118163860444376647461/reviews?hl=en-US
ChZDSUhNMG9nS0VJQ0FnSUNhLU5Ed0RBEAE,Food is average, a year ago on   Google  ,2023-02-10 15:40:01.613478,1.0,Rohan Udas,0,0,https://www.google.com/maps/contrib/109243082141905660130/reviews?hl=en-US
ChZDSUhNMG9nS0VJQ0FnSUNhbUxXX0NnEAE,"Very clean and neat room, big size rooms, good and fast service, good and polite staff, Good to stay....need to improve breakfast quality only.", a year ago on   Google  ,2023-02-10 15:40:01.615556,5.0,Sachin Kinkar,0,0,https://www.google.com/maps/contrib/100334355698198769187/reviews?hl=en-US
ChZDSUhNMG9nS0VJQ0FnSURxOS1lV0RREAE,, a year ago on   Google  ,2023-02-10 15:40:01.617700,5.0,MAYUR WADATKAR,0,0,https://www.google.com/maps/contrib/104397774547847046534/reviews?hl=en-US
ChdDSUhNMG9nS0VJQ0FnSURxNEtqdW93RRAB,Good management Clean and sanitized rooms Easy to search location, a year ago on   Google  ,2023-02-10 15:40:01.619829,4.0,Ravindra Koli,0,0,https://www.google.com/maps/contrib/112353580928848666019/reviews?hl=en-US
ChZDSUhNMG9nS0VJQ0FnSURxaDhlcEl3EAE,, a year ago on   Google  ,2023-02-10 15:40:11.884524,5.0,sunny kadam,0,0,https://www.google.com/maps/contrib/113806365407708752729/reviews?hl=en-US
ChZDSUhNMG9nS0VJQ0FnSURxcy1YNVZ3EAE,It's so so.., a year ago on   Google  ,2023-02-10 15:40:11.885653,2.0,Gajendra Nikose,0,0,https://www.google.com/maps/contrib/103849802247249561129/reviews?hl=en-US
ChZDSUhNMG9nS0VJQ0FnSURxazRQc2V3EAE,, a year ago on   Google  ,2023-02-10 15:40:11.886694,5.0,Sonawane Anjali,0,0,https://www.google.com/maps/contrib/111825843689265977722/reviews?hl=en-US
ChZDSUhNMG9nS0VJQ0FnSURxZzdidVhREAE,"At cost 1800 facilities was not proper no hot water 24*7, available at morning after 6.00am. complimentary breakfast was tast less", a year ago on   Google  ,2023-02-10 15:40:11.887906,2.0,imran sayyed,0,0,https://www.google.com/maps/contrib/112802712921472627414/reviews?hl=en-US
ChZDSUhNMG9nS0VJQ0FnSURxbGU2RkhBEAE,, a year ago on   Google  ,2023-02-10 15:40:11.888895,5.0,shraddha pashte,0,0,https://www.google.com/maps/contrib/101921723535617209054/reviews?hl=en-US
ChZDSUhNMG9nS0VJQ0FnSURxeWFQa1VREAE,"Nice stay,big and clean rooms. Very quite surrounding.", a year ago on   Google  ,2023-02-10 15:40:11.889875,4.0,AMITABH PATIL,0,0,https://www.google.com/maps/contrib/107132429364364237309/reviews?hl=en-US
ChZDSUhNMG9nS0VJQ0FnSURxaWZQQVhBEAE,, a year ago on   Google  ,2023-02-10 15:40:11.890994,5.0,Harish Yelka,0,0,https://www.google.com/maps/contrib/108016333801879005996/reviews?hl=en-US
ChZDSUhNMG9nS0VJQ0FnSURxa1pmOFlnEAE,, a year ago on   Google  ,2023-02-10 15:40:11.892095,4.0,Ajit Shirsath,0,0,https://www.google.com/maps/contrib/110129656531974509910/reviews?hl=en-US
ChdDSUhNMG9nS0VJQ0FnSURxLU8tOGlBRRAB,Good Restaurant and has awesome taste, a year ago on   Google  ,2023-02-10 15:40:11.893235,4.0,ketan gunda,0,0,https://www.google.com/maps/contrib/116441589660162858828/reviews?hl=en-US
ChdDSUhNMG9nS0VJQ0FnSURxcU12LTFBRRAB,, a year ago on   Google  ,2023-02-10 15:40:11.894295,5.0,Sajiya Shaikh,0,0,https://www.google.com/maps/contrib/107394358827284760328/reviews?hl=en-US
ChZDSUhNMG9nS0VJQ0FnSURxa0pqOUtBEAE,It's ok for staying, a year ago on   Google  ,2023-02-10 15:40:21.237443,3.0,Akshay Sonawane,0,0,https://www.google.com/maps/contrib/113977222426723781047/reviews?hl=en-US
ChdDSUhNMG9nS0VJQ0FnSUNxal9HUXRRRRAB,Best ever, a year ago on   Google  ,2023-02-10 15:40:21.238523,5.0,Nikhil. Gandhi,0,0,https://www.google.com/maps/contrib/116982853328341783193/reviews?hl=en-US
ChdDSUhNMG9nS0VJQ0FnSURLN2FQNTdRRRAB,, a year ago on   Google  ,2023-02-10 15:40:21.239438,5.0,Dr Monika Sonawane,0,0,https://www.google.com/maps/contrib/109594336157295559330/reviews?hl=en-US
ChdDSUhNMG9nS0VJQ0FnSUNLajZlMTBBRRAB,, a year ago on   Google  ,2023-02-10 15:40:21.240316,5.0,Amol Pokharkar,0,0,https://www.google.com/maps/contrib/106214965160678587530/reviews?hl=en-US
ChdDSUhNMG9nS0VJQ0FnSUNLX3JhbDNnRRAB,, a year ago on   Google  ,2023-02-10 15:40:21.241253,5.0,Mayur Bodele,0,0,https://www.google.com/maps/contrib/113807942892167486052/reviews?hl=en-US
ChdDSUhNMG9nS0VJQ0FnSUNLLUxUdnhRRRAB,, a year ago on   Google  ,2023-02-10 15:40:21.242315,2.0,Suresh Singh,0,0,https://www.google.com/maps/contrib/104716747031830799909/reviews?hl=en-US
ChdDSUhNMG9nS0VJQ0FnSUNLd0ptTC1nRRAB,, a year ago on   Google  ,2023-02-10 15:40:21.243322,4.0,Husain Hakimjiwala,0,0,https://www.google.com/maps/contrib/112014987874186390164/reviews?hl=en-US
ChZDSUhNMG9nS0VJQ0FnSUR5ejRlM2V3EAE,, a year ago on   Google  ,2023-02-10 15:40:21.244274,4.0,jitin ohol,0,0,https://www.google.com/maps/contrib/110835031214023367489/reviews?hl=en-US
ChdDSUhNMG9nS0VJQ0FnSUR5bF9maHZBRRAB,, a year ago on   Google  ,2023-02-10 15:40:21.245265,5.0,Rashid Sayed,0,0,https://www.google.com/maps/contrib/108174071998914529743/reviews?hl=en-US
ChdDSUhNMG9nS0VJQ0FnSUR5ODdmNV9RRRAB,, a year ago on   Google  ,2023-02-10 15:40:21.246144,5.0,PRADIP NYARE,0,0,https://www.google.com/maps/contrib/117650138881443389376/reviews?hl=en-US
ChdDSUhNMG9nS0VJQ0FnSUR5bW9QcXNRRRAB,, a year ago on   Google  ,2023-02-10 15:40:30.683774,5.0,Subhadra Pati 7 @ Gmail.com,0,0,https://www.google.com/maps/contrib/116070085991839624395/reviews?hl=en-US
ChZDSUhNMG9nS0VJQ0FnSUR5b28yWWNnEAE,, a year ago on   Google  ,2023-02-10 15:40:30.684710,1.0,sachin salvi,0,0,https://www.google.com/maps/contrib/111531402242217589391/reviews?hl=en-US
ChZDSUhNMG9nS0VJQ0FnSUR5aklpUlRBEAE,Food was ok but rooms are clean..., a year ago on   Google  ,2023-02-10 15:40:30.685663,5.0,Kunal Thorat,0,0,https://www.google.com/maps/contrib/116524515014347441821/reviews?hl=en-US
ChZDSUhNMG9nS0VJQ0FnSUN5djlURGVREAE,Good, a year ago on   Google  ,2023-02-10 15:40:30.686636,5.0,Shahebaj Maniyar,0,0,https://www.google.com/maps/contrib/118420376573132759754/reviews?hl=en-US
ChZDSUhNMG9nS0VJQ0FnSUN5bF91bUJnEAE,, a year ago on   Google  ,2023-02-10 15:40:30.687580,5.0,Nachiket Shinde,0,0,https://www.google.com/maps/contrib/115926431738454551986/reviews?hl=en-US
ChZDSUhNMG9nS0VJQ0FnSUN5eDdpeEx3EAE,, a year ago on   Google  ,2023-02-10 15:40:30.688485,4.0,Ritika queen,0,0,https://www.google.com/maps/contrib/103913025207254257838/reviews?hl=en-US
ChZDSUhNMG9nS0VJQ0FnSUN5Nl9TbkV3EAE,Hotel Gulmohar Pride, a year ago on   Google  ,2023-02-10 15:40:30.689426,4.0,Atul Kasbe,0,0,https://www.google.com/maps/contrib/101383936352960563500/reviews?hl=en-US
ChdDSUhNMG9nS0VJQ0FnSUN5NjRpODJnRRAB,, a year ago on   Google  ,2023-02-10 15:40:30.690383,4.0,shantanu sonawane,0,0,https://www.google.com/maps/contrib/101045162754624518079/reviews?hl=en-US
ChdDSUhNMG9nS0VJQ0FnSUN5c19TYzJBRRAB,Nice Ambiance, a year ago on   Google  ,2023-02-10 15:40:30.691359,4.0,Mahesh Mhetar,0,0,https://www.google.com/maps/contrib/111874485507437497911/reviews?hl=en-US
ChdDSUhNMG9nS0VJQ0FnSUN5N1pidnpnRRAB,, 2 years ago on   Google  ,2023-02-10 15:40:30.692334,5.0,Moiz Barwaniwala,0,0,https://www.google.com/maps/contrib/107575594661517913555/reviews?hl=en-US
ChZDSUhNMG9nS0VJQ0FnSUN5eWF6Y0x3EAE,Room quality awesome........, 2 years ago on   Google  ,2023-02-10 15:40:40.101203,5.0,shahrukh khan,0,0,https://www.google.com/maps/contrib/107067512669029104717/reviews?hl=en-US
ChdDSUhNMG9nS0VJQ0FnSUN5NFlfeG9nRRAB,, 2 years ago on   Google  ,2023-02-10 15:40:40.102206,1.0,Pratiksha Bhosale,0,0,https://www.google.com/maps/contrib/102131857525980605169/reviews?hl=en-US
ChdDSUhNMG9nS0VJQ0FnSUN5Z2ZUSXpRRRAB,, 2 years ago on   Google  ,2023-02-10 15:40:40.103228,5.0,Priyanka Hajare,0,0,https://www.google.com/maps/contrib/102962450224778631413/reviews?hl=en-US
ChdDSUhNMG9nS0VJQ0FnSUN5cnI3Zzh3RRAB,Good, 2 years ago on   Google  ,2023-02-10 15:40:40.104146,5.0,Nazim Ahmed,0,0,https://www.google.com/maps/contrib/114879512974751137412/reviews?hl=en-US
ChZDSUhNMG9nS0VJQ0FnSUN5dHNUeE5BEAE,, 2 years ago on   Google  ,2023-02-10 15:40:40.105107,5.0,shivani rachha,0,0,https://www.google.com/maps/contrib/100294391846906267764/reviews?hl=en-US
ChdDSUhNMG9nS0VJQ0FnSUN5aHZleGpBRRAB,, 2 years ago on   Google  ,2023-02-10 15:40:40.106019,3.0,Adv.Hemant Karale,0,0,https://www.google.com/maps/contrib/116856183092621446182/reviews?hl=en-US
ChdDSUhNMG9nS0VJQ0FnSUN5aG9uTzZRRRAB,, 2 years ago on   Google  ,2023-02-10 15:40:40.106908,2.0,Aafaque Farooqui,0,0,https://www.google.com/maps/contrib/115003824172825081365/reviews?hl=en-US
ChdDSUhNMG9nS0VJQ0FnSUN5eXBueThRRRAB,, 2 years ago on   Google  ,2023-02-10 15:40:40.107784,4.0,Amarsinh Agro,0,0,https://www.google.com/maps/contrib/118103981541735050696/reviews?hl=en-US
ChZDSUhNMG9nS0VJQ0FnSUN5a3JDWUlnEAE,, 2 years ago on   Google  ,2023-02-10 15:40:40.108697,4.0,Sachin Padir,0,0,https://www.google.com/maps/contrib/112599384441551782092/reviews?hl=en-US
ChdDSUhNMG9nS0VJQ0FnSUN5NHRlSzJ3RRAB,, 2 years ago on   Google  ,2023-02-10 15:40:40.109635,5.0,Bapu Chaudhari,0,0,https://www.google.com/maps/contrib/118100145519910032009/reviews?hl=en-US
ChdDSUhNMG9nS0VJQ0FnSUN5N0lyZzNRRRAB,Very poor service Cleanliness 2* Room service 1*, 2 years ago on   Google  ,2023-02-10 15:40:50.025967,2.0,Shrihari Gokhale,0,0,https://www.google.com/maps/contrib/117300236439827097527/reviews?hl=en-US
ChZDSUhNMG9nS0VJQ0FnSUN5Z05pUVhnEAE,The hotel was very nice and the rooms were very clean., 2 years ago on   Google  ,2023-02-10 15:40:50.028232,4.0,aaditya hiwale,0,0,https://www.google.com/maps/contrib/104480161796216706608/reviews?hl=en-US
ChdDSUhNMG9nS0VJQ0FnSURTaDhUVHVnRRAB,, 2 years ago on   Google  ,2023-02-10 15:40:50.030405,3.0,Sandesh Sangar,0,0,https://www.google.com/maps/contrib/105081325385136928958/reviews?hl=en-US
ChdDSUhNMG9nS0VJQ0FnSURTMDdIVTRnRRAB,"Good Location, need to improve Cleanliness", 2 years ago on   Google  ,2023-02-10 15:40:50.032627,4.0,Rajkiran Shimpi,0,0,https://www.google.com/maps/contrib/109591761387814821655/reviews?hl=en-US
ChZDSUhNMG9nS0VJQ0FnSURTclo2T1BnEAE,Awesome And comfortable for staying, 2 years ago on   Google  ,2023-02-10 15:40:50.034952,5.0,Amit R Mishra,0,0,https://www.google.com/maps/contrib/105687726461856814748/reviews?hl=en-US
ChZDSUhNMG9nS0VJQ0FnSURTbzVYUlJnEAE,, 2 years ago on   Google  ,2023-02-10 15:40:50.037151,4.0,Sandesh Patil,0,0,https://www.google.com/maps/contrib/111481047920625398971/reviews?hl=en-US
ChdDSUhNMG9nS0VJQ0FnSURTaGNfMG93RRAB,Ok, 2 years ago on   Google  ,2023-02-10 15:40:50.039319,4.0,Shameer Chungathara,0,0,https://www.google.com/maps/contrib/107405586510323423991/reviews?hl=en-US
ChZDSUhNMG9nS0VJQ0FnSURTaGN2RFRnEAE,, 2 years ago on   Google  ,2023-02-10 15:40:50.041566,4.0,Dinesh Kelar,0,0,https://www.google.com/maps/contrib/108130238066109619129/reviews?hl=en-US
ChZDSUhNMG9nS0VJQ0FnSURTOW9MM0ZnEAE,"Service not proper, breakfast quality and no of items also need to improve there were only 3 dishes was available there.", 2 years ago on   Google  ,2023-02-10 15:40:50.043736,1.0,Vinod Bhosale,0,0,https://www.google.com/maps/contrib/111908469701667207180/reviews?hl=en-US
ChdDSUhNMG9nS0VJQ0FnSURTMW9pdzNBRRAB,Bsidjrvroe dueiiegtie ejieh3rjeb duoej3vre usoebeiE siehriien hai yfuv, 2 years ago on   Google  ,2023-02-10 15:40:50.046024,5.0,Boxer Gill,0,0,https://www.google.com/maps/contrib/111517023727080427409/reviews?hl=en-US
ChdDSUhNMG9nS0VJQ0FnSURTcHRMZjB3RRAB,, 2 years ago on   Google  ,2023-02-10 15:40:59.963601,5.0,Shantanu Khanwelkar,0,0,https://www.google.com/maps/contrib/103579906482849889142/reviews?hl=en-US
ChZDSUhNMG9nS0VJQ0FnSURTMnUtM0F3EAE,, 2 years ago on   Google  ,2023-02-10 15:40:59.964693,2.0,Ravi Sahu,0,0,https://www.google.com/maps/contrib/100875664681453573845/reviews?hl=en-US
ChdDSUhNMG9nS0VJQ0FnSURTa3FUVTJRRRAB,👌👌 …, 2 years ago on   Google  ,2023-02-10 15:40:59.965940,4.0,Nishu Jangu,0,0,https://www.google.com/maps/contrib/102126945214730779826/reviews?hl=en-US
ChdDSUhNMG9nS0VJQ0FnSUNTbFlTemlBRRAB,, 2 years ago on   Google  ,2023-02-10 15:40:59.967006,5.0,krunal panchal,0,0,https://www.google.com/maps/contrib/115727055403044829177/reviews?hl=en-US
ChZDSUhNMG9nS0VJQ0FnSUNTNVpHMlVnEAE,, 2 years ago on   Google  ,2023-02-10 15:40:59.968059,5.0,Neelam Manjhi,0,0,https://www.google.com/maps/contrib/103677756621822630075/reviews?hl=en-US
ChZDSUhNMG9nS0VJQ0FnSURpc2EtN1pBEAE,very bad quality, 2 years ago on   Google  ,2023-02-10 15:40:59.969315,1.0,Mahesh Chavan,0,0,https://www.google.com/maps/contrib/115909553478249454195/reviews?hl=en-US
ChZDSUhNMG9nS0VJQ0FnSURpMFlydFNnEAE,Very nice hotel and staff is very polite, 2 years ago on   Google  ,2023-02-10 15:40:59.970344,5.0,vijaykumar borude,0,0,https://www.google.com/maps/contrib/108247578548665548542/reviews?hl=en-US
ChZDSUhNMG9nS0VJQ0FnSURpZ2FpZ1JnEAE,Ok, 2 years ago on   Google  ,2023-02-10 15:40:59.971415,3.0,Sachin Bokilwar,0,0,https://www.google.com/maps/contrib/116616009337070819827/reviews?hl=en-US
ChZDSUhNMG9nS0VJQ0FnSURpaHZlZVpBEAE,, 2 years ago on   Google  ,2023-02-10 15:40:59.972505,5.0,Jayshri Gugale,0,0,https://www.google.com/maps/contrib/115125977130244475563/reviews?hl=en-US
ChdDSUhNMG9nS0VJQ0FnSURpeFBiMDl3RRAB,, 2 years ago on   Google  ,2023-02-10 15:40:59.973679,5.0,Ravi Kadam,0,0,https://www.google.com/maps/contrib/110513882842790811668/reviews?hl=en-US
ChZDSUhNMG9nS0VJQ0FnSUNpMzdUYVFBEAE,Nice hotel, 2 years ago on   Google  ,2023-02-10 15:41:09.990595,5.0,Mr MS,0,0,https://www.google.com/maps/contrib/103868770494374312971/reviews?hl=en-US
ChdDSUhNMG9nS0VJQ0FnSUNpcjRxcnZ3RRAB,, 2 years ago on   Google  ,2023-02-10 15:41:09.991640,5.0,Viresh Pawar,0,0,https://www.google.com/maps/contrib/101924890363295804916/reviews?hl=en-US
ChZDSUhNMG9nS0VJQ0FnSUNpa3RPZWFnEAE,, 2 years ago on   Google  ,2023-02-10 15:41:09.992678,4.0,Y S Moray,0,0,https://www.google.com/maps/contrib/118364730165462352550/reviews?hl=en-US
ChdDSUhNMG9nS0VJQ0FnSUNpbUszMTdnRRAB,, 2 years ago on   Google  ,2023-02-10 15:41:09.993697,5.0,Amar sonune,0,0,https://www.google.com/maps/contrib/104007931281885803279/reviews?hl=en-US
ChZDSUhNMG9nS0VJQ0FnSURDdDRTOFZBEAE,Best location 100mtrs from Aurangabad highway, 2 years ago on   Google  ,2023-02-10 15:41:09.994761,5.0,Akhtar Takat,0,0,https://www.google.com/maps/contrib/106660682431790778868/reviews?hl=en-US
ChdDSUhNMG9nS0VJQ0FnSURDLWNEd3hRRRAB,Good, 2 years ago on   Google  ,2023-02-10 15:41:09.995737,3.0,Anand J,0,0,https://www.google.com/maps/contrib/107725187125412936468/reviews?hl=en-US
ChZDSUhNMG9nS0VJQ0FnSURDNGRLYU13EAE,, 2 years ago on   Google  ,2023-02-10 15:41:09.996716,5.0,mahesh more,0,0,https://www.google.com/maps/contrib/101742080359955831412/reviews?hl=en-US
ChdDSUhNMG9nS0VJQ0FnSUNDcC1IRWl3RRAB,Awesome.., 2 years ago on   Google  ,2023-02-10 15:41:09.997717,5.0,Nikunj Prajapati,0,0,https://www.google.com/maps/contrib/111930674215889313137/reviews?hl=en-US
ChZDSUhNMG9nS0VJQ0FnSUNDa3EtOUlBEAE,"Very Good Place,good staff overall experience very nice", 2 years ago on   Google  ,2023-02-10 15:41:09.998734,5.0,Nadeem Sayed,0,0,https://www.google.com/maps/contrib/114056663757788194314/reviews?hl=en-US
ChdDSUhNMG9nS0VJQ0FnSUNDX09pMTFBRRAB,, 2 years ago on   Google  ,2023-02-10 15:41:09.999712,4.0,CRYSTAL CREATIONS,0,0,https://www.google.com/maps/contrib/103028703112940791268/reviews?hl=en-US
ChZDSUhNMG9nS0VJQ0FnSUNDelAyQVZ3EAE,, 2 years ago on   Google  ,2023-02-10 15:41:19.766186,4.0,Prashant Daga,0,0,https://www.google.com/maps/contrib/100623490645057259186/reviews?hl=en-US
ChdDSUhNMG9nS0VJQ0FnSUNDNkoyRWpBRRAB,, 2 years ago on   Google  ,2023-02-10 15:41:19.768533,4.0,Narayan Chaudhari,0,0,https://www.google.com/maps/contrib/104683911021555355057/reviews?hl=en-US
ChdDSUhNMG9nS0VJQ0FnSUM4cDhueGdBRRAB,, 2 years ago on   Google  ,2023-02-10 15:41:19.770920,3.0,Jitu B Badekar,0,0,https://www.google.com/maps/contrib/104324915826499409466/reviews?hl=en-US
ChZDSUhNMG9nS0VJQ0FnSUM4bUlDYkl3EAE,Dirty place... No facilities, 2 years ago on   Google  ,2023-02-10 15:41:19.773149,2.0,Vipul Mhankale,0,0,https://www.google.com/maps/contrib/109387828831351159949/reviews?hl=en-US
ChZDSUhNMG9nS0VJQ0FnSURjaHFIa0JBEAE,, 2 years ago on   Google  ,2023-02-10 15:41:19.775324,5.0,A for Aakib,0,0,https://www.google.com/maps/contrib/118123854221850442185/reviews?hl=en-US
ChdDSUhNMG9nS0VJQ0FnSURjbXFTUDFRRRAB,Excellent, 2 years ago on   Google  ,2023-02-10 15:41:19.778702,5.0,Aakeeb Shaikh,0,0,https://www.google.com/maps/contrib/105842624295198085984/reviews?hl=en-US
ChZDSUhNMG9nS0VJQ0FnSURjck1HT1NnEAE,, 2 years ago on   Google  ,2023-02-10 15:41:19.781012,1.0,W P,0,0,https://www.google.com/maps/contrib/102745608614156723772/reviews?hl=en-US
ChdDSUhNMG9nS0VJQ0FnSURjdE1pemdnRRAB,, 2 years ago on   Google  ,2023-02-10 15:41:19.783129,5.0,Tejas Mirpagar,0,0,https://www.google.com/maps/contrib/114596191864664420534/reviews?hl=en-US
ChdDSUhNMG9nS0VJQ0FnSUNjMjhUVDZ3RRAB,, 2 years ago on   Google  ,2023-02-10 15:41:19.785432,3.0,Patel Transport,0,0,https://www.google.com/maps/contrib/118048029009181084540/reviews?hl=en-US
ChZDSUhNMG9nS0VJQ0FnSUNjbzVyb1p3EAE,, 2 years ago on   Google  ,2023-02-10 15:41:19.787695,4.0,Bhagyashree,0,0,https://www.google.com/maps/contrib/110910255645790499991/reviews?hl=en-US
ChZDSUhNMG9nS0VJQ0FnSUNjdy1YcEpnEAE,Good, 2 years ago on   Google  ,2023-02-10 15:41:29.601200,3.0,Matin Patel shaikh,0,0,https://www.google.com/maps/contrib/112909321160167231278/reviews?hl=en-US
ChZDSUhNMG9nS0VJQ0FnSUQwcHZyUVZREAE,Hotel not mentioned Properly, 2 years ago on   Google  ,2023-02-10 15:41:29.602381,1.0,Kamlesh Mutha,0,0,https://www.google.com/maps/contrib/100832752063645534626/reviews?hl=en-US
ChdDSUhNMG9nS0VJQ0FnSUNjMllDaXF3RRAB,, 2 years ago on   Google  ,2023-02-10 15:41:29.603544,4.0,Vatshal Parekh,0,0,https://www.google.com/maps/contrib/115131098423485099946/reviews?hl=en-US
ChZDSUhNMG9nS0VJQ0FnSURzLWRtb0t3EAE,Excellent service, 2 years ago on   Google  ,2023-02-10 15:41:29.604655,5.0,PACKIARAJAN SIVA,0,0,https://www.google.com/maps/contrib/103572623362381898454/reviews?hl=en-US
ChZDSUhNMG9nS0VJQ0FnSURzLWVyQVpREAE,, 2 years ago on   Google  ,2023-02-10 15:41:29.605689,5.0,Md Jiyaullah,0,0,https://www.google.com/maps/contrib/111232812341388521165/reviews?hl=en-US
ChZDSUhNMG9nS0VJQ0FnSURzd1l2amZnEAE,, 2 years ago on   Google  ,2023-02-10 15:41:29.606601,4.0,Punam Chavan,0,0,https://www.google.com/maps/contrib/117718497253274563508/reviews?hl=en-US
ChZDSUhNMG9nS0VJQ0FnSURzd2Fhc0p3EAE,, 2 years ago on   Google  ,2023-02-10 15:41:29.607519,4.0,sagar bhandari,0,0,https://www.google.com/maps/contrib/109076702252435660163/reviews?hl=en-US
ChZDSUhNMG9nS0VJQ0FnSURzM3RDRUJBEAE,, 2 years ago on   Google  ,2023-02-10 15:41:29.608458,5.0,Mahesh Phatake,0,0,https://www.google.com/maps/contrib/100615890908962087105/reviews?hl=en-US
ChZDSUhNMG9nS0VJQ0FnSURzbHZpT2JREAE,Spacious rooms. Reasonable price. Breakfast spread is not that great. little away from city centre. Service can be better., 2 years ago on   Google  ,2023-02-10 15:41:29.609484,4.0,Naina M,0,0,https://www.google.com/maps/contrib/105238561873548985013/reviews?hl=en-US
ChdDSUhNMG9nS0VJQ0FnSURzNnRfTmpBRRAB,nice place to stay, 2 years ago on   Google  ,2023-02-10 15:41:29.610504,5.0,Dhiraj Waghela,0,0,https://www.google.com/maps/contrib/102586066598174620693/reviews?hl=en-US
ChdDSUhNMG9nS0VJQ0FnSURzaXY3YnNnRRAB,, 2 years ago on   Google  ,2023-02-10 15:41:39.839951,5.0,Chetan Burkule,0,0,https://www.google.com/maps/contrib/108774921508070131305/reviews?hl=en-US
ChdDSUhNMG9nS0VJQ0FnSURzOHJYOTVRRRAB,, 2 years ago on   Google  ,2023-02-10 15:41:39.842164,3.0,Vijay Sonawane,0,0,https://www.google.com/maps/contrib/104434729055717678966/reviews?hl=en-US
ChZDSUhNMG9nS0VJQ0FnSURzOHB5Zk5BEAE,, 2 years ago on   Google  ,2023-02-10 15:41:39.844245,1.0,Nik Prajapati,0,0,https://www.google.com/maps/contrib/110143004416511323253/reviews?hl=en-US
ChZDSUhNMG9nS0VJQ0FnSURzMHUyUU5BEAE,, 2 years ago on   Google  ,2023-02-10 15:41:39.846362,4.0,Nakul maduskar,0,0,https://www.google.com/maps/contrib/109114683847246754464/reviews?hl=en-US
ChZDSUhNMG9nS0VJQ0FnSURzNUlPRFl3EAE,, 2 years ago on   Google  ,2023-02-10 15:41:39.848572,5.0,Sajid Shaikh,0,0,https://www.google.com/maps/contrib/117174272458012928016/reviews?hl=en-US
ChZDSUhNMG9nS0VJQ0FnSUNzdl9UN1VBEAE,, 2 years ago on   Google  ,2023-02-10 15:41:39.850797,3.0,MAHENDRA THORAT (Mahendra308),0,0,https://www.google.com/maps/contrib/115036080797422639273/reviews?hl=en-US
ChdDSUhNMG9nS0VJQ0FnSUNzbjgzdWdRRRAB,, 2 years ago on   Google  ,2023-02-10 15:41:39.853062,4.0,Pankaj Panigrahi,0,0,https://www.google.com/maps/contrib/103670800632099027252/reviews?hl=en-US
ChZDSUhNMG9nS0VJQ0FnSUNzNy1QbERREAE,, 2 years ago on   Google  ,2023-02-10 15:41:39.855500,5.0,Tukaram gite,0,0,https://www.google.com/maps/contrib/108970755699862516087/reviews?hl=en-US
ChZDSUhNMG9nS0VJQ0FnSUNzbC1PRUxnEAE,Good place to stay, 2 years ago on   Google  ,2023-02-10 15:41:39.857908,4.0,pranab sadangi,0,0,https://www.google.com/maps/contrib/107052080820107369909/reviews?hl=en-US
ChdDSUhNMG9nS0VJQ0FnSUNzaF83OHVBRRAB,Nice hotel to stay at ahmednagar, 2 years ago on   Google  ,2023-02-10 15:41:39.860155,3.0,shivendra k,0,0,https://www.google.com/maps/contrib/115070631588014732171/reviews?hl=en-US
ChdDSUhNMG9nS0VJQ0FnSUNzbTZ5SHB3RRAB,, 2 years ago on   Google  ,2023-02-10 15:41:49.898304,2.0,Kot Yogeshwar,0,0,https://www.google.com/maps/contrib/113716113436904127768/reviews?hl=en-US
ChZDSUhNMG9nS0VJQ0FnSUNzM2ZUeFJ3EAE,Its Great hotel, 2 years ago on   Google  ,2023-02-10 15:41:49.900478,5.0,Alize Sufi,0,0,https://www.google.com/maps/contrib/106813932655727791431/reviews?hl=en-US
ChdDSUhNMG9nS0VJQ0FnSUNzM1pDQzRBRRAB,, 2 years ago on   Google  ,2023-02-10 15:41:49.902584,4.0,Piyush Gattani,0,0,https://www.google.com/maps/contrib/110001678661165958371/reviews?hl=en-US
ChZDSUhNMG9nS0VJQ0FnSUNzemE2cVpBEAE,, 3 years ago on   Google  ,2023-02-10 15:41:49.904646,5.0,moin shaikh,0,0,https://www.google.com/maps/contrib/103380117785494627141/reviews?hl=en-US
ChZDSUhNMG9nS0VJQ0FnSUNzdGNMQUdBEAE,, 3 years ago on   Google  ,2023-02-10 15:41:49.906802,2.0,Uddhav Damal,0,0,https://www.google.com/maps/contrib/102792651906570555540/reviews?hl=en-US
ChdDSUhNMG9nS0VJQ0FnSUNzMWJhVnZBRRAB,, 3 years ago on   Google  ,2023-02-10 15:41:49.908922,3.0,Amit Salunke,0,0,https://www.google.com/maps/contrib/117203546950502332338/reviews?hl=en-US
ChZDSUhNMG9nS0VJQ0FnSUNzcFpHNVFBEAE,, 3 years ago on   Google  ,2023-02-10 15:41:49.911066,5.0,shubham dake,0,0,https://www.google.com/maps/contrib/103007627719746205573/reviews?hl=en-US
ChdDSUhNMG9nS0VJQ0FnSUNzcnFDY3JBRRAB,, 3 years ago on   Google  ,2023-02-10 15:41:49.913239,4.0,Dr. Kalpana Kaushik,0,0,https://www.google.com/maps/contrib/116751535963129643516/reviews?hl=en-US
ChZDSUhNMG9nS0VJQ0FnSUNzdG92bU5nEAE,, 3 years ago on   Google  ,2023-02-10 15:41:49.915365,5.0,Prashant Jathar,0,0,https://www.google.com/maps/contrib/114804554060130382369/reviews?hl=en-US
ChZDSUhNMG9nS0VJQ0FnSUNzLXU3WVJnEAE,Good, 3 years ago on   Google  ,2023-02-10 15:41:49.917646,3.0,Ankita Parab,0,0,https://www.google.com/maps/contrib/115500263191732954191/reviews?hl=en-US
ChZDSUhNMG9nS0VJQ0FnSUNzdXNtbmZREAE,Perfect to dine, 3 years ago on   Google  ,2023-02-10 15:42:00.415965,4.0,UNITY CONSTRUCTION,0,0,https://www.google.com/maps/contrib/108653826554209045682/reviews?hl=en-US
ChdDSUhNMG9nS0VJQ0FnSUNzeXFhb213RRAB,One of the best options for a stay in Ahmednagar..clean rooms..prompt service..good food ., 3 years ago on   Google  ,2023-02-10 15:42:00.417160,5.0,Priyanka Lalge,0,0,https://www.google.com/maps/contrib/113006408713410073847/reviews?hl=en-US
ChZDSUhNMG9nS0VJQ0FnSUNzek8tSEJ3EAE,, 3 years ago on   Google  ,2023-02-10 15:42:00.418253,5.0,Sudhir Temkar,0,0,https://www.google.com/maps/contrib/101816273590382029940/reviews?hl=en-US
ChdDSUhNMG9nS0VJQ0FnSUNzalBTZHhnRRAB,, 3 years ago on   Google  ,2023-02-10 15:42:00.419320,4.0,harshal rode,0,0,https://www.google.com/maps/contrib/109426319135510915409/reviews?hl=en-US
ChdDSUhNMG9nS0VJQ0FnSUNzaE8yUDVBRRAB,Good, 3 years ago on   Google  ,2023-02-10 15:42:00.420406,5.0,Aakash Vasant Shekade,0,0,https://www.google.com/maps/contrib/103297353677568859016/reviews?hl=en-US
ChZDSUhNMG9nS0VJQ0FnSUNzbUpPNU93EAE,, 3 years ago on   Google  ,2023-02-10 15:42:00.423303,1.0,Uday Chaudhar,0,0,https://www.google.com/maps/contrib/103341201272706762892/reviews?hl=en-US
ChdDSUhNMG9nS0VJQ0FnSUNzNkxqenJnRRAB,, 3 years ago on   Google  ,2023-02-10 15:42:00.425706,2.0,parashuram gundi,0,0,https://www.google.com/maps/contrib/112524381563342164148/reviews?hl=en-US
ChdDSUhNMG9nS0VJQ0FnSURNX09XR3JRRRAB,They served me specially prepared without onion garlic food for me in thali.. it was delicious..., 3 years ago on   Google  ,2023-02-10 15:42:00.429994,4.0,kushal sukhadare,0,0,https://www.google.com/maps/contrib/102365544833931489149/reviews?hl=en-US
ChdDSUhNMG9nS0VJQ0FnSUNzd0o2aGd3RRAB,, 3 years ago on   Google  ,2023-02-10 15:42:00.431104,5.0,Mihir Deshpande,0,0,https://www.google.com/maps/contrib/105757088258543738389/reviews?hl=en-US
ChdDSUhNMG9nS0VJQ0FnSURNejVHSzVnRRAB,Testy food, 3 years ago on   Google  ,2023-02-10 15:42:00.432132,4.0,Vaibhav Borkar,0,0,https://www.google.com/maps/contrib/115569879347879612501/reviews?hl=en-US
ChdDSUhNMG9nS0VJQ0FnSURNc19TRm9RRRAB,Nice, 3 years ago on   Google  ,2023-02-10 15:42:11.025497,5.0,Simran Dhaliwal,0,0,https://www.google.com/maps/contrib/106290464973359846753/reviews?hl=en-US
ChdDSUhNMG9nS0VJQ0FnSURNX2NXZjFnRRAB,, 3 years ago on   Google  ,2023-02-10 15:42:11.026495,5.0,DILBAGH SINGH,0,0,https://www.google.com/maps/contrib/107089371478046206145/reviews?hl=en-US
ChdDSUhNMG9nS0VJQ0FnSURNX2RMYWt3RRAB,, 3 years ago on   Google  ,2023-02-10 15:42:11.027446,4.0,Ishaan N,0,0,https://www.google.com/maps/contrib/118074713211236462052/reviews?hl=en-US
ChZDSUhNMG9nS0VJQ0FnSURvdk9IalB3EAE,, 3 years ago on   Google  ,2023-02-10 15:42:11.028367,5.0,RAVI KISHORE TIWARI,0,0,https://www.google.com/maps/contrib/115605431663146401532/reviews?hl=en-US
ChdDSUhNMG9nS0VJQ0FnSURNamVYVmlnRRAB,Terrible is small for this hotel. People in recption including manager behaved in very rude manner., 3 years ago on   Google  ,2023-02-10 15:42:11.029341,1.0,gvsrk prasad,0,0,https://www.google.com/maps/contrib/100509420182926623478/reviews?hl=en-US
ChZDSUhNMG9nS0VJQ0FnSURNdGZQRUp3EAE,Food quality not good, 3 years ago on   Google  ,2023-02-10 15:42:11.030247,1.0,saurabh khivsara,0,0,https://www.google.com/maps/contrib/117335948135233537045/reviews?hl=en-US
ChdDSUhNMG9nS0VJQ0FnSURNdFpPcXB3RRAB,Avarage Hotel to stay in Ahmadnagar, 3 years ago on   Google  ,2023-02-10 15:42:11.031170,3.0,Kamal Tapadia,0,0,https://www.google.com/maps/contrib/115188293289467215091/reviews?hl=en-US
ChdDSUhNMG9nS0VJQ0FnSURNdFphR2hBRRAB,, 3 years ago on   Google  ,2023-02-10 15:42:11.032233,1.0,Ardhendu Sekhar Dash,0,0,https://www.google.com/maps/contrib/114536891154502964045/reviews?hl=en-US
ChZDSUhNMG9nS0VJQ0FnSURNd2ZPdkVBEAE,, 3 years ago on   Google  ,2023-02-10 15:42:11.033180,5.0,aboli bhingarkar,0,0,https://www.google.com/maps/contrib/101563576400465330638/reviews?hl=en-US
ChdDSUhNMG9nS0VJQ0FnSURNd2ZILTZnRRAB,Its magic How my mail id got u Because i have not written anything anywhere. …, 3 years ago on   Google  ,2023-02-10 15:42:11.034117,5.0,Dilip Kurkute,0,0,https://www.google.com/maps/contrib/108063297843039836184/reviews?hl=en-US
ChZDSUhNMG9nS0VJQ0FnSURNenZuQmRBEAE,Very clean hotel with good rooms as shown in the pictures...good staff and efficient...loved it., 3 years ago on   Google  ,2023-02-10 15:42:21.530996,5.0,Preeti Biju,0,0,https://www.google.com/maps/contrib/100418114026680966470/reviews?hl=en-US
ChdDSUhNMG9nS0VJQ0FnSURNanVuOXhRRRAB,"Food quality was good, ambience average", 3 years ago on   Google  ,2023-02-10 15:42:21.533503,3.0,surendra baviskar,0,0,https://www.google.com/maps/contrib/100411824424834871395/reviews?hl=en-US
ChdDSUhNMG9nS0VJQ0FnSURNeHZHWGlRRRAB,, 3 years ago on   Google  ,2023-02-10 15:42:21.535702,5.0,komal Bodkhe,0,0,https://www.google.com/maps/contrib/106230160918421245632/reviews?hl=en-US
ChZDSUhNMG9nS0VJQ0FnSURNc3RMUGRnEAE,, 3 years ago on   Google  ,2023-02-10 15:42:21.538034,4.0,Srushti Gondhali,0,0,https://www.google.com/maps/contrib/102563555519447205679/reviews?hl=en-US
ChZDSUhNMG9nS0VJQ0FnSURNd3ByaWVBEAE,, 3 years ago on   Google  ,2023-02-10 15:42:21.540362,3.0,Mayur Paricharak,0,0,https://www.google.com/maps/contrib/115562114724758209151/reviews?hl=en-US
ChdDSUhNMG9nS0VJQ0FnSURNNU52X29RRRAB,, 3 years ago on   Google  ,2023-02-10 15:42:21.542666,5.0,Minesh Shah,0,0,https://www.google.com/maps/contrib/114559162682015248690/reviews?hl=en-US
ChZDSUhNMG9nS0VJQ0FnSURNLUlxRUlnEAE,So nice hotel, 3 years ago on   Google  ,2023-02-10 15:42:21.545022,5.0,Sagar Bade,0,0,https://www.google.com/maps/contrib/113751362078999464549/reviews?hl=en-US
ChdDSUhNMG9nS0VJQ0FnSUQweHZQZnNRRRAB,Nice choice for family treats, 3 years ago on   Google  ,2023-02-10 15:42:21.547327,5.0,RaOne,0,0,https://www.google.com/maps/contrib/116138908334979629963/reviews?hl=en-US
ChdDSUhNMG9nS0VJQ0FnSURNc01QYmt3RRAB,, 3 years ago on   Google  ,2023-02-10 15:42:21.549630,5.0,Shubham Salunke,0,0,https://www.google.com/maps/contrib/102412323439109312992/reviews?hl=en-US
ChZDSUhNMG9nS0VJQ0FnSURNc0oyeFBBEAE,, 3 years ago on   Google  ,2023-02-10 15:42:21.551808,4.0,Swapnil Arve,0,0,https://www.google.com/maps/contrib/114328469917621644196/reviews?hl=en-US
ChdDSUhNMG9nS0VJQ0FnSURNNExycmlRRRAB,Good food, 3 years ago on   Google  ,2023-02-10 15:42:33.198112,5.0,Abhijit Patil,0,0,https://www.google.com/maps/contrib/111950838216990580686/reviews?hl=en-US
ChZDSUhNMG9nS0VJQ0FnSURNd0x1aEJBEAE,, 3 years ago on   Google  ,2023-02-10 15:42:33.200282,1.0,Aakarsh M,0,0,https://www.google.com/maps/contrib/113487269374262334728/reviews?hl=en-US
ChdDSUhNMG9nS0VJQ0FnSUNNMS0tajhnRRAB,"Orderly and good management, but let there be bedside refrigerator in the rooms", 3 years ago on   Google  ,2023-02-10 15:42:33.202396,4.0,Lydia Adekola,0,0,https://www.google.com/maps/contrib/113239449520203273666/reviews?hl=en-US
ChZDSUhNMG9nS0VJQ0FnSUNNbDcyV1pREAE,Good for staying, 3 years ago on   Google  ,2023-02-10 15:42:33.204657,5.0,Mahaning ESPL,0,0,https://www.google.com/maps/contrib/108565185482985105647/reviews?hl=en-US
ChZDSUhNMG9nS0VJQ0FnSUNNcDlDM05REAE,Very good place to stay, 3 years ago on   Google  ,2023-02-10 15:42:33.206908,5.0,Mahaning Bhadrashetti,0,0,https://www.google.com/maps/contrib/106166563986885812085/reviews?hl=en-US
ChZDSUhNMG9nS0VJQ0FnSUNNeF95U1dnEAE,, 3 years ago on   Google  ,2023-02-10 15:42:33.209234,3.0,Shoeb Khan,0,0,https://www.google.com/maps/contrib/117517281245331658464/reviews?hl=en-US
ChZDSUhNMG9nS0VJQ0FnSUNNMjdMTUl3EAE,, 3 years ago on   Google  ,2023-02-10 15:42:33.211368,4.0,prajakta bhagwat,0,0,https://www.google.com/maps/contrib/114094223228346722164/reviews?hl=en-US
ChdDSUhNMG9nS0VJQ0FnSUNNcTZlRHZnRRAB,, 3 years ago on   Google  ,2023-02-10 15:42:33.213554,5.0,Kavita Chanodia,0,0,https://www.google.com/maps/contrib/113735601161189716390/reviews?hl=en-US
ChZDSUhNMG9nS0VJQ0FnSUNNODY3Q0RREAE,, 3 years ago on   Google  ,2023-02-10 15:42:33.215781,3.0,Fahim Sayyed,0,0,https://www.google.com/maps/contrib/102718908328230430670/reviews?hl=en-US
ChdDSUhNMG9nS0VJQ0FnSUNNMDRlZ3hnRRAB,, 3 years ago on   Google  ,2023-02-10 15:42:33.217971,4.0,Dileep Tripathi,0,0,https://www.google.com/maps/contrib/111708269398030005872/reviews?hl=en-US
ChdDSUhNMG9nS0VJQ0FnSUNNay12UV9BRRAB,Nice hotel, 3 years ago on   Google  ,2023-02-10 15:42:43.568174,4.0,Dinesh Deshpande,0,0,https://www.google.com/maps/contrib/103503656915995807999/reviews?hl=en-US
ChdDSUhNMG9nS0VJQ0FnSUNNN2Q2UjBRRRAB,, 3 years ago on   Google  ,2023-02-10 15:42:43.569529,4.0,Sudhakar Pansare,0,0,https://www.google.com/maps/contrib/105633526634086520956/reviews?hl=en-US
ChdDSUhNMG9nS0VJQ0FnSUNNelkyS3lBRRAB,Good, 3 years ago on   Google  ,2023-02-10 15:42:43.570656,4.0,Yogesh Zalte,0,0,https://www.google.com/maps/contrib/108606971520753164136/reviews?hl=en-US
ChdDSUhNMG9nS0VJQ0FnSUNNamU2YXhRRRAB,Loved it.., 3 years ago on   Google  ,2023-02-10 15:42:43.574415,5.0,prashant shinde,0,0,https://www.google.com/maps/contrib/108747876245202976563/reviews?hl=en-US
ChdDSUhNMG9nS0VJQ0FnSUNNaGZQdXpRRRAB,Horrible Experience!, 3 years ago on   Google  ,2023-02-10 15:42:43.575363,1.0,Andy von Eich,0,0,https://www.google.com/maps/contrib/104805390790054970911/reviews?hl=en-US
ChdDSUhNMG9nS0VJQ0FnSUNNaGRIMXB3RRAB,, 3 years ago on   Google  ,2023-02-10 15:42:43.576219,2.0,kiran adsul,0,0,https://www.google.com/maps/contrib/101714053888435089714/reviews?hl=en-US
ChZDSUhNMG9nS0VJQ0FnSUNNOGZDZEVBEAE,"Last evening I ordered the Vege Maratha from Hotel Gulmohar Pride. The vegetable test was a poor cost. He complained to the manager by phone but his reply came in vain. Hotel test is very poor. And their conversation is even worse.  No one should go, please", 3 years ago on   Google  ,2023-02-10 15:42:43.577127,1.0,Akshay Munot,0,0,https://www.google.com/maps/contrib/111795387778639882721/reviews?hl=en-US
ChdDSUhNMG9nS0VJQ0FnSUNNNGJPM2pRRRAB,, 3 years ago on   Google  ,2023-02-10 15:42:43.578040,4.0,Dev Sharma,0,0,https://www.google.com/maps/contrib/100755019341593364967/reviews?hl=en-US
ChZDSUhNMG9nS0VJQ0FnSUNNbnNqT1Z3EAE,"Price is medium, quantity is less.  And worst case experience, I took a parcel two times and the food was really not …", 3 years ago on   Google  ,2023-02-10 15:42:43.579076,1.0,Vaibhav Jadhav,0,0,https://www.google.com/maps/contrib/100645991493000278668/reviews?hl=en-US
ChdDSUhNMG9nS0VJQ0FnSUNNN3I3QV93RRAB,, 3 years ago on   Google  ,2023-02-10 15:42:43.580201,3.0,Santosh,0,0,https://www.google.com/maps/contrib/108238475327242435658/reviews?hl=en-US
