id_review,caption,relative_date,retrieval_date,rating,username,n_review_user,n_photo_user,url_user
ChZDSUhNMG9nS0VJQ0FnSUNoX0kzb1BnEAE,Visited only for dining. Good options for food available., 2 days ago on   Google  ,2023-02-10 12:44:07.407730,5.0,Siddharth S Roy,0,0,https://www.google.com/maps/contrib/106608467508971838597/reviews?hl=en-US
ChZDSUhNMG9nS0VJQ0FnSURHbC0tckhBEAE,, 2 days ago on   Google  ,2023-02-10 12:44:07.409282,3.0,suresh dalvi,0,0,https://www.google.com/maps/contrib/117564344363391301480/reviews?hl=en-US
ChdDSUhNMG9nS0VJQ0FnSUNocE1uMHJBRRAB,, 4 days ago on   Google  ,2023-02-10 12:44:07.410683,4.0,Namrata Bapodara,0,0,https://www.google.com/maps/contrib/114848503325530553416/reviews?hl=en-US
ChdDSUhNMG9nS0VJQ0FnSUNoaFBuVV93RRAB,, 4 days ago on   Google  ,2023-02-10 12:44:07.412203,5.0,Jesse Eunice,0,0,https://www.google.com/maps/contrib/107199588105284415991/reviews?hl=en-US
ChdDSUhNMG9nS0VJQ0FnSUNoMEkzem13RRAB,, a week ago on   Google  ,2023-02-10 12:44:07.413672,5.0,Afrin Aslam,0,0,https://www.google.com/maps/contrib/105923254144087234339/reviews?hl=en-US
ChZDSUhNMG9nS0VJQ0FnSURCNy1YNVVnEAE,Rooms are spacious. Service is also good. But the location is a bit odd, a week ago on   Google  ,2023-02-10 12:44:07.415131,4.0,Kamlesh Narvekar,0,0,https://www.google.com/maps/contrib/109793485308320884123/reviews?hl=en-US
ChdDSUhNMG9nS0VJQ0FnSURCci1fS29RRRAB,Peace Park is tha best hotel &bar in hol Mumbai..... You have all services in this hotel.... And this hotel workers is also great, a week ago on   Google  ,2023-02-10 12:44:07.416473,5.0,Abhi Mallick,0,0,https://www.google.com/maps/contrib/105287609622899079816/reviews?hl=en-US
ChZDSUhNMG9nS0VJQ0FnSURCaDVTZ0lBEAE,, a week ago on   Google  ,2023-02-10 12:44:07.418082,5.0,chandrakant mandge,0,0,https://www.google.com/maps/contrib/109861227203914599335/reviews?hl=en-US
ChdDSUhNMG9nS0VJQ0FnSURCaS0tNTZnRRAB,, a week ago on   Google  ,2023-02-10 12:44:07.419768,3.0,Darakhshan Fatima,0,0,https://www.google.com/maps/contrib/102837986003773934776/reviews?hl=en-US
ChZDSUhNMG9nS0VJQ0FnSURCbVp1MFpREAE,Good taste of food and service, 2 weeks ago on   Google  ,2023-02-10 12:44:07.421341,4.0,Mayur Dhaygude,0,0,https://www.google.com/maps/contrib/112574897629677612716/reviews?hl=en-US
ChdDSUhNMG9nS0VJQ0FnSURCbXBLcDJnRRAB,, 3 weeks ago on   Google  ,2023-02-10 12:44:07.422624,5.0,Sachin Rasal,0,0,https://www.google.com/maps/contrib/103716872638764370715/reviews?hl=en-US
ChZDSUhNMG9nS0VJQ0FnSURCakszaVdBEAE,It was great 👍👍 …, 4 weeks ago on   Google  ,2023-02-10 12:44:07.423881,5.0,Pradnya Ambade,0,0,https://www.google.com/maps/contrib/107894414309214120929/reviews?hl=en-US
ChdDSUhNMG9nS0VJQ0FnSURXc0xuNXp3RRAB,, a month ago on   Google  ,2023-02-10 12:44:07.425276,5.0,Suraj Rajguru,0,0,https://www.google.com/maps/contrib/112120474477148574772/reviews?hl=en-US
ChZDSUhNMG9nS0VJQ0FnSUNCcjZLTk9nEAE,"We visited restaurant for dinner and we ordered their suggested item from the non-veg category - Chicken gravy it tasted great chicken, juicy and perfect blend of spices however too oily that we generally don't complain but showed it and …", a month ago on   Google  ,2023-02-10 12:44:07.426587,4.0,Ashwini Gade Pawar,0,0,https://www.google.com/maps/contrib/102767703225139973834/reviews?hl=en-US
ChdDSUhNMG9nS0VJQ0FnSUNCNWVYQjVBRRAB,, a month ago on   Google  ,2023-02-10 12:44:07.428064,4.0,Avinash Khavnekar,0,0,https://www.google.com/maps/contrib/113556919070807408736/reviews?hl=en-US
ChdDSUhNMG9nS0VJQ0FnSUNCc2JHcDlnRRAB,Visited the restaurant a few days back. This place is a classic example of ambience and food go hand-in-hand. Must try if you are in Panvel or nearby on the highway., a month ago on   Google  ,2023-02-10 12:44:07.429478,5.0,Krishnakumar Nair,0,0,https://www.google.com/maps/contrib/103039220075050760863/reviews?hl=en-US
ChdDSUhNMG9nS0VJQ0FnSUNCd2NXajZRRRAB,DISGUSTING BEHAVIOUR AND INAPPROPRIATE SERVICE  My food payment debited from my account on  but a per their staff it did not …, a month ago on   Google  ,2023-02-10 12:44:07.430806,1.0,shrutika ghugare,0,0,https://www.google.com/maps/contrib/112443010625351047507/reviews?hl=en-US
ChZDSUhNMG9nS0VJQ0FnSUNCMXRlWEJREAE,, a month ago on   Google  ,2023-02-10 12:44:07.432160,5.0,Dominic Gleeson,0,0,https://www.google.com/maps/contrib/113298092159592854554/reviews?hl=en-US
ChdDSUhNMG9nS0VJQ0FnSUNCLXYyQ2xRRRAB,Nice ambiance. Good food quality and quantity., a month ago on   Google  ,2023-02-10 12:44:07.433554,4.0,Vishwajeet Holkar,0,0,https://www.google.com/maps/contrib/114318903055420768753/reviews?hl=en-US
ChdDSUhNMG9nS0VJQ0FnSUNCeXZMUjJBRRAB,"I liked the food preparations in the restaurant, staff is cooperative. If you are traveling with kids I think the rooms will be a bit small.", a month ago on   Google  ,2023-02-10 12:44:07.434895,3.0,Dr Vinit Kumar,0,0,https://www.google.com/maps/contrib/101408556892843698534/reviews?hl=en-US
ChdDSUhNMG9nS0VJQ0FnSUNCX0ppVHRBRRAB,Good Food, a month ago on   Google  ,2023-02-10 12:44:17.708073,4.0,Ajit More,0,0,https://www.google.com/maps/contrib/111195368278116431231/reviews?hl=en-US
ChZDSUhNMG9nS0VJQ0FnSUNCMUl1YkpnEAE,, a month ago on   Google  ,2023-02-10 12:44:17.709444,4.0,Hardik Shukla,0,0,https://www.google.com/maps/contrib/101700345522847082060/reviews?hl=en-US
ChdDSUhNMG9nS0VJQ0FnSUNCdU5XenNRRRAB,, a month ago on   Google  ,2023-02-10 12:44:17.710801,5.0,Kiran Naik,0,0,https://www.google.com/maps/contrib/100321892878028965363/reviews?hl=en-US
ChdDSUhNMG9nS0VJQ0FnSUQteDU3dzZ3RRAB,, a month ago on   Google  ,2023-02-10 12:44:17.712138,3.0,Mayur Joshi,0,0,https://www.google.com/maps/contrib/101821865355061348779/reviews?hl=en-US
ChdDSUhNMG9nS0VJQ0FnSUQtaDdfSThnRRAB,, a month ago on   Google  ,2023-02-10 12:44:17.713427,4.0,ʎnƃlooɔɐpɥǝɾ,0,0,https://www.google.com/maps/contrib/111861852225125583225/reviews?hl=en-US
ChdDSUhNMG9nS0VJQ0FnSUQtdTgtWnhBRRAB,, a month ago on   Google  ,2023-02-10 12:44:17.714715,2.0,Kishor Bhat,0,0,https://www.google.com/maps/contrib/113984236396745366008/reviews?hl=en-US
ChZDSUhNMG9nS0VJQ0FnSUQtNl91TVBnEAE,Good hotel for a business stay., a month ago on   Google  ,2023-02-10 12:44:17.715999,4.0,Dilip Barad,0,0,https://www.google.com/maps/contrib/101237383494429927948/reviews?hl=en-US
ChZDSUhNMG9nS0VJQ0FnSUQtbTk3Y1JREAE,, a month ago on   Google  ,2023-02-10 12:44:17.717276,3.0,Nandakumar Nagothkar,0,0,https://www.google.com/maps/contrib/104693386261738736851/reviews?hl=en-US
ChdDSUhNMG9nS0VJQ0FnSUQtdzZQQzVBRRAB,"When booked for bride, they alasked for photo id of each n every guest going to room, this is not done in any of the 5star hotels. The language used by Mr. Sahil was very much annoying and arrogant with the guests which will not be …", 2 months ago on   Google  ,2023-02-10 12:44:17.718514,1.0,MAHENDRA BHAINDARKAR,0,0,https://www.google.com/maps/contrib/114348653435308706281/reviews?hl=en-US
ChZDSUhNMG9nS0VJQ0FnSUQtMmJXLWZ3EAE,, 2 months ago on   Google  ,2023-02-10 12:44:17.719735,5.0,N Bhaskar Sarma,0,0,https://www.google.com/maps/contrib/110194247026198092658/reviews?hl=en-US
ChdDSUhNMG9nS0VJQ0FnSUQtb1lUdnlnRRAB,, 2 months ago on   Google  ,2023-02-10 12:44:27.967857,4.0,Manish Patil,0,0,https://www.google.com/maps/contrib/106752479833700460689/reviews?hl=en-US
ChZDSUhNMG9nS0VJQ0FnSUQtbXQ3SlpnEAE,, 2 months ago on   Google  ,2023-02-10 12:44:27.969478,5.0,chander motwani,0,0,https://www.google.com/maps/contrib/106645439034682372351/reviews?hl=en-US
ChZDSUhNMG9nS0VJQ0FnSUQtNnZuc0hBEAE,, 2 months ago on   Google  ,2023-02-10 12:44:27.971009,4.0,jyotsna .............,0,0,https://www.google.com/maps/contrib/102138078537623049246/reviews?hl=en-US
ChdDSUhNMG9nS0VJQ0FnSUQtb0pPaG5nRRAB,, 2 months ago on   Google  ,2023-02-10 12:44:27.972551,5.0,Dhara Lad,0,0,https://www.google.com/maps/contrib/105430376762370253152/reviews?hl=en-US
ChdDSUhNMG9nS0VJQ0FnSUNHNFkzMjBRRRAB,, 2 months ago on   Google  ,2023-02-10 12:44:27.974224,5.0,Pralhad Patil,0,0,https://www.google.com/maps/contrib/109558970955489047784/reviews?hl=en-US
ChdDSUhNMG9nS0VJQ0FnSUMtdjRtU2pRRRAB,Tasty food and good service, 2 months ago on   Google  ,2023-02-10 12:44:27.975972,5.0,Rameshwari Karad,0,0,https://www.google.com/maps/contrib/106726521675825895543/reviews?hl=en-US
ChdDSUhNMG9nS0VJQ0FnSUMtMzR2VDJBRRAB,Good place wishing to come again, 2 months ago on   Google  ,2023-02-10 12:44:27.977725,5.0,R R Sekhar Reddy,0,0,https://www.google.com/maps/contrib/118116839867636979350/reviews?hl=en-US
ChdDSUhNMG9nS0VJQ0FnSUMtNjRQWXl3RRAB,Food was good, 2 months ago on   Google  ,2023-02-10 12:44:27.979329,5.0,Aditya Bhagwat,0,0,https://www.google.com/maps/contrib/101131118220767701898/reviews?hl=en-US
ChZDSUhNMG9nS0VJQ0FnSUMteThMQUZnEAE,Good, 2 months ago on   Google  ,2023-02-10 12:44:27.981030,5.0,Ashwini Karve,0,0,https://www.google.com/maps/contrib/114416966980599597302/reviews?hl=en-US
ChZDSUhNMG9nS0VJQ0FnSUMtbzRPcWF3EAE,, 2 months ago on   Google  ,2023-02-10 12:44:27.982589,5.0,vipul katare,0,0,https://www.google.com/maps/contrib/100417344394631036551/reviews?hl=en-US
ChZDSUhNMG9nS0VJQ0FnSUMtbzdqaEtnEAE,, 2 months ago on   Google  ,2023-02-10 12:44:38.392486,4.0,Sakina Vohra,0,0,https://www.google.com/maps/contrib/107161570886396052166/reviews?hl=en-US
ChZDSUhNMG9nS0VJQ0FnSUMtM1lIakp3EAE,The staff friendly and all food was delicious. Especially fish dishes., 2 months ago on   Google  ,2023-02-10 12:44:38.395259,5.0,황삼동,0,0,https://www.google.com/maps/contrib/100140002071960690394/reviews?hl=en-US
ChdDSUhNMG9nS0VJQ0FnSUMtcmNEUDF3RRAB,, 2 months ago on   Google  ,2023-02-10 12:44:38.397941,5.0,kuldeep shivprasad shukla,0,0,https://www.google.com/maps/contrib/106369605109686039182/reviews?hl=en-US
ChZDSUhNMG9nS0VJQ0FnSUNNejllNGF3EAE,"The restaurant offers wide range of Indian cuisine, enjoyed having dinner!!", 3 months ago on   Google  ,2023-02-10 12:44:38.400450,4.0,Shashank Shourabh,0,0,https://www.google.com/maps/contrib/116010698464524625060/reviews?hl=en-US
ChdDSUhNMG9nS0VJQ0FnSUMtd1pULXlBRRAB,, 3 months ago on   Google  ,2023-02-10 12:44:38.402958,5.0,Gopal Weling,0,0,https://www.google.com/maps/contrib/103329398549751376021/reviews?hl=en-US
ChZDSUhNMG9nS0VJQ0FnSUMtNFBmZUFREAE,, 3 months ago on   Google  ,2023-02-10 12:44:38.405845,1.0,Auto Riksha,0,0,https://www.google.com/maps/contrib/116540190820056490227/reviews?hl=en-US
ChZDSUhNMG9nS0VJQ0FnSURlajVqNEpREAE,"This hotel come in convince due to its location. It's too close to panvel highway. Room service is the only thing which I feel not so good. But food, other services are good. It's good for small birthday parties and other occasions.", 3 months ago on   Google  ,2023-02-10 12:44:38.408210,5.0,Rohan Bhanu,0,0,https://www.google.com/maps/contrib/100562462469751826062/reviews?hl=en-US
ChZDSUhNMG9nS0VJQ0FnSURlai1pZmRnEAE,"(Translated by Google) Nice hotel, courteous service and good quality food...  (Original) …", 3 months ago on   Google  ,2023-02-10 12:44:38.411087,3.0,אברהם צריקר,0,0,https://www.google.com/maps/contrib/116015174659789172577/reviews?hl=en-US
ChZDSUhNMG9nS0VJQ0FnSURlOTdDaWJnEAE,"A beautiful hotel and restaurant in Panvel . On our return trip from Lonavla to Mumbai , we stopped here for Lunch and rest in the afternoon. We were received by a courteous staff and provided food of our liking . The …", 3 months ago on   Google  ,2023-02-10 12:44:38.416109,5.0,surinder sethi,0,0,https://www.google.com/maps/contrib/105896901922462449756/reviews?hl=en-US
ChZDSUhNMG9nS0VJQ0FnSURldTdfSE1BEAE,, 3 months ago on   Google  ,2023-02-10 12:44:38.418784,5.0,ghanshyam gupta,0,0,https://www.google.com/maps/contrib/108418025416223177522/reviews?hl=en-US
ChdDSUhNMG9nS0VJQ0FnSURlNDdfSnBBRRAB,, 3 months ago on   Google  ,2023-02-10 12:44:48.755262,4.0,Taher Lakdawala,0,0,https://www.google.com/maps/contrib/115906041759065561176/reviews?hl=en-US
ChZDSUhNMG9nS0VJQ0FnSURldzRiNEh3EAE,, 3 months ago on   Google  ,2023-02-10 12:44:48.756633,3.0,Shubham Tiwary,0,0,https://www.google.com/maps/contrib/111272558405411061593/reviews?hl=en-US
ChZDSUhNMG9nS0VJQ0FnSURlZzdQZkF3EAE,Good highway hotel. Relatively small area. Well maintained.  Service needs huge improvements, 3 months ago on   Google  ,2023-02-10 12:44:48.758094,3.0,Swanand Dhondse,0,0,https://www.google.com/maps/contrib/103378723950754095377/reviews?hl=en-US
ChdDSUhNMG9nS0VJQ0FnSURldmJuaDR3RRAB,Good food and stays, 3 months ago on   Google  ,2023-02-10 12:44:48.759397,5.0,Sayyed Sufiyan,0,0,https://www.google.com/maps/contrib/101705173514640901394/reviews?hl=en-US
ChdDSUhNMG9nS0VJQ0FnSURlbmZ5X3B3RRAB,"Well its good place to stay, clean-rooms with complimentary breakfast. Only one disadvantage is that it do not have a special room for drivers. Simple and peaceful bar and restaurant.", 3 months ago on   Google  ,2023-02-10 12:44:48.760718,4.0,Aman Bariya,0,0,https://www.google.com/maps/contrib/107941599618511048364/reviews?hl=en-US
ChdDSUhNMG9nS0VJQ0FnSURlemQ3QXB3RRAB,, 3 months ago on   Google  ,2023-02-10 12:44:48.762094,3.0,mahendar jain,0,0,https://www.google.com/maps/contrib/101940518581740085830/reviews?hl=en-US
ChZDSUhNMG9nS0VJQ0FnSURlbFotaURnEAE,Nice place for hosting a small get together of family and friends, 3 months ago on   Google  ,2023-02-10 12:44:48.763456,5.0,Nelson Christos,0,0,https://www.google.com/maps/contrib/109298859748102604305/reviews?hl=en-US
ChdDSUhNMG9nS0VJQ0FnSURlMGZ1ajVRRRAB,"I had a great time eating delicious food at your restaurant.Most importantly, every food and drink on your menu tasted great!", 3 months ago on   Google  ,2023-02-10 12:44:48.764702,5.0,IZHAD LAMBE,0,0,https://www.google.com/maps/contrib/104168393146423992089/reviews?hl=en-US
ChZDSUhNMG9nS0VJQ0FnSURlX3BYalhnEAE,Good food good ambience, 3 months ago on   Google  ,2023-02-10 12:44:48.765990,4.0,Dr Arvind Bodhankar,0,0,https://www.google.com/maps/contrib/101022082302988829736/reviews?hl=en-US
ChZDSUhNMG9nS0VJQ0FnSURlcExXWFFBEAE,"the food is amazing is good, ambience is really nice, staff working are polite and radiate hospitality, they even arranged a small birthday celebration for us, the place seems bit congested and not open, rest all was perfect and tasty.", 4 months ago on   Google  ,2023-02-10 12:44:48.767267,4.0,Sunny Dowari,0,0,https://www.google.com/maps/contrib/112959895110217901981/reviews?hl=en-US
ChZDSUhNMG9nS0VJQ0FnSURlaUlYR2JnEAE,, 4 months ago on   Google  ,2023-02-10 12:45:00.209046,4.0,Omkar Zemse,0,0,https://www.google.com/maps/contrib/112535308681958071183/reviews?hl=en-US
ChdDSUhNMG9nS0VJQ0FnSUNlLTQzNTVnRRAB,, 4 months ago on   Google  ,2023-02-10 12:45:00.213126,4.0,Nitin Pendharkar,0,0,https://www.google.com/maps/contrib/103475519351891444215/reviews?hl=en-US
ChdDSUhNMG9nS0VJQ0FnSUNlNjhlenFRRRAB,, 4 months ago on   Google  ,2023-02-10 12:45:00.216379,5.0,ashish parche,0,0,https://www.google.com/maps/contrib/112244136938766488910/reviews?hl=en-US
ChdDSUhNMG9nS0VJQ0FnSUNlNl8yUzJ3RRAB,, 4 months ago on   Google  ,2023-02-10 12:45:00.219657,5.0,Kunj Ojha,0,0,https://www.google.com/maps/contrib/112706544701844041915/reviews?hl=en-US
ChZDSUhNMG9nS0VJQ0FnSUNlczZlbFlREAE,Awesome food good quantity I loved fish fry  even gadbad desert was very tasty, 4 months ago on   Google  ,2023-02-10 12:45:00.223263,5.0,Rekha Daggar,0,0,https://www.google.com/maps/contrib/115715724945855274782/reviews?hl=en-US
ChZDSUhNMG9nS0VJQ0FnSUNlM2VfLUp3EAE,Good service and good place 😊 …, 4 months ago on   Google  ,2023-02-10 12:45:00.225931,5.0,saleem dalvi,0,0,https://www.google.com/maps/contrib/100191033172104422115/reviews?hl=en-US
ChdDSUhNMG9nS0VJQ0FnSUNlNWQ3WHVnRRAB,Good taste in restaurant, 4 months ago on   Google  ,2023-02-10 12:45:00.227989,5.0,Vijay Kharkar,0,0,https://www.google.com/maps/contrib/108315872759403913603/reviews?hl=en-US
ChdDSUhNMG9nS0VJQ0FnSURtLUtmSzF3RRAB,, 4 months ago on   Google  ,2023-02-10 12:45:00.230088,5.0,Umesh Kamble,0,0,https://www.google.com/maps/contrib/109860385380843716929/reviews?hl=en-US
ChdDSUhNMG9nS0VJQ0FnSUNldXAtZXpnRRAB,"Restaurant is having Great ambiance with awsome quality and tasty food with good service, worth for money. sure visit if you crave for nice good food.", 4 months ago on   Google  ,2023-02-10 12:45:00.232060,5.0,Snehal Mhatre,0,0,https://www.google.com/maps/contrib/115052891613503289923/reviews?hl=en-US
ChdDSUhNMG9nS0VJQ0FnSUNlOUpmanNRRRAB,, 5 months ago on   Google  ,2023-02-10 12:45:00.234249,5.0,yogesh patil,0,0,https://www.google.com/maps/contrib/102148977308825166600/reviews?hl=en-US
ChZDSUhNMG9nS0VJQ0FnSUNlbUxQb0xBEAE,, 5 months ago on   Google  ,2023-02-10 12:45:12.035848,4.0,Hemant Vadke,0,0,https://www.google.com/maps/contrib/118389613715778231620/reviews?hl=en-US
ChdDSUhNMG9nS0VJQ0FnSUR1ejdqcjRRRRAB,, 5 months ago on   Google  ,2023-02-10 12:45:12.038457,4.0,DINESH GOLHAR,0,0,https://www.google.com/maps/contrib/108901658221151419108/reviews?hl=en-US
ChZDSUhNMG9nS0VJQ0FnSUR1ajdpdk1REAE,I always go here best place to be, 5 months ago on   Google  ,2023-02-10 12:45:12.041687,5.0,AVINASH PANICKER,0,0,https://www.google.com/maps/contrib/112911711580487974263/reviews?hl=en-US
ChdDSUhNMG9nS0VJQ0FnSUR1ODdHZHl3RRAB,, 5 months ago on   Google  ,2023-02-10 12:45:12.043620,3.0,Baljeet Singh,0,0,https://www.google.com/maps/contrib/100232135123496295552/reviews?hl=en-US
ChdDSUhNMG9nS0VJQ0FnSURVejhYQTd3RRAB,, 5 months ago on   Google  ,2023-02-10 12:45:12.045555,4.0,Kriti Garg,0,0,https://www.google.com/maps/contrib/100449593147582635283/reviews?hl=en-US
ChdDSUhNMG9nS0VJQ0FnSUR1alkyOXlRRRAB,A great place for a Family Outing... Dinner..., 5 months ago on   Google  ,2023-02-10 12:45:12.047418,5.0,Hansraj Ojha,0,0,https://www.google.com/maps/contrib/104281313639542532146/reviews?hl=en-US
ChZDSUhNMG9nS0VJQ0FnSUR1dFlXWmRBEAE,, 5 months ago on   Google  ,2023-02-10 12:45:12.050997,3.0,Saifi Wasim,0,0,https://www.google.com/maps/contrib/111724703916506332002/reviews?hl=en-US
ChZDSUhNMG9nS0VJQ0FnSUR1MGZxV1l3EAE,, 5 months ago on   Google  ,2023-02-10 12:45:12.053775,4.0,radhika deshmukh,0,0,https://www.google.com/maps/contrib/117264933579485761187/reviews?hl=en-US
ChdDSUhNMG9nS0VJQ0FnSUR1N3Z5QXFnRRAB,, 5 months ago on   Google  ,2023-02-10 12:45:12.057493,4.0,Vishvas Bhatkhande,0,0,https://www.google.com/maps/contrib/107529060052121954296/reviews?hl=en-US
ChZDSUhNMG9nS0VJQ0FnSUR1MXF6dklREAE,, 5 months ago on   Google  ,2023-02-10 12:45:12.059564,5.0,Lince Sebastian,0,0,https://www.google.com/maps/contrib/112996243766387693354/reviews?hl=en-US
ChZDSUhNMG9nS0VJQ0FnSUR1bXBXdUtBEAE,"Superb stay and fine dine. Loved the food and taste, quality and quantity. Excellent.", 5 months ago on   Google  ,2023-02-10 12:45:23.747745,5.0,Aniruddha Pandit,0,0,https://www.google.com/maps/contrib/113552897869304589780/reviews?hl=en-US
ChZDSUhNMG9nS0VJQ0FnSUR1cW9xSENnEAE,, 5 months ago on   Google  ,2023-02-10 12:45:23.750136,5.0,Vrushali mhatre,0,0,https://www.google.com/maps/contrib/104622726274999879219/reviews?hl=en-US
ChZDSUhNMG9nS0VJQ0FnSUR1bkpuWFdBEAE,The lift sound Is very irritating. I was there to attend a session and the sound was very much distracting., 5 months ago on   Google  ,2023-02-10 12:45:23.752984,3.0,CHIRAG PALRECHA,0,0,https://www.google.com/maps/contrib/100055771093004680677/reviews?hl=en-US
ChZDSUhNMG9nS0VJQ0FnSUN1dTh6SU9BEAE,"Good place for quick snack, coffee and meeting a friend...", 6 months ago on   Google  ,2023-02-10 12:45:23.755117,4.0,RVK Singh,0,0,https://www.google.com/maps/contrib/117092390473848179725/reviews?hl=en-US
ChdDSUhNMG9nS0VJQ0FnSUN1eGZyR3VnRRAB,Yummy food with nice ambiance and  friendly staff. Chicken lollipop and mutton biryani was very delicious. Best place for family gathering., 6 months ago on   Google  ,2023-02-10 12:45:23.757214,5.0,Selina Pammi,0,0,https://www.google.com/maps/contrib/102126422365345201414/reviews?hl=en-US
ChZDSUhNMG9nS0VJQ0FnSUN1eFpxUEF3EAE,"I have been to many restaurants around Panvel, trust me this is the best restaurant. Awesome food, great ambiance and very hygienic place . Staffs are very friendly. It’s a must try place with family.", 6 months ago on   Google  ,2023-02-10 12:45:23.759251,5.0,Nawaz Ahmed,0,0,https://www.google.com/maps/contrib/105115580250612763806/reviews?hl=en-US
ChZDSUhNMG9nS0VJQ0FnSUN1eGVxR2ZREAE,Food was delicious and yummy 🥳😋 …, 6 months ago on   Google  ,2023-02-10 12:45:23.762653,5.0,Mohammed Fazil,0,0,https://www.google.com/maps/contrib/102008248152525760865/reviews?hl=en-US
ChZDSUhNMG9nS0VJQ0FnSUN1eWZuYkR3EAE,, 6 months ago on   Google  ,2023-02-10 12:45:23.764677,5.0,Prasad Rokade,0,0,https://www.google.com/maps/contrib/112120858899713240043/reviews?hl=en-US
ChdDSUhNMG9nS0VJQ0FnSUN1Z2FiOF9RRRAB,, 6 months ago on   Google  ,2023-02-10 12:45:23.766694,1.0,MITHAAS CLINIC,0,0,https://www.google.com/maps/contrib/108233151689387469974/reviews?hl=en-US
ChZDSUhNMG9nS0VJQ0FnSUN1OXMyQkpnEAE,, 6 months ago on   Google  ,2023-02-10 12:45:23.771305,1.0,Abhishek Yadav,0,0,https://www.google.com/maps/contrib/106338010383897010991/reviews?hl=en-US
ChdDSUhNMG9nS0VJQ0FnSUN1LW9QUmdnRRAB,, 6 months ago on   Google  ,2023-02-10 12:45:35.871596,3.0,Anjali,0,0,https://www.google.com/maps/contrib/101857504666466178247/reviews?hl=en-US
ChdDSUhNMG9nS0VJQ0FnSUN1X1BLWXNnRRAB,, 6 months ago on   Google  ,2023-02-10 12:45:35.873980,5.0,Ajit Deshpande,0,0,https://www.google.com/maps/contrib/100076404352200895994/reviews?hl=en-US
ChdDSUhNMG9nS0VJQ0FnSUN1bkotOGhRRRAB,Super, 6 months ago on   Google  ,2023-02-10 12:45:35.875736,5.0,Mannoj Chawla,0,0,https://www.google.com/maps/contrib/116641017582746188615/reviews?hl=en-US
ChdDSUhNMG9nS0VJQ0FnSUN1ektmQXZBRRAB,, 6 months ago on   Google  ,2023-02-10 12:45:35.877587,4.0,NILANSI CHAUDHARI,0,0,https://www.google.com/maps/contrib/107331941312763312436/reviews?hl=en-US
ChZDSUhNMG9nS0VJQ0FnSURPNWJ5MFFBEAE,, 6 months ago on   Google  ,2023-02-10 12:45:35.879480,5.0,pradeep vighne,0,0,https://www.google.com/maps/contrib/105273962824926633720/reviews?hl=en-US
ChZDSUhNMG9nS0VJQ0FnSURPcVlhR2Z3EAE,, 7 months ago on   Google  ,2023-02-10 12:45:35.881496,5.0,Kalpesh Patil,0,0,https://www.google.com/maps/contrib/112961924152533765578/reviews?hl=en-US
ChZDSUhNMG9nS0VJQ0FnSURPa2FmTlR3EAE,, 7 months ago on   Google  ,2023-02-10 12:45:35.883408,5.0,ABHISHEK CHOUDHARY,0,0,https://www.google.com/maps/contrib/113758797608085995973/reviews?hl=en-US
ChZDSUhNMG9nS0VJQ0FnSURPdk1hQ0NnEAE,(Translated by Google) super  (Original) Supar, 7 months ago on   Google  ,2023-02-10 12:45:35.885346,3.0,ramnaresh yadav,0,0,https://www.google.com/maps/contrib/107937699718208503544/reviews?hl=en-US
ChdDSUhNMG9nS0VJQ0FnSURPNkkzUXJBRRAB,"I had a birthday party here for my niece, it was a great place, a little small but enough for a family party. Good food taste❤️ and very helpful staff here.", 7 months ago on   Google  ,2023-02-10 12:45:35.887200,5.0,saurabhdhure films,0,0,https://www.google.com/maps/contrib/113632272793409573141/reviews?hl=en-US
ChZDSUhNMG9nS0VJQ0FnSURPcE5UZ0RnEAE,Happy, 7 months ago on   Google  ,2023-02-10 12:45:35.889127,5.0,Arvind Sharma,0,0,https://www.google.com/maps/contrib/113664362253722152038/reviews?hl=en-US
ChZDSUhNMG9nS0VJQ0FnSURPaEpPaUh3EAE,, 7 months ago on   Google  ,2023-02-10 12:45:46.986153,4.0,Rashmi Deo,0,0,https://www.google.com/maps/contrib/100953828587371183087/reviews?hl=en-US
ChdDSUhNMG9nS0VJQ0FnSURPMlAzbmxBRRAB,Worth test....., 7 months ago on   Google  ,2023-02-10 12:45:46.987821,2.0,Ruchita Savlekar,0,0,https://www.google.com/maps/contrib/113435796086856107974/reviews?hl=en-US
ChdDSUhNMG9nS0VJQ0FnSURPOElpbWxBRRAB,, 7 months ago on   Google  ,2023-02-10 12:45:46.989384,5.0,Shubham Palvankar,0,0,https://www.google.com/maps/contrib/118034359496640711209/reviews?hl=en-US
ChZDSUhNMG9nS0VJQ0FnSURPc0liU0tnEAE,"Good food, Specially the starter", 7 months ago on   Google  ,2023-02-10 12:45:46.990953,4.0,ravindra patil,0,0,https://www.google.com/maps/contrib/114154535196025407810/reviews?hl=en-US
ChZDSUhNMG9nS0VJQ0FnSUNPdjVtTVdREAE,, 7 months ago on   Google  ,2023-02-10 12:45:46.992622,5.0,Hari Sawant,0,0,https://www.google.com/maps/contrib/114888622849883534247/reviews?hl=en-US
ChZDSUhNMG9nS0VJQ0FnSUNPbF9IbFp3EAE,, 7 months ago on   Google  ,2023-02-10 12:45:46.994207,4.0,Sarath Prasad,0,0,https://www.google.com/maps/contrib/116822729020751984340/reviews?hl=en-US
ChdDSUhNMG9nS0VJQ0FnSUNPMDVIYXBBRRAB,Good ambience, 7 months ago on   Google  ,2023-02-10 12:45:46.995862,5.0,Prashant Srivastava,0,0,https://www.google.com/maps/contrib/117333006050345418859/reviews?hl=en-US
ChdDSUhNMG9nS0VJQ0FnSUNPNWZLQ3FBRRAB,, 7 months ago on   Google  ,2023-02-10 12:45:46.997504,5.0,Asmit Gharat,0,0,https://www.google.com/maps/contrib/102535081322874244028/reviews?hl=en-US
ChZDSUhNMG9nS0VJQ0FnSUNPa2Z2UlRBEAE,Excellent ambience and good food....a bit on the pricey side but good ifbyoure going in a group, 7 months ago on   Google  ,2023-02-10 12:45:47.000089,5.0,Legendary Kingston,0,0,https://www.google.com/maps/contrib/108072610841651992806/reviews?hl=en-US
ChZDSUhNMG9nS0VJQ0FnSUNPNFp1WFdREAE,, 7 months ago on   Google  ,2023-02-10 12:45:47.001581,4.0,Jagruti Mahadik,0,0,https://www.google.com/maps/contrib/103430536540113263800/reviews?hl=en-US
ChdDSUhNMG9nS0VJQ0FnSUNPcnJmVnl3RRAB,, 7 months ago on   Google  ,2023-02-10 12:45:58.267375,3.0,Gagan Gangwar,0,0,https://www.google.com/maps/contrib/104556649211504635202/reviews?hl=en-US
ChZDSUhNMG9nS0VJQ0FnSUNPbHY2TmZ3EAE,"Good food, nice experience but little expensive.", 8 months ago on   Google  ,2023-02-10 12:45:58.268612,4.0,Roshan Sharma,0,0,https://www.google.com/maps/contrib/102458862249659337772/reviews?hl=en-US
ChZDSUhNMG9nS0VJQ0FnSUNPbHJLT1hREAE,, 8 months ago on   Google  ,2023-02-10 12:45:58.269943,5.0,Rohit Chandok,0,0,https://www.google.com/maps/contrib/115539207183271228967/reviews?hl=en-US
ChdDSUhNMG9nS0VJQ0FnSUNPMHVLbm53RRAB,, 8 months ago on   Google  ,2023-02-10 12:45:58.271216,4.0,Dr. Poonam Wase,0,0,https://www.google.com/maps/contrib/110225680292338255938/reviews?hl=en-US
ChZDSUhNMG9nS0VJQ0FnSUNPalBTYUhnEAE,One of the best restaurants in panvel Must try their Chicken ghee roast …, 8 months ago on   Google  ,2023-02-10 12:45:58.272484,5.0,Shantanu Kusalkar,0,0,https://www.google.com/maps/contrib/104149220452268935406/reviews?hl=en-US
ChZDSUhNMG9nS0VJQ0FnSUQycC1mdUtREAE,My working corian work, 8 months ago on   Google  ,2023-02-10 12:45:58.273806,5.0,Mukesh Kumar,0,0,https://www.google.com/maps/contrib/107727694344743874134/reviews?hl=en-US
ChdDSUhNMG9nS0VJQ0FnSUQyaC1LT3d3RRAB,, 8 months ago on   Google  ,2023-02-10 12:45:58.275032,4.0,Anil Joshi,0,0,https://www.google.com/maps/contrib/118029980382051963489/reviews?hl=en-US
ChZDSUhNMG9nS0VJQ0FnSUQyODRyaURBEAE,, 8 months ago on   Google  ,2023-02-10 12:45:58.276195,4.0,Rajat Kumar,0,0,https://www.google.com/maps/contrib/108840989245848990037/reviews?hl=en-US
ChZDSUhNMG9nS0VJQ0FnSUQybzdYS0V3EAE,Nice hotel and service are awesome, 8 months ago on   Google  ,2023-02-10 12:45:58.277535,5.0,Noor Mohammed,0,0,https://www.google.com/maps/contrib/111630671401559945893/reviews?hl=en-US
ChZDSUhNMG9nS0VJQ0FnSUQydGJTOVRREAE,, 8 months ago on   Google  ,2023-02-10 12:45:58.278793,4.0,Manvinder Singh,0,0,https://www.google.com/maps/contrib/111894830682056025142/reviews?hl=en-US
ChZDSUhNMG9nS0VJQ0FnSUQyNmNtWmR3EAE,, 8 months ago on   Google  ,2023-02-10 12:46:09.133001,5.0,Parth Mhatre,0,0,https://www.google.com/maps/contrib/105164585693271373180/reviews?hl=en-US
ChZDSUhNMG9nS0VJQ0FnSUQycWFlWmF3EAE,Good, 8 months ago on   Google  ,2023-02-10 12:46:09.134302,4.0,Akshay Gatule,0,0,https://www.google.com/maps/contrib/116928903006636459216/reviews?hl=en-US
ChdDSUhNMG9nS0VJQ0FnSUQycVlpa253RRAB,, 8 months ago on   Google  ,2023-02-10 12:46:09.135612,5.0,Sneha Bhosale,0,0,https://www.google.com/maps/contrib/117508510513887939582/reviews?hl=en-US
ChZDSUhNMG9nS0VJQ0FnSUQya2RLZ0V3EAE,, 8 months ago on   Google  ,2023-02-10 12:46:09.136888,5.0,Rahul Jha,0,0,https://www.google.com/maps/contrib/112382153614290920898/reviews?hl=en-US
ChZDSUhNMG9nS0VJQ0FnSUQyNGZuLVdREAE,, 8 months ago on   Google  ,2023-02-10 12:46:09.138065,5.0,Niraj Lalsangi,0,0,https://www.google.com/maps/contrib/102411017163526531279/reviews?hl=en-US
ChZDSUhNMG9nS0VJQ0FnSUQybnFXVGNBEAE,, 8 months ago on   Google  ,2023-02-10 12:46:09.139331,4.0,Mitali Mankame,0,0,https://www.google.com/maps/contrib/110384602983918539259/reviews?hl=en-US
ChdDSUhNMG9nS0VJQ0FnSUQyeHFidGx3RRAB,Foods good and quantity is good too. Service is good too., 8 months ago on   Google  ,2023-02-10 12:46:09.140572,5.0,Adnan Mookhtiar,0,0,https://www.google.com/maps/contrib/117028497730704721453/reviews?hl=en-US
ChZDSUhNMG9nS0VJQ0FnSUQybk9HbVVnEAE,, 9 months ago on   Google  ,2023-02-10 12:46:09.141916,4.0,Atul Panvel,0,0,https://www.google.com/maps/contrib/115567518028923165228/reviews?hl=en-US
ChZDSUhNMG9nS0VJQ0FnSUQyeE5lU0ZREAE,Very tasty food in dinner I like the f, 9 months ago on   Google  ,2023-02-10 12:46:09.143222,5.0,Dipesh Surte,0,0,https://www.google.com/maps/contrib/100991218678822807698/reviews?hl=en-US
ChZDSUhNMG9nS0VJQ0FnSUMydjd1dEV3EAE,Well, 9 months ago on   Google  ,2023-02-10 12:46:09.144486,3.0,Anil Chauhan,0,0,https://www.google.com/maps/contrib/111581151289448786345/reviews?hl=en-US
ChZDSUhNMG9nS0VJQ0FnSUMycjdIbERBEAE,, 9 months ago on   Google  ,2023-02-10 12:46:20.034802,3.0,Vikas More,0,0,https://www.google.com/maps/contrib/112701172763622445706/reviews?hl=en-US
ChdDSUhNMG9nS0VJQ0FnSUMydDV5VDN3RRAB,, 9 months ago on   Google  ,2023-02-10 12:46:20.036161,4.0,Shital Chavan,0,0,https://www.google.com/maps/contrib/112296170499822936756/reviews?hl=en-US
ChdDSUhNMG9nS0VJQ0FnSUMyamRXNDZ3RRAB,, 9 months ago on   Google  ,2023-02-10 12:46:20.037381,3.0,Prasad Nichite,0,0,https://www.google.com/maps/contrib/100693964273178488993/reviews?hl=en-US
ChdDSUhNMG9nS0VJQ0FnSUMyMVkyRDJ3RRAB,, 9 months ago on   Google  ,2023-02-10 12:46:20.038556,4.0,Guru Murthy,0,0,https://www.google.com/maps/contrib/115080157256639079604/reviews?hl=en-US
ChdDSUhNMG9nS0VJQ0FnSUMydVo3WjJnRRAB,"Services good, centrally located, highway noise irritating.", 9 months ago on   Google  ,2023-02-10 12:46:20.039765,3.0,Pradeep,0,0,https://www.google.com/maps/contrib/116359167720159168484/reviews?hl=en-US
ChZDSUhNMG9nS0VJQ0FnSUMya2UzS0JREAE,, 9 months ago on   Google  ,2023-02-10 12:46:20.041109,5.0,Poonam Jadhav,0,0,https://www.google.com/maps/contrib/106140999888091283416/reviews?hl=en-US
ChdDSUhNMG9nS0VJQ0FnSUMya2ViMXJnRRAB,Nice ambience and good service., 9 months ago on   Google  ,2023-02-10 12:46:20.042351,5.0,Sujay Krishnan,0,0,https://www.google.com/maps/contrib/117726162543560187617/reviews?hl=en-US
ChZDSUhNMG9nS0VJQ0FnSUMyd2JYR1FREAE,, 9 months ago on   Google  ,2023-02-10 12:46:20.043566,5.0,Sheetal Mane,0,0,https://www.google.com/maps/contrib/109167868315221026754/reviews?hl=en-US
ChZDSUhNMG9nS0VJQ0FnSUMyMm9XTEdBEAE,, 9 months ago on   Google  ,2023-02-10 12:46:20.044955,4.0,Deepak Shettigar,0,0,https://www.google.com/maps/contrib/111845695289197749385/reviews?hl=en-US
ChZDSUhNMG9nS0VJQ0FnSUMybXN5cFNnEAE,, 9 months ago on   Google  ,2023-02-10 12:46:20.046308,3.0,Deepali shukla,0,0,https://www.google.com/maps/contrib/106485578928711206015/reviews?hl=en-US
ChZDSUhNMG9nS0VJQ0FnSUMyaXByZFhnEAE,, 9 months ago on   Google  ,2023-02-10 12:46:31.541355,4.0,Aakash Dave sir Physics,0,0,https://www.google.com/maps/contrib/111915015666422751523/reviews?hl=en-US
ChZDSUhNMG9nS0VJQ0FnSUMyZ3J2dlRREAE,, 9 months ago on   Google  ,2023-02-10 12:46:31.542755,5.0,rasid kumbhar,0,0,https://www.google.com/maps/contrib/115252072367942154914/reviews?hl=en-US
ChZDSUhNMG9nS0VJQ0FnSUMydE1pa0tREAE,, 9 months ago on   Google  ,2023-02-10 12:46:31.544002,4.0,sweet nature,0,0,https://www.google.com/maps/contrib/110653261270122949689/reviews?hl=en-US
ChZDSUhNMG9nS0VJQ0FnSUNNdi02eVpREAE,Good place., 9 months ago on   Google  ,2023-02-10 12:46:31.545342,5.0,Balamurugan Kumaresan,0,0,https://www.google.com/maps/contrib/100780691711094811155/reviews?hl=en-US
ChZDSUhNMG9nS0VJQ0FnSUNvMmUzQk1REAE,Great food. Probably the best in the city. Do try out sometime., 9 months ago on   Google  ,2023-02-10 12:46:31.546593,5.0,Pratik Singh,0,0,https://www.google.com/maps/contrib/111535505515592106110/reviews?hl=en-US
ChdDSUhNMG9nS0VJQ0FnSUMya0l2Q3FnRRAB,Good service with food quality, 10 months ago on   Google  ,2023-02-10 12:46:31.547875,4.0,Dushyant Deore,0,0,https://www.google.com/maps/contrib/117729308843598277654/reviews?hl=en-US
ChdDSUhNMG9nS0VJQ0FnSUMya05iSXh3RRAB,Nice taste of food, 10 months ago on   Google  ,2023-02-10 12:46:31.549240,4.0,UDAY KUMAR SINGH,0,0,https://www.google.com/maps/contrib/111202944006045953764/reviews?hl=en-US
ChZDSUhNMG9nS0VJQ0FnSUMyb09XN0hnEAE,, 10 months ago on   Google  ,2023-02-10 12:46:31.550509,3.0,sachin Narwade Patil,0,0,https://www.google.com/maps/contrib/116361776169762091388/reviews?hl=en-US
ChZDSUhNMG9nS0VJQ0FnSURXMF91Q1JREAE,, 10 months ago on   Google  ,2023-02-10 12:46:31.551749,1.0,Pranav Adsare,0,0,https://www.google.com/maps/contrib/115098068406409336551/reviews?hl=en-US
ChdDSUhNMG9nS0VJQ0FnSURXdGFIRDVnRRAB,, 10 months ago on   Google  ,2023-02-10 12:46:31.553045,4.0,Pramod patil,0,0,https://www.google.com/maps/contrib/118320396327563390503/reviews?hl=en-US
ChdDSUhNMG9nS0VJQ0FnSURXdGNHYjVBRRAB,, 10 months ago on   Google  ,2023-02-10 12:46:42.666516,1.0,Roshan Sawant,0,0,https://www.google.com/maps/contrib/106462474709824643058/reviews?hl=en-US
ChdDSUhNMG9nS0VJQ0FnSURXeGF5TF9nRRAB,Good, 10 months ago on   Google  ,2023-02-10 12:46:42.667989,4.0,Potnoor Naveen,0,0,https://www.google.com/maps/contrib/113414200096755037993/reviews?hl=en-US
ChZDSUhNMG9nS0VJQ0FnSURXNGRYTGNREAE,All is well, 10 months ago on   Google  ,2023-02-10 12:46:42.669385,5.0,Baburao Upadhye,0,0,https://www.google.com/maps/contrib/108952311288198119608/reviews?hl=en-US
ChZDSUhNMG9nS0VJQ0FnSURXc3VIQVlREAE,Good stay with amazing food. Very good service provided by Mr Ali., 10 months ago on   Google  ,2023-02-10 12:46:42.670749,5.0,Jitesh Lapasiya,0,0,https://www.google.com/maps/contrib/111758603742329624741/reviews?hl=en-US
ChdDSUhNMG9nS0VJQ0FnSURXMHJPYXlRRRAB,, 10 months ago on   Google  ,2023-02-10 12:46:42.672095,1.0,Pritam Gupta,0,0,https://www.google.com/maps/contrib/108612767220793216224/reviews?hl=en-US
ChdDSUhNMG9nS0VJQ0FnSURXa3QyUGtRRRAB,, 10 months ago on   Google  ,2023-02-10 12:46:42.673474,4.0,IX B 37 Varad Patil Patil,0,0,https://www.google.com/maps/contrib/102585840297744625069/reviews?hl=en-US
ChZDSUhNMG9nS0VJQ0FnSURXeExTc1ZREAE,So so, 10 months ago on   Google  ,2023-02-10 12:46:42.674924,3.0,Dnyanada Kadam,0,0,https://www.google.com/maps/contrib/106471864498222864192/reviews?hl=en-US
ChdDSUhNMG9nS0VJQ0FnSURXcU0tSXd3RRAB,, 10 months ago on   Google  ,2023-02-10 12:46:42.676376,5.0,Anwar Shaikh,0,0,https://www.google.com/maps/contrib/101971013987992808597/reviews?hl=en-US
ChZDSUhNMG9nS0VJQ0FnSURXZ1BHa09REAE,, 10 months ago on   Google  ,2023-02-10 12:46:42.677685,5.0,Amruta Kavale,0,0,https://www.google.com/maps/contrib/106863432740764598978/reviews?hl=en-US
ChZDSUhNMG9nS0VJQ0FnSUNXd19HVVFBEAE,, 11 months ago on   Google  ,2023-02-10 12:46:42.679911,5.0,Yash Datir,0,0,https://www.google.com/maps/contrib/109152431472950986947/reviews?hl=en-US
ChdDSUhNMG9nS0VJQ0FnSUNXbmYyOTZ3RRAB,Good food and taste✅️, 11 months ago on   Google  ,2023-02-10 12:46:53.604316,4.0,Suryakant Patil,0,0,https://www.google.com/maps/contrib/110713673764374539574/reviews?hl=en-US
ChdDSUhNMG9nS0VJQ0FnSUNXeGVxYm5BRRAB,Gr8 place. Nice hotel .Good food., 11 months ago on   Google  ,2023-02-10 12:46:53.605802,5.0,Shubhada Dasgaonkar,0,0,https://www.google.com/maps/contrib/105459665239334897833/reviews?hl=en-US
ChdDSUhNMG9nS0VJQ0FnSUNXeWFxODZnRRAB,, 11 months ago on   Google  ,2023-02-10 12:46:53.607061,5.0,vithal pavkar,0,0,https://www.google.com/maps/contrib/117351296515741616010/reviews?hl=en-US
ChZDSUhNMG9nS0VJQ0FnSUNXcnNUX2V3EAE,Good Food, 11 months ago on   Google  ,2023-02-10 12:46:53.608278,5.0,Nilesh Talekar,0,0,https://www.google.com/maps/contrib/104976210853455583625/reviews?hl=en-US
ChdDSUhNMG9nS0VJQ0FnSUNXem82cjdRRRAB,Nice, 11 months ago on   Google  ,2023-02-10 12:46:53.609659,4.0,Yash Bhoir,0,0,https://www.google.com/maps/contrib/107361335728198100656/reviews?hl=en-US
ChZDSUhNMG9nS0VJQ0FnSUNXenJpX053EAE,, 11 months ago on   Google  ,2023-02-10 12:46:53.610982,5.0,Vaibhav Bangar,0,0,https://www.google.com/maps/contrib/101855733453419130466/reviews?hl=en-US
ChdDSUhNMG9nS0VJQ0FnSUNXNnZ5Rjd3RRAB,, 11 months ago on   Google  ,2023-02-10 12:46:53.612157,4.0,Omkar Salunke,0,0,https://www.google.com/maps/contrib/105347157585821747967/reviews?hl=en-US
ChdDSUhNMG9nS0VJQ0FnSUNXNm9DVDJ3RRAB,, 11 months ago on   Google  ,2023-02-10 12:46:53.613444,4.0,Valentine Dsouza,0,0,https://www.google.com/maps/contrib/114365875749247732233/reviews?hl=en-US
ChdDSUhNMG9nS0VJQ0FnSUNXa3RyVXlBRRAB,Good tastes really good at the give price., 11 months ago on   Google  ,2023-02-10 12:46:53.614695,4.0,Pravin Pawar,0,0,https://www.google.com/maps/contrib/102117375539321288648/reviews?hl=en-US
ChZDSUhNMG9nS0VJQ0FnSUNXN011TFFREAE,, 11 months ago on   Google  ,2023-02-10 12:46:53.615998,4.0,SACHIN JOSHI,0,0,https://www.google.com/maps/contrib/104722661291927824898/reviews?hl=en-US
ChdDSUhNMG9nS0VJQ0FnSUNXakkySF9RRRAB,, 11 months ago on   Google  ,2023-02-10 12:47:05.476040,5.0,vinita gore - bhide,0,0,https://www.google.com/maps/contrib/111859484102213414086/reviews?hl=en-US
ChdDSUhNMG9nS0VJQ0FnSUNXc0pQUDV3RRAB,, 11 months ago on   Google  ,2023-02-10 12:47:05.477378,5.0,Sakina Baldiwala,0,0,https://www.google.com/maps/contrib/106452318931271628503/reviews?hl=en-US
ChZDSUhNMG9nS0VJQ0FnSUNXd0pidkRnEAE,delicious food, 11 months ago on   Google  ,2023-02-10 12:47:05.478727,4.0,SANDEEP JAWALE,0,0,https://www.google.com/maps/contrib/108880730980897462374/reviews?hl=en-US
ChdDSUhNMG9nS0VJQ0FnSURtOTdmYzV3RRAB,, 11 months ago on   Google  ,2023-02-10 12:47:05.480088,5.0,Sunita D'cruz,0,0,https://www.google.com/maps/contrib/115703926718513495587/reviews?hl=en-US
ChZDSUhNMG9nS0VJQ0FnSURtOTdDdFhBEAE,Best place to have family dinner, 11 months ago on   Google  ,2023-02-10 12:47:05.481356,5.0,Mihir Dake,0,0,https://www.google.com/maps/contrib/109452267010940343032/reviews?hl=en-US
ChdDSUhNMG9nS0VJQ0FnSURtNTctTV9nRRAB,, 11 months ago on   Google  ,2023-02-10 12:47:05.482542,4.0,Charushri Badhe,0,0,https://www.google.com/maps/contrib/114904101687131597562/reviews?hl=en-US
ChdDSUhNMG9nS0VJQ0FnSURtay1TNTFBRRAB,, a year ago on   Google  ,2023-02-10 12:47:05.483744,5.0,Gavandeavinash@gmail.com Avinash28,0,0,https://www.google.com/maps/contrib/106521605808867476755/reviews?hl=en-US
ChdDSUhNMG9nS0VJQ0FnSURteWZlT3hRRRAB,, a year ago on   Google  ,2023-02-10 12:47:05.484934,4.0,Pankaj Desai,0,0,https://www.google.com/maps/contrib/103861879141077271981/reviews?hl=en-US
ChZDSUhNMG9nS0VJQ0FnSURtMGNlYlFBEAE,, a year ago on   Google  ,2023-02-10 12:47:05.486057,5.0,Ravindersingh Virk,0,0,https://www.google.com/maps/contrib/100762556482284185944/reviews?hl=en-US
ChdDSUhNMG9nS0VJQ0FnSURtd2EtUXhBRRAB,As usual food quality is excellent., a year ago on   Google  ,2023-02-10 12:47:05.487284,5.0,Umesh Bhosale,0,0,https://www.google.com/maps/contrib/101133858445908649850/reviews?hl=en-US
ChdDSUhNMG9nS0VJQ0FnSURtNHF5Mm1nRRAB,Wonder full service Good hospitality Good food Over all excellent, a year ago on   Google  ,2023-02-10 12:47:17.390960,5.0,Zaid Burud,0,0,https://www.google.com/maps/contrib/102313975062001502403/reviews?hl=en-US
ChZDSUhNMG9nS0VJQ0FnSURtck1YYVdREAE,"Good clean rooms, good service", a year ago on   Google  ,2023-02-10 12:47:17.392580,5.0,Parag Panvalkar,0,0,https://www.google.com/maps/contrib/110571371009303520609/reviews?hl=en-US
ChdDSUhNMG9nS0VJQ0FnSURteEtmcW9nRRAB,The food is lovely., a year ago on   Google  ,2023-02-10 12:47:17.394231,5.0,shweta deshmukh,0,0,https://www.google.com/maps/contrib/117498699052216311455/reviews?hl=en-US
ChdDSUhNMG9nS0VJQ0FnSURtOElqYWh3RRAB,, a year ago on   Google  ,2023-02-10 12:47:17.395735,4.0,Namrata Narkhede,0,0,https://www.google.com/maps/contrib/111669902907816586722/reviews?hl=en-US
ChdDSUhNMG9nS0VJQ0FnSURtZ0l1LWdRRRAB,"Thai food we get there is too good, fabulous taste...", a year ago on   Google  ,2023-02-10 12:47:17.397262,5.0,Tanay Patil,0,0,https://www.google.com/maps/contrib/107687977678753580026/reviews?hl=en-US
ChZDSUhNMG9nS0VJQ0FnSUNtMy11OWRnEAE,, a year ago on   Google  ,2023-02-10 12:47:17.398698,5.0,Jasmeet Kaur Kalsi,0,0,https://www.google.com/maps/contrib/107635047311758210437/reviews?hl=en-US
ChdDSUhNMG9nS0VJQ0FnSUNtLTlYNXVBRRAB,, a year ago on   Google  ,2023-02-10 12:47:17.400061,5.0,INDRESH CHAUHAN,0,0,https://www.google.com/maps/contrib/102378910812761611428/reviews?hl=en-US
ChdDSUhNMG9nS0VJQ0FnSUNtemJXTHZ3RRAB,, a year ago on   Google  ,2023-02-10 12:47:17.401505,5.0,Parvez Khan,0,0,https://www.google.com/maps/contrib/107513894980252044382/reviews?hl=en-US
ChdDSUhNMG9nS0VJQ0FnSUNtamUtTDlBRRAB,, a year ago on   Google  ,2023-02-10 12:47:17.403947,4.0,prakash indi,0,0,https://www.google.com/maps/contrib/117370110344785242548/reviews?hl=en-US
ChdDSUhNMG9nS0VJQ0FnSUNtamVDTnpRRRAB,, a year ago on   Google  ,2023-02-10 12:47:17.405428,5.0,NIKHAT KAROL,0,0,https://www.google.com/maps/contrib/114610405805346873717/reviews?hl=en-US
ChdDSUhNMG9nS0VJQ0FnSUNtbGJfdDRBRRAB,, a year ago on   Google  ,2023-02-10 12:47:28.722848,5.0,Manojkumar Bodhey,0,0,https://www.google.com/maps/contrib/117306308118130646403/reviews?hl=en-US
ChdDSUhNMG9nS0VJQ0FnSUNtNWRXVTNBRRAB,Descent place as a stop over. Keep ur expectations low., a year ago on   Google  ,2023-02-10 12:47:28.724174,3.0,Darayash Gocal,0,0,https://www.google.com/maps/contrib/101016372535160993752/reviews?hl=en-US
ChdDSUhNMG9nS0VJQ0FnSUNtNllId2tnRRAB,, a year ago on   Google  ,2023-02-10 12:47:28.725470,3.0,rohit Verma,0,0,https://www.google.com/maps/contrib/113446831852312787967/reviews?hl=en-US
ChdDSUhNMG9nS0VJQ0FnSUNtcWRmSTV3RRAB,, a year ago on   Google  ,2023-02-10 12:47:28.726737,5.0,Ashish Garnaik,0,0,https://www.google.com/maps/contrib/104624452668819537431/reviews?hl=en-US
ChdDSUhNMG9nS0VJQ0FnSUNtcVo2cnJBRRAB,Very taste food but the presentation was not good as per the money they take from us Service is very fast, a year ago on   Google  ,2023-02-10 12:47:28.727923,2.0,iampradeep,0,0,https://www.google.com/maps/contrib/109660378327274044202/reviews?hl=en-US
ChZDSUhNMG9nS0VJQ0FnSUNta1lDd0tBEAE,(Translated by Google) Good hotel with good staff  (Original) Good hotel ang good staff, a year ago on   Google  ,2023-02-10 12:47:28.729189,4.0,Ashish Sawant,0,0,https://www.google.com/maps/contrib/100737838393282929599/reviews?hl=en-US
ChdDSUhNMG9nS0VJQ0FnSUNtX3JlanFnRRAB,, a year ago on   Google  ,2023-02-10 12:47:28.730366,5.0,D Patel,0,0,https://www.google.com/maps/contrib/115193092386080702040/reviews?hl=en-US
ChdDSUhNMG9nS0VJQ0FnSUNtX3NtdHlBRRAB,Ambience is good and food is tasty, a year ago on   Google  ,2023-02-10 12:47:28.731533,4.0,Kuresh Sevaliyawala,0,0,https://www.google.com/maps/contrib/114175616128640350227/reviews?hl=en-US
ChZDSUhNMG9nS0VJQ0FnSUNtcnFyb0pnEAE,Nice looking for butifful hotel in a nice place, a year ago on   Google  ,2023-02-10 12:47:28.732862,4.0,Rupesh Mhatre,0,0,https://www.google.com/maps/contrib/109583953432843100577/reviews?hl=en-US
ChdDSUhNMG9nS0VJQ0FnSUNtbHJTQjJ3RRAB,Delicious Food Quality, a year ago on   Google  ,2023-02-10 12:47:28.734093,4.0,SUNIL NANA JOSHI,0,0,https://www.google.com/maps/contrib/111517657602788530204/reviews?hl=en-US
ChZDSUhNMG9nS0VJQ0FnSUNtanBYeUpBEAE,Nice to dine., a year ago on   Google  ,2023-02-10 12:47:43.004911,5.0,Pamin Chakravarty,0,0,https://www.google.com/maps/contrib/107790077489687032882/reviews?hl=en-US
ChdDSUhNMG9nS0VJQ0FnSUNtanFtU213RRAB,, a year ago on   Google  ,2023-02-10 12:47:43.006407,4.0,Danny Dole,0,0,https://www.google.com/maps/contrib/109497207473491385143/reviews?hl=en-US
ChdDSUhNMG9nS0VJQ0FnSUNtanQ3VTd3RRAB,"We went to this place for a program, Decorations and arrangements were good. Starters, welcome drink followed by dinner were tasty and totally upto our …", a year ago on   Google  ,2023-02-10 12:47:43.007776,4.0,Suruchi Agashe,0,0,https://www.google.com/maps/contrib/104984007637422906129/reviews?hl=en-US
ChZDSUhNMG9nS0VJQ0FnSUNtOXBqcUt3EAE,Awesome food quality, a year ago on   Google  ,2023-02-10 12:47:43.009383,5.0,Ajay Sharma,0,0,https://www.google.com/maps/contrib/117161329271808311302/reviews?hl=en-US
ChdDSUhNMG9nS0VJQ0FnSUNtbHRtUS1RRRAB,Good, a year ago on   Google  ,2023-02-10 12:47:43.011054,5.0,MANTHAN AMBOLKAR,0,0,https://www.google.com/maps/contrib/102207746415477175314/reviews?hl=en-US
ChZDSUhNMG9nS0VJQ0FnSUNtNXRqMVpnEAE,, a year ago on   Google  ,2023-02-10 12:47:43.012511,4.0,Arani Swapnil Morye,0,0,https://www.google.com/maps/contrib/108430326477824724214/reviews?hl=en-US
ChZDSUhNMG9nS0VJQ0FnSUNtdXNLRFRBEAE,The taste here is awesome. Staff is polite and service is quick., a year ago on   Google  ,2023-02-10 12:47:43.014129,5.0,Aniket Bhise,0,0,https://www.google.com/maps/contrib/103837448007900187787/reviews?hl=en-US
ChdDSUhNMG9nS0VJQ0FnSUNtMnRudjRBRRAB,, a year ago on   Google  ,2023-02-10 12:47:43.015658,4.0,siddharth mankame,0,0,https://www.google.com/maps/contrib/116768501821054660771/reviews?hl=en-US
ChdDSUhNMG9nS0VJQ0FnSUNtMm9UX2d3RRAB,Nice service & good taste, a year ago on   Google  ,2023-02-10 12:47:43.018365,5.0,Ganesh Kanade (Kanadeg),0,0,https://www.google.com/maps/contrib/109987613997669065752/reviews?hl=en-US
ChZDSUhNMG9nS0VJQ0FnSUNtMnZDZWFnEAE,Good banquet hall. Nice and tasty food. Good ambience of restaurant. Parking facility also available., a year ago on   Google  ,2023-02-10 12:47:43.019904,5.0,Hrishikesh Gurjar,0,0,https://www.google.com/maps/contrib/112065013120215005313/reviews?hl=en-US
