id_review,caption,relative_date,retrieval_date,rating,username,n_review_user,n_photo_user,url_user
ChZDSUhNMG9nS0VJQ0FnSUNoaXM2NEtREAE,, 11 hours ago on   Google  ,2023-02-10 14:11:31.623918,1.0,Hetvi Patel,0,0,https://www.google.com/maps/contrib/117926606854501799246/reviews?hl=en-US
ChZDSUhNMG9nS0VJQ0FnSUNoOHZHUVRREAE,, 15 hours ago on   Google  ,2023-02-10 14:11:31.625244,5.0,rahul mayekar,0,0,https://www.google.com/maps/contrib/107568280459810663207/reviews?hl=en-US
ChdDSUhNMG9nS0VJQ0FnSUNob3JIQjlBRRAB,"Good property but seen lot of mismanagement, lack of cleanliness and proper housekeeping …", a day ago on   Google  ,2023-02-10 14:11:31.626507,3.0,prem singh mehta,0,0,https://www.google.com/maps/contrib/100513494243791958372/reviews?hl=en-US
ChdDSUhNMG9nS0VJQ0FnSUNoLUxXWG5BRRAB,"Excellent service and hospitality by Staff Shafiq and Siddharth, recommend to stay with family and friends", 5 days ago on   Google  ,2023-02-10 14:11:31.627678,5.0,deepak bhatia,0,0,https://www.google.com/maps/contrib/105933809527087801972/reviews?hl=en-US
ChdDSUhNMG9nS0VJQ0FnSURCNl82UzlnRRAB,Very good service. Always ready to help. Amazing experience. Great for a group of 10. The helpers very super helpful especially- Sagar and Sharif, a week ago on   Google  ,2023-02-10 14:11:31.629002,5.0,Krimish Talati,0,0,https://www.google.com/maps/contrib/116815527330955287700/reviews?hl=en-US
ChZDSUhNMG9nS0VJQ0FnSURCbzVMRVJ3EAE,"Not good for wedding function, no proper cleanliness maintained", a week ago on   Google  ,2023-02-10 14:11:31.630345,1.0,HEET V,0,0,https://www.google.com/maps/contrib/109921617419692750526/reviews?hl=en-US
ChRDSUhNMG9nS0VJQ0FnSURCd19wYhAB,I went here at my friend's wedding reception The environment of this place is excellent they have big bungalows and a very big open ground for the event's place is situated near khopoli., a week ago on   Google  ,2023-02-10 14:11:31.631638,5.0,Jas Singh,0,0,https://www.google.com/maps/contrib/116047151076127145550/reviews?hl=en-US
ChdDSUhNMG9nS0VJQ0FnSURCX2Zfa3RnRRAB,, 2 weeks ago on   Google  ,2023-02-10 14:11:31.632978,4.0,Raj Naik,0,0,https://www.google.com/maps/contrib/102105063845419679947/reviews?hl=en-US
ChZDSUhNMG9nS0VJQ0FnSURCX2YtRFFREAE,, 2 weeks ago on   Google  ,2023-02-10 14:11:31.634107,2.0,vinod parmar,0,0,https://www.google.com/maps/contrib/110473200228032381652/reviews?hl=en-US
ChdDSUhNMG9nS0VJQ0FnSURCM2RhUHJBRRAB,, 2 weeks ago on   Google  ,2023-02-10 14:11:31.635174,5.0,DIPTI JAIN,0,0,https://www.google.com/maps/contrib/107574450038313763044/reviews?hl=en-US
ChZDSUhNMG9nS0VJQ0FnSURCN2NDN1dREAE,Excellent service and food... Good place to spend short trip--- Kalpesh, 2 weeks ago on   Google  ,2023-02-10 14:11:31.636328,5.0,Kalpesh Mhamunkar,0,0,https://www.google.com/maps/contrib/116361923463380977405/reviews?hl=en-US
ChZDSUhNMG9nS0VJQ0FnSURCN2NDVlZREAE,"Gafur and Ranjit,. Very nice service, i like it", 2 weeks ago on   Google  ,2023-02-10 14:11:31.637548,5.0,Girish Chitre,0,0,https://www.google.com/maps/contrib/103346405624958820530/reviews?hl=en-US
ChdDSUhNMG9nS0VJQ0FnSUN3NU9LNHV3RRAB,Gafur  and Ranjeet and sattar given great srivce and good behave, 2 weeks ago on   Google  ,2023-02-10 14:11:31.638669,5.0,Dinesh Singh,0,0,https://www.google.com/maps/contrib/110564393329380523490/reviews?hl=en-US
ChZDSUhNMG9nS0VJQ0FnSURCcGZmZmVnEAE,"There's none to pickup your luggage or even guide you where to go about once inside the property, no concept of reception here, premise is filthy and unhygienic. …", 2 weeks ago on   Google  ,2023-02-10 14:11:31.639806,1.0,Mohammed Imran,0,0,https://www.google.com/maps/contrib/114908319290188591819/reviews?hl=en-US
ChdDSUhNMG9nS0VJQ0FnSURCMVpfZS1nRRAB,"Excellent, Mr. Sagar, Mr. Sharif. Good location Nice place.", 2 weeks ago on   Google  ,2023-02-10 14:11:31.640988,5.0,Jaffer Ansari,0,0,https://www.google.com/maps/contrib/114964456389104886819/reviews?hl=en-US
ChdDSUhNMG9nS0VJQ0FnSURCaGNxMTJRRRAB,, 2 weeks ago on   Google  ,2023-02-10 14:11:31.642146,4.0,Rishabh Solanki,0,0,https://www.google.com/maps/contrib/100469243505795955502/reviews?hl=en-US
ChdDSUhNMG9nS0VJQ0FnSURCc2JDTW9BRRAB,"The stay was very pleasant... Mr Gafoor and Mr Ranjit provided excellent services. Very humble and prompt. Need to have recreational facilities like carrom, table tennis etc", 2 weeks ago on   Google  ,2023-02-10 14:11:31.643292,5.0,vinit kulkarni,0,0,https://www.google.com/maps/contrib/113210649036746818608/reviews?hl=en-US
ChZDSUhNMG9nS0VJQ0FnSURCc2RDS1hBEAE,Nice place to visit., 2 weeks ago on   Google  ,2023-02-10 14:11:31.644471,4.0,Sagar Nagwekar,0,0,https://www.google.com/maps/contrib/110244317712765035500/reviews?hl=en-US
ChZDSUhNMG9nS0VJQ0FnSURCOXVUVUpBEAE,, 3 weeks ago on   Google  ,2023-02-10 14:11:31.645719,5.0,Minu'z kitchen,0,0,https://www.google.com/maps/contrib/105123428675297504900/reviews?hl=en-US
ChdDSUhNMG9nS0VJQ0FnSUNCM3Z6Z3p3RRAB,"No proper services available in Resort. Even drinking water not provided in rooms. No tea bags, hot water kettle etc provided in rooms. …", 3 weeks ago on   Google  ,2023-02-10 14:11:31.646885,1.0,prafulla ingle,0,0,https://www.google.com/maps/contrib/109716392066527022344/reviews?hl=en-US
ChdDSUhNMG9nS0VJQ0FnSURCb3NIVXJnRRAB,We really liked the service and the property.. The food was Awesome; especially the Biryani.. I would also love to mention Sharif and Sagar about the quality of service they provided. They were awesome.., 3 weeks ago on   Google  ,2023-02-10 14:11:42.350189,5.0,Nibin Parakkal,0,0,https://www.google.com/maps/contrib/113514867167053178331/reviews?hl=en-US
ChdDSUhNMG9nS0VJQ0FnSURCb3RIczJ3RRAB,Excellent property & service.sagar Sharif & kazi were very helpful, 3 weeks ago on   Google  ,2023-02-10 14:11:42.351488,5.0,sunil vijan,0,0,https://www.google.com/maps/contrib/101932001257398126802/reviews?hl=en-US
ChdDSUhNMG9nS0VJQ0FnSURCb3BHUDZ3RRAB,Excellent food quality & ambience And excellent service given by Gafur & Ranjeet, 3 weeks ago on   Google  ,2023-02-10 14:11:42.352889,5.0,Harshal Bhuse,0,0,https://www.google.com/maps/contrib/102838243790349266349/reviews?hl=en-US
ChdDSUhNMG9nS0VJQ0FnSURCbEllVGtRRRAB,Good property, 4 weeks ago on   Google  ,2023-02-10 14:11:42.354178,3.0,Rinkukohli45@gmail.com Kohli,0,0,https://www.google.com/maps/contrib/110785816447242830630/reviews?hl=en-US
ChZDSUhNMG9nS0VJQ0FnSUNCbzRMdUFREAE,"Visited Holiday aapke liye in khopoli. Superb, and very quic service. Staff is too much helpful and there is two people who are very very Awesome please, the name is Gafur and Ranjit.. i love the way both are providing service.. on time …", a month ago on   Google  ,2023-02-10 14:11:42.355453,5.0,Alok Dikshit,0,0,https://www.google.com/maps/contrib/112935510032314545854/reviews?hl=en-US
ChZDSUhNMG9nS0VJQ0FnSUNCbzh5VGVnEAE,"Excellent stay, enjoying instant services by staff Gaffoor and Ranjeet. I like to visit again.", a month ago on   Google  ,2023-02-10 14:11:42.356804,5.0,vipul dhapodkar,0,0,https://www.google.com/maps/contrib/102561830267446800952/reviews?hl=en-US
ChZDSUhNMG9nS0VJQ0FnSUNCb19UYU13EAE,Experience was good, a month ago on   Google  ,2023-02-10 14:11:42.358154,4.0,vishal jadhav,0,0,https://www.google.com/maps/contrib/108773835335925416491/reviews?hl=en-US
ChdDSUhNMG9nS0VJQ0FnSUNCdmFTdW1RRRAB,, a month ago on   Google  ,2023-02-10 14:11:42.359495,5.0,Abbas Neemuchwala,0,0,https://www.google.com/maps/contrib/104639973528859876574/reviews?hl=en-US
ChdDSUhNMG9nS0VJQ0FnSUNCM2VURTBRRRAB,, a month ago on   Google  ,2023-02-10 14:11:42.360858,5.0,Arshana Wadia,0,0,https://www.google.com/maps/contrib/112294063884287726521/reviews?hl=en-US
ChZDSUhNMG9nS0VJQ0FnSUNCbmQ2eUJ3EAE,, a month ago on   Google  ,2023-02-10 14:11:42.362147,5.0,BALKRISHNA VADAM,0,0,https://www.google.com/maps/contrib/103840403760338787222/reviews?hl=en-US
ChZDSUhNMG9nS0VJQ0FnSUNCcmJiRmJnEAE,, a month ago on   Google  ,2023-02-10 14:11:53.122626,4.0,MEHUL PATIL,0,0,https://www.google.com/maps/contrib/101412141875109759742/reviews?hl=en-US
ChdDSUhNMG9nS0VJQ0FnSUNCcmVLLTNRRRAB,, a month ago on   Google  ,2023-02-10 14:11:53.123910,4.0,pradip ingle,0,0,https://www.google.com/maps/contrib/112488181505317452599/reviews?hl=en-US
ChdDSUhNMG9nS0VJQ0FnSUNCamEtNzh3RRAB,"Amazing stay, great hospitality by Shafiq and Siddharth. We bought our New Year here :)", a month ago on   Google  ,2023-02-10 14:11:53.125326,5.0,Aliasgar Banatwala,0,0,https://www.google.com/maps/contrib/113431165688233981795/reviews?hl=en-US
ChZDSUhNMG9nS0VJQ0FnSUNCallfbERBEAE,Amazing Great experience  from Sagar and Mr kazi, a month ago on   Google  ,2023-02-10 14:11:53.126525,5.0,Anjali Nangalia,0,0,https://www.google.com/maps/contrib/114183190259825653212/reviews?hl=en-US
ChZDSUhNMG9nS0VJQ0FnSUNCalo2cklnEAE,, a month ago on   Google  ,2023-02-10 14:11:53.127694,5.0,hardik goradia,0,0,https://www.google.com/maps/contrib/109280269202692987648/reviews?hl=en-US
ChdDSUhNMG9nS0VJQ0FnSUNCbGFLSzhnRRAB,, a month ago on   Google  ,2023-02-10 14:11:53.128936,5.0,Sanjay Kahar,0,0,https://www.google.com/maps/contrib/117381975569968653342/reviews?hl=en-US
ChZDSUhNMG9nS0VJQ0FnSUNCaGI2REVREAE,, a month ago on   Google  ,2023-02-10 14:11:53.130143,3.0,Faraz Shaikh,0,0,https://www.google.com/maps/contrib/115670590806563071047/reviews?hl=en-US
ChdDSUhNMG9nS0VJQ0FnSUNCc2JUUGpRRRAB,, a month ago on   Google  ,2023-02-10 14:11:53.131386,3.0,DR RAHUL PATIL,0,0,https://www.google.com/maps/contrib/103166427242260086756/reviews?hl=en-US
ChZDSUhNMG9nS0VJQ0FnSUNCMGF1UEJREAE,, a month ago on   Google  ,2023-02-10 14:11:53.132523,3.0,Vijaykumar Ingle,0,0,https://www.google.com/maps/contrib/115798115861847162337/reviews?hl=en-US
ChdDSUhNMG9nS0VJQ0FnSUNCX3VTZnd3RRAB,Very good service. Staff was very supportive on time food delivered no need to wait. Thanx Safiq and Siddharth, a month ago on   Google  ,2023-02-10 14:11:53.133711,5.0,Jay Mamtora,0,0,https://www.google.com/maps/contrib/103307799882401486516/reviews?hl=en-US
ChdDSUhNMG9nS0VJQ0FnSUNCdHEtTHpRRRAB,Service is excellent specially shafiq and siddharth are very quick and helpful. Food quality was good, a month ago on   Google  ,2023-02-10 14:12:03.823371,5.0,chandrakant koli,0,0,https://www.google.com/maps/contrib/113162454238815227139/reviews?hl=en-US
ChZDSUhNMG9nS0VJQ0FnSUNCbHBiQmFREAE,, a month ago on   Google  ,2023-02-10 14:12:03.825091,4.0,Prasad Gaikwad,0,0,https://www.google.com/maps/contrib/108747090864530858459/reviews?hl=en-US
ChZDSUhNMG9nS0VJQ0FnSUNCcHRmOUJnEAE,Excellent Service Natural view, a month ago on   Google  ,2023-02-10 14:12:03.826679,5.0,Dipak Waikar,0,0,https://www.google.com/maps/contrib/112222139328242062908/reviews?hl=en-US
ChZDSUhNMG9nS0VJQ0FnSUNCdXZpZEJREAE,, a month ago on   Google  ,2023-02-10 14:12:03.828127,5.0,Matt K,0,0,https://www.google.com/maps/contrib/102210922148628620155/reviews?hl=en-US
ChZDSUhNMG9nS0VJQ0FnSUNCcXNULWNBEAE,, a month ago on   Google  ,2023-02-10 14:12:03.829526,5.0,Sarfraj parmar,0,0,https://www.google.com/maps/contrib/114166567370283182087/reviews?hl=en-US
ChdDSUhNMG9nS0VJQ0FnSUNCZ3Z1Rm13RRAB,"Lock are not working, handles broken. Few of the hospitality guys were rude and couple were helpful. Face lot of water issue.", a month ago on   Google  ,2023-02-10 14:12:03.830937,3.0,Makks Kothari,0,0,https://www.google.com/maps/contrib/111816388357506762007/reviews?hl=en-US
ChZDSUhNMG9nS0VJQ0FnSUNCX09tNVVBEAE,, a month ago on   Google  ,2023-02-10 14:12:03.832337,4.0,Gaurav Bonde,0,0,https://www.google.com/maps/contrib/114014661719238971270/reviews?hl=en-US
ChZDSUhNMG9nS0VJQ0FnSUNCekt2OEF3EAE,I attended a wedding and it was overall a good experience.., a month ago on   Google  ,2023-02-10 14:12:03.833869,4.0,Gayatri More,0,0,https://www.google.com/maps/contrib/114145031943994376116/reviews?hl=en-US
ChdDSUhNMG9nS0VJQ0FnSUNCek9tNnZ3RRAB,, a month ago on   Google  ,2023-02-10 14:12:03.836159,4.0,zarina Agwan,0,0,https://www.google.com/maps/contrib/109817290604800086370/reviews?hl=en-US
ChdDSUhNMG9nS0VJQ0FnSUNCbE1lOC1BRRAB,Best, a month ago on   Google  ,2023-02-10 14:12:03.837790,5.0,Ajaj Rangrej,0,0,https://www.google.com/maps/contrib/114616859547549427762/reviews?hl=en-US
ChZDSUhNMG9nS0VJQ0FnSUNCd0tMN1RnEAE,, a month ago on   Google  ,2023-02-10 14:12:14.591462,5.0,Traveller touch ट्रॅव्हेलर टच,0,0,https://www.google.com/maps/contrib/113546453546845949958/reviews?hl=en-US
ChZDSUhNMG9nS0VJQ0FnSUQtMTlfSGN3EAE,, a month ago on   Google  ,2023-02-10 14:12:14.592653,3.0,Divya Surana,0,0,https://www.google.com/maps/contrib/109926140909098175505/reviews?hl=en-US
ChZDSUhNMG9nS0VJQ0FnSUQtbDdpRUl3EAE,, a month ago on   Google  ,2023-02-10 14:12:14.593862,3.0,Saud S,0,0,https://www.google.com/maps/contrib/104475604540498627007/reviews?hl=en-US
ChdDSUhNMG9nS0VJQ0FnSUQtcF9yZDZnRRAB,, a month ago on   Google  ,2023-02-10 14:12:14.595013,5.0,ricky pathak,0,0,https://www.google.com/maps/contrib/114458247445056212728/reviews?hl=en-US
ChdDSUhNMG9nS0VJQ0FnSUQtMjgzU3F3RRAB,, a month ago on   Google  ,2023-02-10 14:12:14.596137,5.0,Abhishek Deshmukh,0,0,https://www.google.com/maps/contrib/110048645598475140940/reviews?hl=en-US
ChZDSUhNMG9nS0VJQ0FnSUQtcThEUUtBEAE,, 2 months ago on   Google  ,2023-02-10 14:12:14.597411,3.0,Santosh M,0,0,https://www.google.com/maps/contrib/109911818306570193822/reviews?hl=en-US
ChdDSUhNMG9nS0VJQ0FnSUQtbzZ1SjNRRRAB,, 2 months ago on   Google  ,2023-02-10 14:12:14.598633,1.0,Manish Konde,0,0,https://www.google.com/maps/contrib/106906857408695728353/reviews?hl=en-US
ChZDSUhNMG9nS0VJQ0FnSUQtdzYtV2F3EAE,, 2 months ago on   Google  ,2023-02-10 14:12:14.599904,5.0,Mudassir Mandlekar,0,0,https://www.google.com/maps/contrib/110727846248611798925/reviews?hl=en-US
ChZDSUhNMG9nS0VJQ0FnSUQtNnF1NERnEAE,, 2 months ago on   Google  ,2023-02-10 14:12:14.601192,4.0,swapnil gandhi,0,0,https://www.google.com/maps/contrib/106073922276169955915/reviews?hl=en-US
ChdDSUhNMG9nS0VJQ0FnSUQtbnNyT3FRRRAB,"(Translated by Google) Natural and horse legs with pleasant experience, best facility, value for money. Nature graceful and salant feeling. …", 2 months ago on   Google  ,2023-02-10 14:12:14.602313,5.0,Ajij Tamboli (वारसि चिश्ति),0,0,https://www.google.com/maps/contrib/104389472507825692040/reviews?hl=en-US
ChZDSUhNMG9nS0VJQ0FnSUQtN002OGFREAE,, 2 months ago on   Google  ,2023-02-10 14:12:24.896087,4.0,vikas dabade,0,0,https://www.google.com/maps/contrib/100759172392911090888/reviews?hl=en-US
ChZDSUhNMG9nS0VJQ0FnSUQtN0tiU1p3EAE,, 2 months ago on   Google  ,2023-02-10 14:12:24.897329,5.0,shivaji Videkar,0,0,https://www.google.com/maps/contrib/109097594756964848340/reviews?hl=en-US
ChdDSUhNMG9nS0VJQ0FnSUQtbEstRDJBRRAB,Great room with great amenities, 2 months ago on   Google  ,2023-02-10 14:12:24.898518,5.0,Sarah Shaikh,0,0,https://www.google.com/maps/contrib/118361771584598417723/reviews?hl=en-US
ChdDSUhNMG9nS0VJQ0FnSUQtbFBlVDl3RRAB,Loved the whole vibe of the place. Staff is very friendly. Must visit with friends and family!!, 2 months ago on   Google  ,2023-02-10 14:12:24.899724,5.0,Bhavesha Khilosia,0,0,https://www.google.com/maps/contrib/117247041169575535321/reviews?hl=en-US
ChZDSUhNMG9nS0VJQ0FnSUQtbE9lTWRnEAE,Gr8 place to stay for family or friends. We had a ball of a time. Strongly recommend!!!!!!!, 2 months ago on   Google  ,2023-02-10 14:12:24.901010,5.0,Asif Shaikh,0,0,https://www.google.com/maps/contrib/103027299454442122592/reviews?hl=en-US
ChdDSUhNMG9nS0VJQ0FnSUQtbE1mSGxRRRAB,Very cool place ; absolutely loved our stay. Highly recommended!!!!!, 2 months ago on   Google  ,2023-02-10 14:12:24.902204,5.0,Aman Mahajan,0,0,https://www.google.com/maps/contrib/100946260988242375764/reviews?hl=en-US
ChZDSUhNMG9nS0VJQ0FnSUQtbFB1UlVnEAE,Absolutely loved our stay. Great place to visit with family and friends…! Well maintained., 2 months ago on   Google  ,2023-02-10 14:12:24.903416,5.0,Riddhi Chawda,0,0,https://www.google.com/maps/contrib/115299321714853777885/reviews?hl=en-US
ChZDSUhNMG9nS0VJQ0FnSUQtbEt2TmRnEAE,, 2 months ago on   Google  ,2023-02-10 14:12:24.904591,5.0,Saqlain Shaikh,0,0,https://www.google.com/maps/contrib/111500031029806431890/reviews?hl=en-US
ChdDSUhNMG9nS0VJQ0FnSUQtaUx1TnZ3RRAB,, 2 months ago on   Google  ,2023-02-10 14:12:24.905718,5.0,Akshay Boritkar,0,0,https://www.google.com/maps/contrib/118292756699544775300/reviews?hl=en-US
ChRDSUhNMG9nS0VJQ0FnSUQtb093dxAB,Road wasn't good and ways to insects and bugs at night, 2 months ago on   Google  ,2023-02-10 14:12:24.906774,1.0,Prasad Dhangade,0,0,https://www.google.com/maps/contrib/117426820085758402856/reviews?hl=en-US
ChdDSUhNMG9nS0VJQ0FnSUMtdDR5WDBBRRAB,"Bungalow was amazing, Excellent Hospitality,Food was delicious,loved the property,Thanks to the owner MR BABLUBHAI and Jignabeen Had a wonderful time.", 2 months ago on   Google  ,2023-02-10 14:12:36.132780,4.0,Nikhil Pandya,0,0,https://www.google.com/maps/contrib/116965216149497211474/reviews?hl=en-US
ChZDSUhNMG9nS0VJQ0FnSUMtdTltbFpBEAE,, 2 months ago on   Google  ,2023-02-10 14:12:36.134121,5.0,Pawan Mathur,0,0,https://www.google.com/maps/contrib/112415223049072741812/reviews?hl=en-US
ChZDSUhNMG9nS0VJQ0FnSUMtbTZfVU5BEAE,the villas are very nice they have kitchen with basic facilities .. the best part each villa comes with a private pool.. the staff is very accommodating . Food is nice too .. both veg and non veg available.. we went for a wedding the lawn …, 2 months ago on   Google  ,2023-02-10 14:12:36.135313,4.0,Juveria Malbarwala,0,0,https://www.google.com/maps/contrib/100486431288818901920/reviews?hl=en-US
ChdDSUhNMG9nS0VJQ0FnSUMtbV91c3BnRRAB,Excellent!!!, 2 months ago on   Google  ,2023-02-10 14:12:36.136585,5.0,Awais Darbar,0,0,https://www.google.com/maps/contrib/116793928064540292348/reviews?hl=en-US
ChZDSUhNMG9nS0VJQ0FnSUMteVpIZkRREAE,, 3 months ago on   Google  ,2023-02-10 14:12:36.137916,5.0,Sakshi More,0,0,https://www.google.com/maps/contrib/114161808932489441989/reviews?hl=en-US
ChZDSUhNMG9nS0VJQ0FnSUMteWNqbmVnEAE,Wonder full, 3 months ago on   Google  ,2023-02-10 14:12:36.139144,5.0,Swapnil Pawar,0,0,https://www.google.com/maps/contrib/103401902827215365944/reviews?hl=en-US
ChZDSUhNMG9nS0VJQ0FnSUMtMGVUZFNnEAE,Very good service by safik and siddartha, 3 months ago on   Google  ,2023-02-10 14:12:36.140389,5.0,Vandana Singh,0,0,https://www.google.com/maps/contrib/107991489769268156850/reviews?hl=en-US
ChdDSUhNMG9nS0VJQ0FnSUMtMGVTOF93RRAB,"This is an amazing place to come with your family and friends with, loved the experience the food quality is also good. There are many site seeings and additional activities to do inside… must visit safik and sidharth …", 3 months ago on   Google  ,2023-02-10 14:12:36.141637,5.0,Aarya Singh,0,0,https://www.google.com/maps/contrib/113394418863788592656/reviews?hl=en-US
ChZDSUhNMG9nS0VJQ0FnSUMtNGQ3ZVNnEAE,It's a great place. Would recommend it anytime. Safik and Siddharth provide good and fast service. Thank you., 3 months ago on   Google  ,2023-02-10 14:12:36.142906,5.0,Emardy Zerocool,0,0,https://www.google.com/maps/contrib/114803514207426103808/reviews?hl=en-US
ChdDSUhNMG9nS0VJQ0FnSUMtd3VLN3lnRRAB,Service is excellent and quick by Safiq and Siddharth  … also the stay is nice, 3 months ago on   Google  ,2023-02-10 14:12:36.145161,5.0,Nidhi Jathar,0,0,https://www.google.com/maps/contrib/103579046119996673910/reviews?hl=en-US
ChdDSUhNMG9nS0VJQ0FnSUMtZ3M2N2tRRRAB,Amazing place for friends get-together and family. 😇 Safe and secure environment for young kids as well. Great food and service. Our House Manager Shafiq & Siddarth were really good …, 3 months ago on   Google  ,2023-02-10 14:12:46.732301,5.0,Maaz Memon,0,0,https://www.google.com/maps/contrib/111121008366252457561/reviews?hl=en-US
ChZDSUhNMG9nS0VJQ0FnSUMtZ3VDT1NBEAE,It was a very nice place. Shafiq and Siddhartha had good services., 3 months ago on   Google  ,2023-02-10 14:12:46.733584,5.0,homie mastermind,0,0,https://www.google.com/maps/contrib/108512523151215303283/reviews?hl=en-US
ChdDSUhNMG9nS0VJQ0FnSUMtX0tINWtnRRAB,Excellent for staying in bungalows., 3 months ago on   Google  ,2023-02-10 14:12:46.734849,4.0,Parin Patel,0,0,https://www.google.com/maps/contrib/108960769694721482174/reviews?hl=en-US
ChdDSUhNMG9nS0VJQ0FnSUMtbU5XX2d3RRAB,"It was the first experience of Paritosh Dey, Co-Founder & CEO, Benling India Energy and Technology Pvt Ltd.  I enjoyed  here every second of it.. like food, swimming, horse riding jeep line and many more and one of the most important part …", 3 months ago on   Google  ,2023-02-10 14:12:46.736193,5.0,Nitesh Kumar Yadav,0,0,https://www.google.com/maps/contrib/117361675475433040089/reviews?hl=en-US
ChdDSUhNMG9nS0VJQ0FnSUMtcUlmOHhBRRAB,Hospitality was amazing by staff Specially Mr. Shafiq! Response time was excellent, 3 months ago on   Google  ,2023-02-10 14:12:46.737611,5.0,aamir shaikh,0,0,https://www.google.com/maps/contrib/104885906107929320994/reviews?hl=en-US
ChZDSUhNMG9nS0VJQ0FnSUMtb0tpSlBBEAE,"Very nice atmosphere, clean villas very friendly staff sahfik and pappu is nicely clean meantain  property timely service.", 3 months ago on   Google  ,2023-02-10 14:12:46.738799,5.0,amit khobragade,0,0,https://www.google.com/maps/contrib/111385080152241746011/reviews?hl=en-US
ChdDSUhNMG9nS0VJQ0FnSURleF8tR3l3RRAB,, 3 months ago on   Google  ,2023-02-10 14:12:46.740027,5.0,Ganesh Shinde,0,0,https://www.google.com/maps/contrib/118051086588577994103/reviews?hl=en-US
ChZDSUhNMG9nS0VJQ0FnSURlbTdYZlBnEAE,Great place to be with family n friends. Not forgetting the manager here Safiq who is really helpful n cooperative n Adul Saqtar manager support team whi is helpful organising things here., 3 months ago on   Google  ,2023-02-10 14:12:46.741251,5.0,Savio Dsouza,0,0,https://www.google.com/maps/contrib/102238581306120463639/reviews?hl=en-US
ChZDSUhNMG9nS0VJQ0FnSURldzU2dEl3EAE,Enjoyed the stay. Shafiq and siddhart are the most helpful and friendly staff you can get. Good place Will recommend Manager supports really well abdul sattar, 3 months ago on   Google  ,2023-02-10 14:12:46.742417,5.0,Nikhil Mahyavanshi,0,0,https://www.google.com/maps/contrib/110893234251800397772/reviews?hl=en-US
ChdDSUhNMG9nS0VJQ0FnSURlcmVEcXF3RRAB,I have Visited this place second time 1st I visited with my cousin for 3 days for Holi festival and this time  last weekend with my friends both time was alloted the same Villas. The location of this place is very good especially for …, 3 months ago on   Google  ,2023-02-10 14:12:46.743576,5.0,pratiksha dandekar,0,0,https://www.google.com/maps/contrib/113133415017477439998/reviews?hl=en-US
ChZDSUhNMG9nS0VJQ0FnSURlemFIZE1REAE,Best care taker with best services on one call by shafique and siddhart hope by next time i see them again, 3 months ago on   Google  ,2023-02-10 14:12:58.463637,5.0,Kabir Hasan,0,0,https://www.google.com/maps/contrib/108081023684439365046/reviews?hl=en-US
ChdDSUhNMG9nS0VJQ0FnSURlOWNpRTdBRRAB,Rooms were clean.Also Shafiq and Siddharth provided great service. AWESOME food. Will definition visit again, 3 months ago on   Google  ,2023-02-10 14:12:58.464895,5.0,Rohit Nair,0,0,https://www.google.com/maps/contrib/118210066319138359886/reviews?hl=en-US
ChdDSUhNMG9nS0VJQ0FnSURlM056ZXN3RRAB,, 4 months ago on   Google  ,2023-02-10 14:12:58.466138,3.0,MuRtUz Shihorwala,0,0,https://www.google.com/maps/contrib/109717251183165283795/reviews?hl=en-US
ChdDSUhNMG9nS0VJQ0FnSURlMU0zQXVBRRAB,, 4 months ago on   Google  ,2023-02-10 14:12:58.467399,4.0,Chintan Doshi,0,0,https://www.google.com/maps/contrib/115814038152478587636/reviews?hl=en-US
ChdDSUhNMG9nS0VJQ0FnSUNlaC1HdzNRRRAB,Nice place to stay with family Service was also good …, 4 months ago on   Google  ,2023-02-10 14:12:58.468588,4.0,Jay Mehta,0,0,https://www.google.com/maps/contrib/118114632116430516589/reviews?hl=en-US
ChdDSUhNMG9nS0VJQ0FnSUNlLTQ3UC1nRRAB,Best service. Staff member Shafiq and Siddharth are very helpful. Food quality was good., 4 months ago on   Google  ,2023-02-10 14:12:58.469838,5.0,Sagar Kadam,0,0,https://www.google.com/maps/contrib/102238017300777882378/reviews?hl=en-US
ChdDSUhNMG9nS0VJQ0FnSUNlczlQcDZnRRAB,, 4 months ago on   Google  ,2023-02-10 14:12:58.470941,5.0,Nashir Shah,0,0,https://www.google.com/maps/contrib/117273207201945370191/reviews?hl=en-US
ChZDSUhNMG9nS0VJQ0FnSUNlMll2dktREAE,"Good ambiance , clean and service provide  Safiqul and siddharth is very good..Food is also good.", 4 months ago on   Google  ,2023-02-10 14:12:58.472149,5.0,swapnil rakte,0,0,https://www.google.com/maps/contrib/113734840522955365932/reviews?hl=en-US
ChZDSUhNMG9nS0VJQ0FnSUNlMmZ6Qk93EAE,Service was good.. Must visit, 4 months ago on   Google  ,2023-02-10 14:12:58.473358,5.0,zil shah,0,0,https://www.google.com/maps/contrib/105895411429485182196/reviews?hl=en-US
ChdDSUhNMG9nS0VJQ0FnSUNlbHI2LW5RRRAB,Ideal for groups, 4 months ago on   Google  ,2023-02-10 14:12:58.474542,5.0,Zenia Fernandes,0,0,https://www.google.com/maps/contrib/114353635053825865504/reviews?hl=en-US
ChdDSUhNMG9nS0VJQ0FnSUNlbXFtSzB3RRAB,The place is good for family members as well as group of friends. The staff are very polite and get the work done. Mr Kazi is very helpful and gets the arrangement done on time., 4 months ago on   Google  ,2023-02-10 14:13:10.328583,5.0,Sameer Soni,0,0,https://www.google.com/maps/contrib/109271398042168979517/reviews?hl=en-US
ChdDSUhNMG9nS0VJQ0FnSUNlcXRUeWtnRRAB,, 4 months ago on   Google  ,2023-02-10 14:13:10.330077,2.0,anish sadanandhan,0,0,https://www.google.com/maps/contrib/103228632407258098021/reviews?hl=en-US
ChZDSUhNMG9nS0VJQ0FnSUNleW91NEJBEAE,Excellent service and food was also good Safiq and siddharth was helping us very well...do visit it is really good, 4 months ago on   Google  ,2023-02-10 14:13:10.331510,5.0,Rohan Sawant,0,0,https://www.google.com/maps/contrib/100873445140236862160/reviews?hl=en-US
ChdDSUhNMG9nS0VJQ0FnSUNlNU1INDFnRRAB,, 5 months ago on   Google  ,2023-02-10 14:13:10.332957,5.0,sanket mhatre,0,0,https://www.google.com/maps/contrib/114103312203999577120/reviews?hl=en-US
ChdDSUhNMG9nS0VJQ0FnSUNlc1AyX3RnRRAB,Nice view of hill peaceful nice pool good for family and couples as well, 5 months ago on   Google  ,2023-02-10 14:13:10.334382,5.0,Saymakhan Khan,0,0,https://www.google.com/maps/contrib/105735264896364815690/reviews?hl=en-US
ChdDSUhNMG9nS0VJQ0FnSUNlc0wyVWtRRRAB,Nice property good for family and couple as well staff are very helpful, 5 months ago on   Google  ,2023-02-10 14:13:10.335744,5.0,Farhan Khan,0,0,https://www.google.com/maps/contrib/100616127167365989365/reviews?hl=en-US
ChdDSUhNMG9nS0VJQ0FnSUNlc0wzNGlBRRAB,Amazing place .. must visit, 5 months ago on   Google  ,2023-02-10 14:13:10.337144,5.0,Pari khan,0,0,https://www.google.com/maps/contrib/101760334430165654669/reviews?hl=en-US
ChdDSUhNMG9nS0VJQ0FnSUNlc04yUy1nRRAB,Great experience nice view clean and hygiene maintained, 5 months ago on   Google  ,2023-02-10 14:13:10.338548,5.0,Adnan Khan,0,0,https://www.google.com/maps/contrib/111584880796953216380/reviews?hl=en-US
ChdDSUhNMG9nS0VJQ0FnSUNlNE1uLTVRRRAB,Excellent property clean and hygienic pool nice experience, 5 months ago on   Google  ,2023-02-10 14:13:10.339918,5.0,faayez khan,0,0,https://www.google.com/maps/contrib/102743230835207319649/reviews?hl=en-US
ChdDSUhNMG9nS0VJQ0FnSUR1aDYzSjRBRRAB,, 5 months ago on   Google  ,2023-02-10 14:13:10.341356,5.0,Stuti Ashar,0,0,https://www.google.com/maps/contrib/103409730895391245979/reviews?hl=en-US
ChZDSUhNMG9nS0VJQ0FnSUR1bV9HalVnEAE,, 5 months ago on   Google  ,2023-02-10 14:13:21.978547,5.0,SHOBHIT TEWARI,0,0,https://www.google.com/maps/contrib/116529998380518493593/reviews?hl=en-US
ChdDSUhNMG9nS0VJQ0FnSUR1bzRPbTZ3RRAB,The food was excellent. Rooms need maintenance and cleaning., 5 months ago on   Google  ,2023-02-10 14:13:21.979895,4.0,Binay Chaudhary,0,0,https://www.google.com/maps/contrib/116247508068231254157/reviews?hl=en-US
ChdDSUhNMG9nS0VJQ0FnSUR1NDctQXR3RRAB,, 5 months ago on   Google  ,2023-02-10 14:13:21.981277,5.0,Rampukar Tiwari,0,0,https://www.google.com/maps/contrib/118094620390066171133/reviews?hl=en-US
ChdDSUhNMG9nS0VJQ0FnSUR1X2ZMVjB3RRAB,(Translated by Google) Super.. paisa the dish.....🤑💯  (Original) Super.. paisa vasul.....🤑💯 …, 5 months ago on   Google  ,2023-02-10 14:13:21.982497,5.0,Anand Rohimal,0,0,https://www.google.com/maps/contrib/102589082921687564251/reviews?hl=en-US
ChZDSUhNMG9nS0VJQ0FnSUR1bmYtREFREAE,, 5 months ago on   Google  ,2023-02-10 14:13:21.983794,4.0,Suhas Sambhus,0,0,https://www.google.com/maps/contrib/106077772562929207515/reviews?hl=en-US
ChZDSUhNMG9nS0VJQ0FnSUR1emZPUVN3EAE,"Rooms were neat, clean, tidy n very spacious. Loved the pin drop silence around. Ideal to enjoy with your family n friends. especially (Nasir bhai a big thanks to you ,you helped us a lot beacuse of nasir bhai a big 5 star review to the …", 5 months ago on   Google  ,2023-02-10 14:13:21.985120,5.0,Sachin saroj 2326,0,0,https://www.google.com/maps/contrib/100201665652726406576/reviews?hl=en-US
ChdDSUhNMG9nS0VJQ0FnSUR1elltRjBRRRAB,"Beautiful rooms , interiors and peacefull place!! Highly recommended for  grp parties and who love nature. services at its best specially Nasir ji.. he attended all our requests with a smile!!! Thank you Holiday aapke liye for beautiful stay!", 5 months ago on   Google  ,2023-02-10 14:13:21.986318,5.0,Nisha Singh,0,0,https://www.google.com/maps/contrib/113496246659557364599/reviews?hl=en-US
ChdDSUhNMG9nS0VJQ0FnSUR1emFMampnRRAB,, 5 months ago on   Google  ,2023-02-10 14:13:21.987531,5.0,Omkar Lad,0,0,https://www.google.com/maps/contrib/112264630080131323531/reviews?hl=en-US
ChZDSUhNMG9nS0VJQ0FnSUR1cGFQY0tBEAE,"Astonishing place, trust me it’s worth visiting.", 5 months ago on   Google  ,2023-02-10 14:13:21.988759,5.0,Krushal Henny,0,0,https://www.google.com/maps/contrib/118052257691292346395/reviews?hl=en-US
ChZDSUhNMG9nS0VJQ0FnSUR1eGFiYUNREAE,"23rd august  I celebrated my birthday with my friends here in holiday apke liye .. we all loved this place rooms are fully furnished spacious  nice and clean .. Entire villa was well maintained food quality was  excellent , staff was …", 5 months ago on   Google  ,2023-02-10 14:13:21.990988,5.0,Rajesh Shetty,0,0,https://www.google.com/maps/contrib/116073191273444601106/reviews?hl=en-US
ChdDSUhNMG9nS0VJQ0FnSUNtb05PNHJnRRAB,"Overall, I had a great experience with the Holiday Aapke Liye, Safest place to visit, The room was wonderful, clean, and perfect to celebrate a birthday, Staff was incredibly helpful, and the amenities were great, they also were able give …", 5 months ago on   Google  ,2023-02-10 14:13:34.269169,5.0,Suman Parki,0,0,https://www.google.com/maps/contrib/102713282597694442140/reviews?hl=en-US
ChZDSUhNMG9nS0VJQ0FnSUR1eFpTRlV3EAE,"We had a very beautiful birthday party At Holiday Aapke Liye... and we liked that place very much.  The climate there was very nice, never seen such a good atmosphere …", 5 months ago on   Google  ,2023-02-10 14:13:34.270447,5.0,Shanti Parki,0,0,https://www.google.com/maps/contrib/108993918820003753338/reviews?hl=en-US
ChZDSUhNMG9nS0VJQ0FnSUR1eGJEVENBEAE,"It was a amazing Experience stay for 2 days in Holiday aapke liye, Khopoli. We visited this place with my friends for b'day celebration... The Villa's are spacious , hygiene and well maintained with attached pool and balcony very …", 5 months ago on   Google  ,2023-02-10 14:13:34.271736,5.0,Swati Bhadarage,0,0,https://www.google.com/maps/contrib/115277105723698812911/reviews?hl=en-US
ChdDSUhNMG9nS0VJQ0FnSUR1d2RlLXNRRRAB,, 5 months ago on   Google  ,2023-02-10 14:13:34.273217,5.0,Susmita Banerjee,0,0,https://www.google.com/maps/contrib/114429200211552935990/reviews?hl=en-US
ChZDSUhNMG9nS0VJQ0FnSUR1Z1luVWV3EAE,Awesome, 5 months ago on   Google  ,2023-02-10 14:13:34.274571,5.0,Manish Mitna,0,0,https://www.google.com/maps/contrib/116766867171662761327/reviews?hl=en-US
ChZDSUhNMG9nS0VJQ0FnSUR1X3V5c1FnEAE,, 5 months ago on   Google  ,2023-02-10 14:13:34.275779,5.0,Patel Parth,0,0,https://www.google.com/maps/contrib/116146612217062930653/reviews?hl=en-US
ChdDSUhNMG9nS0VJQ0FnSUR1MXJMOXRRRRAB,Property is located in a beautiful place with 360 degree hill views!, 5 months ago on   Google  ,2023-02-10 14:13:34.277096,4.0,Rohan Shambharkar,0,0,https://www.google.com/maps/contrib/110094342841447973661/reviews?hl=en-US
ChdDSUhNMG9nS0VJQ0FnSUR1bXVtVDFBRRAB,"The place is simply amazing with big spacious rooms. It makes you remind 'ghar ka khana' with excellent service by the staff. Those from Mumbai, this can be a great place to relax without much of travelling. Extremely clean property.", 5 months ago on   Google  ,2023-02-10 14:13:34.278418,4.0,Apeksha Thakkar,0,0,https://www.google.com/maps/contrib/110748810090946091579/reviews?hl=en-US
ChdDSUhNMG9nS0VJQ0FnSUR1NnRfR2tRRRAB,Had loads of fun... privacy..👌... service 👌....value for money...👍.... hygiene...🤘.... looking forward... again and again....😍❤️❤️❤️❤️❤️❤️....🌟🌟🌟🌟🌟 …, 5 months ago on   Google  ,2023-02-10 14:13:34.279705,5.0,Keeran.S Rambhia,0,0,https://www.google.com/maps/contrib/105231689910669675269/reviews?hl=en-US
ChZDSUhNMG9nS0VJQ0FnSUR1c3FIUkVnEAE,"It was an average experience overall. First of all the pool was dirty and it had too much chlorine. The staff members were OK and the rooms were pretty cosy, but the the ac had too much power. I …", 5 months ago on   Google  ,2023-02-10 14:13:34.280991,3.0,Mimi,0,0,https://www.google.com/maps/contrib/117120410787113384593/reviews?hl=en-US
ChZDSUhNMG9nS0VJQ0FnSUR1c3BqSmZBEAE,"For Couple rooms, there were no amenities & cleanliness maintained. Starting entry matt missing, water bottles where not given as complimentary unlike other similar graded hotels, there where no chairs or tables which was making …", 5 months ago on   Google  ,2023-02-10 14:13:47.224275,2.0,Dhiral joshi,0,0,https://www.google.com/maps/contrib/103204475808405513937/reviews?hl=en-US
ChZDSUhNMG9nS0VJQ0FnSUR1MHQyUlFBEAE,Good place to hang out with your loved ones.. Although service wasn't upto the mark.., 5 months ago on   Google  ,2023-02-10 14:13:47.225892,4.0,Vicky Pawar,0,0,https://www.google.com/maps/contrib/109886213868444157259/reviews?hl=en-US
ChZDSUhNMG9nS0VJQ0FnSUR1dklqX0RBEAE,, 5 months ago on   Google  ,2023-02-10 14:13:47.227442,5.0,Aradhana Thareja,0,0,https://www.google.com/maps/contrib/103563934703028741738/reviews?hl=en-US
ChZDSUhNMG9nS0VJQ0FnSUR1M04tUmNnEAE,, 5 months ago on   Google  ,2023-02-10 14:13:47.228945,4.0,Divya Jyoti Dutta,0,0,https://www.google.com/maps/contrib/100488367521915651249/reviews?hl=en-US
ChdDSUhNMG9nS0VJQ0FnSUR1N01iaW9BRRAB,, 5 months ago on   Google  ,2023-02-10 14:13:47.230403,5.0,Pratik Thakkar,0,0,https://www.google.com/maps/contrib/105590602716956041216/reviews?hl=en-US
ChZDSUhNMG9nS0VJQ0FnSUR1ck1hNURBEAE,Rooms are good but not maintain...very bad smell in Bathroom.....Room service ok but not as one should appreciate...Location good but as per rate not value for money....food is good but service should b improve....at least Tea and Coffee …, 5 months ago on   Google  ,2023-02-10 14:13:47.231776,2.0,Mukesh Chothani,0,0,https://www.google.com/maps/contrib/106279571381184045976/reviews?hl=en-US
ChZDSUhNMG9nS0VJQ0FnSUR1ckxyU2FnEAE,"We visited last weekend and stayed in Villa 14.. The care taker Pappu gave us the best service.. the place and the location was great with some activities like zip line, horse ride and Atv ride .. overall a good experience", 5 months ago on   Google  ,2023-02-10 14:13:47.234208,5.0,Sagar WARADKAR,0,0,https://www.google.com/maps/contrib/117236609306008655347/reviews?hl=en-US
ChdDSUhNMG9nS0VJQ0FnSUR1ektEQTVBRRAB,Food is good. Location is also good. Rooms and bathrooms are not upto the mark. They are big but not clean and well maintained.  Hard water marks can be seen all over in bathrooms.  Swimming pool is too small to enjoy by the group of …, 5 months ago on   Google  ,2023-02-10 14:13:47.235627,3.0,Vaibhav Patil,0,0,https://www.google.com/maps/contrib/103191718231779173343/reviews?hl=en-US
ChdDSUhNMG9nS0VJQ0FnSUR1cE1TbzdnRRAB,, 5 months ago on   Google  ,2023-02-10 14:13:47.237152,4.0,Rupen Khona,0,0,https://www.google.com/maps/contrib/105669603788873150026/reviews?hl=en-US
ChZDSUhNMG9nS0VJQ0FnSUNxd29DS0RBEAE,"Amazing stay, Beautiful villas gives the feel of Switzerland, Superb ambiance, great hospitality and lovely food. Extra curricular activities made it more special. Keep it up!", 5 months ago on   Google  ,2023-02-10 14:13:47.238740,5.0,Gurpreet Kaur Chadha,0,0,https://www.google.com/maps/contrib/102716280763579352428/reviews?hl=en-US
ChdDSUhNMG9nS0VJQ0FnSUN1Xy1fQWh3RRAB,Amazing place Amazing food Mind blowing view …, 5 months ago on   Google  ,2023-02-10 14:14:00.343335,5.0,mini chadha,0,0,https://www.google.com/maps/contrib/115257221651877270598/reviews?hl=en-US
ChZDSUhNMG9nS0VJQ0FnSUN1XzllVk93EAE,An excellent property to stay with family beautiful locations exotic birds zoo lovely food :, 5 months ago on   Google  ,2023-02-10 14:14:00.344771,5.0,Raminder Kaur,0,0,https://www.google.com/maps/contrib/105854725078655633303/reviews?hl=en-US
ChZDSUhNMG9nS0VJQ0FnSUN1MS1yT05REAE,We visited this place this weekend..villas are spacious n well maintained with a pool  we were in villa no 12 n a great view of river side n the care taker guy name (pappu) he was very nice n providing our needs n everything very soon n …, 6 months ago on   Google  ,2023-02-10 14:14:00.346179,5.0,Yogesh Parmar,0,0,https://www.google.com/maps/contrib/116699847866330550851/reviews?hl=en-US
ChdDSUhNMG9nS0VJQ0FnSUN1LTg3UmhRRRAB,Good place for office picnic as well as family outing, 6 months ago on   Google  ,2023-02-10 14:14:00.347479,5.0,Amruta Kulkarni,0,0,https://www.google.com/maps/contrib/116375742585057799853/reviews?hl=en-US
ChZDSUhNMG9nS0VJQ0FnSUN1LTRMb0ZnEAE,Food quality & quantity can be improved. Cleanliness needs more attention . After a villa is booked it should be sparkling clean before the guests arrive. Thats my only suggestion. Service staff is helpful & prompt. Villas are well equipped., 6 months ago on   Google  ,2023-02-10 14:14:00.348727,3.0,Gauree Shah Sawant,0,0,https://www.google.com/maps/contrib/107737138954943222622/reviews?hl=en-US
ChZDSUhNMG9nS0VJQ0FnSUN1NjctYWJREAE,, 6 months ago on   Google  ,2023-02-10 14:14:00.350068,3.0,Dhara Soni,0,0,https://www.google.com/maps/contrib/101869886201347471751/reviews?hl=en-US
ChdDSUhNMG9nS0VJQ0FnSUN1MWN1VjlRRRAB,"Beautiful place, food feels like home made... but the rooms are ok.", 6 months ago on   Google  ,2023-02-10 14:14:00.351345,4.0,Shivani panigrahi,0,0,https://www.google.com/maps/contrib/104239770081573031664/reviews?hl=en-US
ChdDSUhNMG9nS0VJQ0FnSUN1LVltVTdnRRAB,, 6 months ago on   Google  ,2023-02-10 14:14:00.352709,4.0,Komal Jangid,0,0,https://www.google.com/maps/contrib/101654097404835759407/reviews?hl=en-US
ChdDSUhNMG9nS0VJQ0FnSUN1eWJMRndBRRAB,"Booked and travelled in rush but not disappointed.. perfect place to hangout with friends and family.. Rooms were clean, scenic beauties of the location restricts your mood to get out of it.. Will visit in coming days soon.. Thank you for your hospitality", 6 months ago on   Google  ,2023-02-10 14:14:00.354100,5.0,jayprakash singh,0,0,https://www.google.com/maps/contrib/102514151721169673919/reviews?hl=en-US
ChRDSUhNMG9nS0VJQ0FnSUNvc3FRMhAB,Superb hospitality  with great service and well maintained property perfect for weekend get away Special thanks to shafik and sidharth for best service, 6 months ago on   Google  ,2023-02-10 14:14:00.356979,5.0,HARSHIL SHAH,0,0,https://www.google.com/maps/contrib/107778339010511870195/reviews?hl=en-US
